transit_id,service_date,day_type,bus,rail_boardings,total_rides
1,02/01/2010,W,1091041,648428,1739469
2,07/15/2006,A,603018,412144,1015162
3,08/26/2017,A,487453,446049,933502
4,12/25/2007,U,249699,111582,361281
5,07/08/2005,W,950222,591325,1541547
6,01/05/2006,W,766560,550285,1316845
7,11/14/2023,W,581009,424128,1005137
8,11/28/2017,W,847910,753208,1601118
9,05/05/2004,W,1019276,622837,1642113
10,06/16/2014,W,796802,729177,1525979
11,04/01/2017,A,517493,433603,951096
12,07/10/2013,W,961940,756010,1717950
13,01/19/2008,A,414819,231306,646125
14,08/07/2022,U,202042,193344,395386
15,02/19/2003,W,982943,605097,1588040
16,07/23/2017,U,380247,372309,752556
17,02/05/2013,W,1021386,733180,1754566
18,05/29/2002,W,980049,601576,1581625
19,04/17/2019,W,710771,699083,1409854
20,07/09/2014,W,855793,763164,1618957
21,09/20/2011,W,1094671,787667,1882338
22,01/07/2010,W,901941,616491,1518432
23,10/19/2017,W,876423,848003,1724426
24,12/28/2024,A,348599,222891,571490
25,01/06/2006,W,788239,551707,1339946
26,01/05/2005,W,851226,558698,1409924
27,05/31/2023,W,517111,389469,906580
28,10/15/2021,W,456194,338278,794472
29,06/06/2021,U,204309,148509,352818
30,05/10/2002,W,1047188,609528,1656716
31,07/24/2005,U,393689,255844,649533
32,05/03/2009,U,528055,291070,819125
33,04/23/2005,A,541013,297122,838135
34,09/25/2014,W,963447,824454,1787901
35,03/07/2006,W,1006095,626557,1632652
36,04/12/2023,W,516841,388965,905806
37,04/08/2014,W,913012,773383,1686395
38,11/02/2006,W,1012046,671054,1683100
39,03/08/2008,A,590236,294749,884985
40,09/26/2003,W,939175,643987,1583162
41,03/10/2017,W,816750,730837,1547587
42,12/17/2022,A,273704,221530,495234
43,03/18/2015,W,937056,771625,1708681
44,01/28/2004,W,887763,565269,1453032
45,08/26/2019,W,693566,678343,1371909
46,03/12/2016,A,542246,605182,1147428
47,03/17/2010,W,1043518,689789,1733307
48,04/24/2011,U,415484,274724,690208
49,12/02/2003,W,984587,605675,1590262
50,02/20/2018,W,786356,718493,1504849
51,06/30/2014,W,766381,697417,1463798
52,05/12/2003,W,956974,580553,1537527
53,03/12/2015,W,953310,790210,1743520
54,12/21/2007,W,1014168,563789,1577957
55,07/27/2017,W,770692,770016,1540708
56,12/26/2014,W,569843,422543,992386
57,04/15/2007,U,447385,250988,698373
58,04/16/2014,W,866995,757767,1624762
59,12/19/2010,U,404153,269162,673315
60,05/25/2020,U,170039,52921,222960
61,03/09/2003,U,335884,177874,513758
62,09/04/2001,W,1120482,625640,1746122
63,01/24/2013,W,958057,708729,1666786
64,10/03/2005,W,1137817,638813,1776630
65,02/05/2005,A,670035,312338,982373
66,10/12/2014,U,389901,549571,939472
67,02/08/2009,U,469249,245082,714331
68,08/21/2012,W,989240,725406,1714646
69,08/14/2021,A,294345,252710,547055
70,11/25/2015,W,735265,667707,1402972
71,03/10/2003,W,916661,573635,1490296
72,12/01/2022,W,494028,351763,845791
73,01/11/2002,W,1006535,591718,1598253
74,03/28/2018,W,719691,695373,1415064
75,07/20/2011,W,908375,711617,1619992
76,01/27/2003,W,922033,564295,1486328
77,10/19/2004,W,1021166,624056,1645222
78,03/26/2024,W,514563,359360,873923
79,02/05/2008,W,1058756,632513,1691269
80,12/30/2013,W,604796,537971,1142767
81,02/25/2024,U,280214,175446,455660
82,07/22/2021,W,390531,275892,666423
83,02/03/2017,W,782899,690415,1473314
84,07/09/2017,U,400539,402561,803100
85,04/29/2002,W,1001321,584792,1586113
86,12/05/2003,W,968576,606672,1575248
87,05/06/2011,W,1054724,732966,1787690
88,11/08/2019,W,718820,702518,1421338
89,03/28/2015,A,539031,429689,968720
90,01/21/2002,W,648994,392312,1041306
91,04/21/2023,W,505681,360742,866423
92,02/25/2018,U,347690,292093,639783
93,08/19/2015,W,801496,768950,1570446
94,03/14/2006,W,1000900,629929,1630829
95,03/26/2009,W,1053676,633781,1687457
96,12/03/2024,W,607733,405908,1013641
97,03/20/2019,W,782960,712714,1495674
98,05/06/2024,W,597540,379559,977099
99,08/27/2022,A,313588,249105,562693
100,01/04/2009,U,402180,213098,615278
101,02/28/2016,U,385121,323758,708879
102,06/11/2014,W,870560,761366,1631926
103,01/28/2022,W,310477,229809,540286
104,06/19/2006,W,880777,608854,1489631
105,01/23/2020,W,768601,717469,1486070
106,04/26/2015,U,419729,352658,772387
107,06/14/2004,W,947940,569479,1517419
108,07/12/2024,W,548479,381120,929599
109,12/29/2016,W,593626,532909,1126535
110,11/12/2015,W,879349,820988,1700337
111,04/22/2004,W,904333,597088,1501421
112,09/10/2023,U,297306,247808,545114
113,07/07/2002,U,445916,256321,702237
114,07/10/2003,W,893195,614469,1507664
115,04/06/2019,A,487323,414140,901463
116,10/05/2021,W,469691,317319,787010
117,05/27/2009,W,1026962,648266,1675228
118,03/04/2005,W,1027003,589864,1616867
119,05/16/2020,A,204433,60144,264577
120,03/28/2016,W,842760,731858,1574618
121,06/22/2005,W,890705,607690,1498395
122,02/18/2005,W,983784,582874,1566658
123,05/24/2019,W,749827,681443,1431270
124,05/07/2019,W,805130,738981,1544111
125,04/23/2019,W,806358,747351,1553709
126,09/27/2019,W,734962,699996,1434958
127,02/27/2017,W,837214,720932,1558146
128,05/29/2001,W,1003029,595375,1598404
129,10/28/2006,A,622775,364159,986934
130,11/03/2021,W,481029,327770,808799
131,01/24/2020,W,745526,677320,1422846
132,01/12/2022,W,364308,214250,578558
133,12/26/2019,W,517911,402948,920859
134,04/01/2006,A,620450,348344,968794
135,08/20/2016,A,480928,445798,926726
136,11/29/2004,W,962243,588392,1550635
137,07/29/2006,A,593188,423092,1016280
138,05/20/2004,W,971148,604798,1575946
139,06/03/2007,U,461358,263646,725004
140,09/11/2024,W,655564,452664,1108228
141,06/27/2016,W,753543,723488,1477031
142,01/18/2008,W,959859,585432,1545291
143,11/06/2007,W,1063193,655389,1718582
144,08/18/2016,W,740297,743427,1483724
145,04/28/2003,W,962103,582145,1544248
146,05/07/2014,W,967197,773634,1740831
147,11/11/2016,W,715260,721083,1436343
148,12/26/2012,W,616049,428605,1044654
149,07/22/2022,W,426586,323821,750407
150,03/23/2022,W,411053,285528,696581
151,01/28/2013,W,1000004,718545,1718549
152,04/12/2016,W,886265,777658,1663923
153,03/05/2006,U,363219,208605,571824
154,03/24/2021,W,320929,168422,489351
155,05/13/2012,U,455430,321345,776775
156,02/08/2013,W,994675,723430,1718105
157,05/02/2014,W,981085,794448,1775533
158,03/17/2018,A,471682,607823,1079505
159,09/18/2012,W,1009476,774593,1784069
160,01/21/2005,W,968823,591645,1560468
161,04/20/2020,W,225938,79017,304955
162,11/11/2006,A,591773,376391,968164
163,04/17/2022,U,183837,139738,323575
164,01/19/2006,W,983087,634043,1617130
165,02/16/2021,W,206197,114830,321027
166,12/31/2010,W,609114,391713,1000827
167,10/08/2001,W,802729,531294,1334023
168,06/19/2010,A,673052,472662,1145714
169,02/16/2003,U,365939,188276,554215
170,05/08/2015,W,916218,780602,1696820
171,05/24/2013,W,1010765,676692,1687457
172,07/16/2002,W,946077,621832,1567909
173,07/19/2008,A,675968,342834,1018802
174,12/22/2016,W,747188,635174,1382362
175,12/08/2019,U,347917,286023,633940
176,01/27/2008,U,413581,213177,626758
177,10/05/2014,U,420636,353400,774036
178,08/11/2006,W,909305,638056,1547361
179,09/09/2015,W,966510,821823,1788333
180,11/04/2020,W,306904,151147,458051
181,07/26/2018,W,758033,781151,1539184
182,02/02/2023,W,488230,339244,827474
183,12/30/2010,W,754297,524961,1279258
184,05/27/2010,W,995700,697901,1693601
185,08/09/2010,W,902342,647949,1550291
186,10/28/2024,W,611041,389359,1000400
187,11/14/2007,W,1073985,652294,1726279
188,12/17/2012,W,953565,683683,1637248
189,12/26/2024,W,366721,225335,592056
190,08/01/2016,W,805970,779020,1584990
191,09/10/2006,U,379770,245048,624818
192,12/21/2019,A,454167,356991,811158
193,06/22/2019,A,485555,468890,954445
194,01/28/2003,W,952120,598146,1550266
195,10/08/2016,A,537610,546072,1083682
196,04/18/2004,U,423705,227626,651331
197,01/18/2011,W,991055,678327,1669382
198,12/10/2006,U,406068,237226,643294
199,11/19/2022,A,253918,231052,484970
200,01/25/2022,W,352155,234112,586267
201,03/07/2014,W,958096,769821,1727917
202,11/20/2006,W,1022880,638117,1660997
203,08/12/2018,U,372421,371962,744383
204,04/14/2021,W,320689,173838,494527
205,09/30/2020,W,320186,169305,489491
206,08/29/2017,W,783337,763274,1546611
207,07/19/2006,W,911699,687896,1599595
208,12/20/2024,W,509530,326711,836241
209,08/09/2023,W,501770,394563,896333
210,12/12/2013,W,864926,722404,1587330
211,09/20/2009,U,480835,292572,773407
212,04/16/2006,U,324770,181980,506750
213,02/24/2024,A,345189,225233,570422
214,05/07/2001,W,1007381,598338,1605719
215,09/23/2021,W,464140,327671,791811
216,04/06/2024,A,397658,286304,683962
217,10/15/2010,W,1067602,753653,1821255
218,08/13/2003,W,875224,614427,1489651
219,03/04/2024,W,556051,334107,890158
220,01/09/2004,W,929117,560519,1489636
221,09/02/2014,W,952266,773307,1725573
222,12/11/2018,W,817284,731059,1548343
223,01/09/2016,A,469539,391597,861136
224,08/29/2001,W,901782,625324,1527106
225,05/28/2016,A,500775,532343,1033118
226,11/23/2010,W,1006493,698730,1705223
227,01/13/2017,W,771359,698254,1469613
228,06/12/2013,W,969474,718831,1688305
229,01/08/2003,W,1011812,592758,1604570
230,05/21/2007,W,1039954,614276,1654230
231,04/09/2021,W,330542,186985,517527
232,10/10/2011,W,857528,669173,1526701
233,11/24/2019,U,358133,301849,659982
234,01/28/2012,A,621329,419586,1040915
235,09/24/2016,A,539037,529457,1068494
236,01/25/2020,A,408051,320905,728956
237,05/27/2019,U,298987,256757,555744
238,12/15/2004,W,974391,584961,1559352
239,09/11/2007,W,1108582,679973,1788555
240,11/06/2023,W,568672,375471,944143
241,12/26/2009,A,464351,237093,701444
242,04/14/2022,W,408379,316347,724726
243,10/17/2004,U,444240,243898,688138
244,09/21/2006,W,1044501,696162,1740663
245,02/21/2017,W,848951,741773,1590724
246,04/28/2015,W,941909,789018,1730927
247,03/11/2021,W,318121,165057,483178
248,07/14/2002,U,433166,239865,673031
249,06/09/2023,W,476837,381247,858084
250,06/27/2021,U,219887,176898,396785
251,11/17/2017,W,836442,779012,1615454
252,01/06/2016,W,853904,733167,1587071
253,09/04/2010,A,671418,475332,1146750
254,12/08/2024,U,310160,216292,526452
255,04/15/2019,W,694149,679904,1374053
256,01/14/2014,W,923401,761893,1685294
257,09/05/2016,U,399846,347259,747105
258,10/16/2015,W,936818,855252,1792070
259,07/10/2004,A,593638,305695,899333
260,09/06/2015,U,452841,452445,905286
261,02/10/2013,U,392914,278417,671331
262,12/16/2020,W,269375,138422,407797
263,01/16/2019,W,800537,728048,1528585
264,08/05/2011,W,968013,822093,1790106
265,07/04/2008,U,606974,421170,1028144
266,01/07/2015,W,508815,509075,1017890
267,01/14/2002,W,985931,593642,1579573
268,06/11/2018,W,781557,724255,1505812
269,01/24/2014,W,763075,680260,1443335
270,06/18/2016,A,526402,520856,1047258
271,09/11/2004,A,637407,355835,993242
272,12/11/2017,W,807879,706163,1514042
273,09/27/2023,W,583749,427267,1011016
274,10/02/2017,W,877992,767540,1645532
275,05/18/2021,W,338267,195305,533572
276,05/09/2022,W,456324,296458,752782
277,06/10/2021,W,374697,246542,621239
278,01/28/2019,W,668192,678810,1347002
279,04/07/2019,U,331229,276992,608221
280,03/03/2021,W,333410,163566,496976
281,04/17/2011,U,452131,306186,758317
282,02/26/2003,W,939161,588630,1527791
283,04/12/2009,U,423274,228889,652163
284,06/19/2018,W,779092,768531,1547623
285,01/05/2010,W,970860,589044,1559904
286,05/04/2016,W,879217,767760,1646977
287,05/24/2002,W,995434,576461,1571895
288,04/04/2015,A,582015,427101,1009116
289,03/22/2003,A,577660,292329,869989
290,04/18/2007,W,1030970,617779,1648749
291,05/22/2017,W,817334,744257,1561591
292,03/10/2021,W,312074,161736,473810
293,08/04/2004,W,867932,556467,1424399
294,01/24/2006,W,972893,634204,1607097
295,09/06/2022,W,523472,365689,889161
296,02/11/2016,W,866884,752703,1619587
297,11/15/2016,W,881225,797235,1678460
298,11/26/2008,W,1032378,599978,1632356
299,09/01/2004,W,973679,597386,1571065
300,05/30/2007,W,1055384,637763,1693147
301,04/19/2006,W,984239,652275,1636514
302,07/25/2001,W,874776,612547,1487323
303,08/12/2010,W,908352,666665,1575017
304,06/11/2005,A,647313,413642,1060955
305,12/28/2016,W,611176,537443,1148619
306,06/17/2023,A,372865,295909,668774
307,08/31/2003,U,396860,242605,639465
308,09/21/2005,W,1085278,685975,1771253
309,05/09/2003,W,992211,616706,1608917
310,05/07/2007,W,1059535,610376,1669911
311,02/28/2019,W,783920,714700,1498620
312,08/13/2012,W,862334,675894,1538228
313,10/27/2023,W,503840,373004,876844
314,12/04/2007,W,1082140,625524,1707664
315,01/09/2017,W,781139,692776,1473915
316,06/19/2011,U,479157,352290,831447
317,08/29/2023,W,585643,418817,1004460
318,07/15/2007,U,489228,289728,778956
319,11/29/2010,W,974393,658026,1632419
320,04/29/2013,W,1009306,717625,1726931
321,09/11/2017,W,861907,767744,1629651
322,12/11/2008,W,1059298,653239,1712537
323,06/05/2005,U,448366,236960,685326
324,02/26/2018,W,825842,718649,1544491
325,03/03/2006,W,1021045,620890,1641935
326,08/28/2008,W,1022254,678635,1700889
327,07/25/2009,A,693104,467927,1161031
328,10/07/2007,U,450253,394647,844900
329,04/17/2015,W,936814,818272,1755086
330,08/09/2015,U,414942,384961,799903
331,08/15/2007,W,906121,603458,1509579
332,06/07/2006,W,1012230,666040,1678270
333,01/17/2020,W,737073,687789,1424862
334,07/18/2012,W,947611,737720,1685331
335,03/14/2021,U,163299,97387,260686
336,08/11/2022,W,444736,337937,782673
337,07/19/2016,W,795162,797424,1592586
338,03/05/2007,W,861145,558483,1419628
339,10/30/2013,W,967902,791183,1759085
340,01/06/2010,W,980962,598511,1579473
341,06/27/2014,W,879565,793688,1673253
342,05/01/2016,U,376131,334275,710406
343,06/03/2014,W,936306,812230,1748536
344,06/01/2003,U,422827,245291,668118
345,04/10/2007,W,1048978,629888,1678866
346,05/14/2014,W,916259,749500,1665759
347,07/19/2003,A,619480,324535,944015
348,02/28/2014,W,936301,745915,1682216
349,03/02/2004,W,992418,597880,1590298
350,07/26/2012,W,945792,720070,1665862
351,11/30/2002,A,525319,255100,780419
352,11/24/2005,U,265869,149351,415220
353,09/15/2009,W,1115027,729171,1844198
354,03/09/2019,A,409779,326686,736465
355,08/12/2005,W,929636,606537,1536173
356,09/08/2011,W,1058730,770455,1829185
357,09/28/2020,W,299874,158980,458854
358,07/03/2007,W,1048504,848262,1896766
359,06/05/2014,W,910818,797899,1708717
360,03/01/2015,U,383971,293964,677935
361,10/27/2003,W,990268,620687,1610955
362,09/19/2020,A,240028,135343,375371
363,01/13/2024,A,286037,183824,469861
364,10/25/2001,W,947047,618401,1565448
365,08/13/2021,W,396567,277082,673649
366,01/28/2006,A,568287,314425,882712
367,10/19/2023,W,579587,433975,1013562
368,10/18/2019,W,762811,778466,1541277
369,02/06/2015,W,959648,768091,1727739
370,02/02/2015,W,632367,563770,1196137
371,12/12/2004,U,388481,205786,594267
372,05/11/2009,W,1019002,620480,1639482
373,02/24/2015,W,901872,728674,1630546
374,05/02/2001,W,1034088,627894,1661982
375,12/24/2011,A,509237,262788,772025
376,08/22/2002,W,829797,533893,1363690
377,10/23/2012,W,1043067,784378,1827445
378,02/01/2007,W,1007882,616420,1624302
379,04/21/2017,W,819393,753932,1573325
380,05/29/2006,U,381213,245203,626416
381,02/01/2008,W,911151,593534,1504685
382,02/18/2007,U,394698,226617,621315
383,07/15/2008,W,1088616,655456,1744072
384,10/18/2009,U,494901,296936,791837
385,02/22/2024,W,587867,396466,984333
386,06/10/2011,W,991111,699233,1690344
387,03/13/2002,W,1022145,615718,1637863
388,07/23/2009,W,959920,673917,1633837
389,06/30/2023,W,473836,378120,851956
390,11/07/2021,U,211114,177817,388931
391,02/21/2016,U,378769,311190,689959
392,08/27/2014,W,874420,768933,1643353
393,10/22/2010,W,987323,727707,1715030
394,12/17/2013,W,883958,716650,1600608
395,03/20/2001,W,1034388,618340,1652728
396,03/04/2001,U,385978,178292,564270
397,12/17/2023,U,271335,184885,456220
398,01/04/2022,W,343163,202963,546126
399,11/16/2019,A,467987,398924,866911
400,12/23/2007,U,347895,184560,532455
401,07/20/2010,W,938739,692212,1630951
402,10/08/2003,W,1026066,693316,1719382
403,11/24/2013,U,362949,311868,674817
404,10/31/2009,A,698324,406844,1105168
405,03/26/2006,U,433649,234862,668511
406,10/06/2007,A,693470,430713,1124183
407,02/03/2016,W,925655,772821,1698476
408,10/14/2017,A,376288,368266,744554
409,09/18/2013,W,1023243,783471,1806714
410,10/12/2024,A,427732,369877,797609
411,02/23/2014,U,392042,315317,707359
412,10/18/2006,W,1035671,687285,1722956
413,02/26/2005,A,603707,304026,907733
414,05/01/2004,A,577088,282452,859540
415,07/20/2004,W,896643,606660,1503303
416,05/20/2009,W,1085546,664197,1749743
417,09/16/2022,W,508567,431965,940532
418,10/20/2013,U,417109,367355,784464
419,03/10/2007,A,645222,343183,988405
420,03/04/2011,W,1019568,681216,1700784
421,07/28/2010,W,908070,667607,1575677
422,05/07/2006,U,438858,258592,697450
423,03/22/2010,W,981316,617250,1598566
424,06/29/2018,W,748648,755938,1504586
425,04/10/2010,A,663179,440432,1103611
426,12/16/2006,A,632218,356756,988974
427,01/30/2004,W,756185,500887,1257072
428,03/16/2005,W,1011281,607649,1618930
429,03/24/2002,U,370997,190845,561842
430,06/28/2019,W,742317,717591,1459908
431,09/13/2023,W,593103,431950,1025053
432,06/22/2015,W,759346,731448,1490794
433,06/08/2002,A,649574,323142,972716
434,04/15/2018,U,300857,258277,559134
435,01/30/2021,A,192267,102119,294386
436,01/11/2003,A,506478,250051,756529
437,07/18/2016,W,774239,768719,1542958
438,04/10/2005,U,439237,244746,683983
439,11/23/2008,U,477070,243556,720626
440,04/23/2007,W,1021947,617017,1638964
441,03/10/2013,U,417260,285624,702884
442,11/14/2014,W,911150,794103,1705253
443,01/04/2011,W,946232,621057,1567289
444,11/25/2006,A,549875,317650,867525
445,11/22/2019,W,817445,782838,1600283
446,08/01/2015,A,574270,587633,1161903
447,06/05/2021,A,278036,199123,477159
448,08/14/2018,W,722447,739143,1461590
449,02/15/2011,W,1041367,702586,1743953
450,03/25/2008,W,1036465,596853,1633318
451,01/01/2015,U,300426,287754,588180
452,07/05/2004,U,420521,229820,650341
453,05/26/2003,U,380796,224023,604819
454,10/31/2020,A,224885,120080,344965
455,01/09/2019,W,747949,685444,1433393
456,07/17/2017,W,754669,741094,1495763
457,11/09/2015,W,923927,811177,1735104
458,01/22/2014,W,872967,737074,1610041
459,11/13/2011,U,463513,338816,802329
460,11/05/2002,W,994530,613203,1607733
461,01/31/2021,U,119669,75697,195366
462,01/26/2018,W,806770,722671,1529441
463,01/20/2014,W,599662,502485,1102147
464,09/09/2023,A,385592,323033,708625
465,02/24/2017,W,820536,723532,1544068
466,01/14/2005,W,894841,552090,1446931
467,04/06/2023,W,459977,353018,812995
468,07/12/2019,W,738700,777202,1515902
469,10/01/2016,A,511504,445272,956776
470,06/27/2007,W,905210,627568,1532778
471,06/03/2012,U,512841,354121,866962
472,05/11/2006,W,926462,621331,1547793
473,07/14/2023,W,476443,373807,850250
474,09/27/2002,W,1058970,651373,1710343
475,09/01/2002,U,477226,257229,734455
476,03/07/2022,W,399383,261592,660975
477,01/17/2008,W,998608,619823,1618431
478,09/18/2004,A,636532,340756,977288
479,03/15/2001,W,960667,596612,1557279
480,02/12/2009,W,943891,620278,1564169
481,07/16/2024,W,565584,408295,973879
482,09/16/2020,W,323500,171467,494967
483,05/27/2015,W,921204,783749,1704953
484,10/17/2016,W,890736,791317,1682053
485,10/20/2010,W,1061125,733950,1795075
486,07/12/2020,U,174761,90382,265143
487,11/02/2016,W,866812,842885,1709697
488,10/07/2016,W,888731,877814,1766545
489,08/18/2009,W,948964,636143,1585107
490,03/11/2004,W,927076,589420,1516496
491,11/15/2012,W,1058314,786677,1844991
492,03/07/2008,W,1031200,604635,1635835
493,05/24/2015,U,401488,366008,767496
494,10/16/2013,W,1017742,779074,1796816
495,03/29/2020,U,111188,57736,168924
496,11/13/2024,W,633647,434362,1068009
497,05/13/2005,W,980674,597196,1577870
498,10/07/2023,A,386990,334134,721124
499,10/03/2019,W,885919,781701,1667620
500,09/02/2017,A,512150,481961,994111
501,06/20/2001,W,939471,612707,1552178
502,02/24/2011,W,1030542,708692,1739234
503,02/12/2015,W,883395,729249,1612644
504,11/12/2004,W,924772,606762,1531534
505,09/02/2016,W,838151,777158,1615309
506,02/05/2024,W,558625,339256,897881
507,04/02/2002,W,970537,585155,1555692
508,07/04/2013,U,525424,407174,932598
509,10/12/2021,W,469702,337547,807249
510,10/17/2013,W,1025838,789200,1815038
511,07/16/2003,W,915630,597927,1513557
512,10/14/2011,W,1058024,783903,1841927
513,12/21/2005,W,918067,553734,1471801
514,06/10/2022,W,450488,327910,778398
515,10/02/2002,W,1059836,648879,1708715
516,11/25/2010,U,312756,195258,508014
517,08/04/2003,W,920408,585024,1505432
518,10/17/2022,W,470688,332889,803577
519,09/08/2020,W,288854,151558,440412
520,07/12/2010,W,916793,645066,1561859
521,08/12/2015,W,817244,772367,1589611
522,04/27/2019,A,369056,319488,688544
523,06/04/2017,U,400326,384010,784336
524,11/25/2004,U,287787,147567,435354
525,09/14/2014,U,431379,386903,818282
526,06/03/2016,W,892290,824890,1717180
527,06/05/2015,W,919157,784462,1703619
528,07/08/2010,W,913888,665000,1578888
529,05/12/2022,W,475308,345676,820984
530,05/30/2015,A,481814,428464,910278
531,08/15/2005,W,892308,574348,1466656
532,07/18/2021,U,226558,191007,417565
533,12/26/2002,W,661076,372317,1033393
534,05/21/2020,W,244336,85164,329500
535,12/07/2005,W,922076,591500,1513576
536,04/12/2014,A,574622,524370,1098992
537,07/04/2023,U,281675,195858,477533
538,09/14/2022,W,531662,395177,926839
539,05/15/2019,W,810290,724761,1535051
540,02/05/2015,W,932148,780378,1712526
541,10/07/2020,W,333595,171757,505352
542,08/03/2009,W,945629,612506,1558135
543,02/16/2006,W,930188,613347,1543535
544,06/25/2021,W,343853,251904,595757
545,11/11/2010,W,882944,660145,1543089
546,01/24/2011,W,972155,654573,1626728
547,09/07/2009,U,463198,299374,762572
548,11/01/2018,W,866316,798312,1664628
549,03/13/2005,U,393195,205254,598449
550,05/20/2022,W,458078,321127,779205
551,05/02/2006,W,1045233,664946,1710179
552,10/11/2003,A,628499,366667,995166
553,07/19/2012,W,929760,737674,1667434
554,11/08/2018,W,841232,797333,1638565
555,09/28/2009,W,1025351,659478,1684829
556,02/19/2001,W,782447,457891,1240338
557,01/31/2016,U,358361,293056,651417
558,04/11/2003,W,912918,600667,1513585
559,02/26/2014,W,884516,728685,1613201
560,10/28/2012,U,454048,341936,795984
561,06/17/2004,W,938259,585309,1523568
562,10/08/2007,W,857090,563619,1420709
563,06/13/2020,A,206386,81727,288113
564,03/29/2018,W,692129,686014,1378143
565,08/02/2014,A,592660,571486,1164146
566,05/05/2022,W,464544,329241,793785
567,10/02/2001,W,1078342,658020,1736362
568,10/17/2021,U,219929,196386,416315
569,11/02/2021,W,463908,319122,783030
570,01/08/2016,W,841494,732495,1573989
571,06/08/2008,U,494209,281814,776023
572,01/03/2006,W,772171,540341,1312512
573,01/19/2002,A,556405,273407,829812
574,03/29/2024,W,480044,313507,793551
575,03/15/2012,W,1061219,763525,1824744
576,07/21/2006,W,931578,676491,1608069
577,04/25/2005,W,1003896,610619,1614515
578,04/27/2017,W,807318,748983,1556301
579,09/15/2012,A,707625,533074,1240699
580,07/05/2007,W,933153,655871,1589024
581,09/09/2021,W,471953,326271,798224
582,06/07/2001,W,1004748,646177,1650925
583,03/17/2017,W,804320,732007,1536327
584,07/07/2010,W,911994,656096,1568090
585,07/16/2017,U,371692,374578,746270
586,09/29/2015,W,914286,822855,1737141
587,03/23/2009,W,1007657,598236,1605893
588,07/20/2007,W,959207,655992,1615199
589,12/08/2003,W,975766,586022,1561788
590,12/04/2018,W,835143,745696,1580839
591,08/17/2001,W,929083,598538,1527621
592,07/14/2019,U,386786,362994,749780
593,11/17/2016,W,873693,811240,1684933
594,02/11/2008,W,818840,559672,1378512
595,08/28/2004,A,548649,297684,846333
596,07/27/2004,W,885055,590244,1475299
597,09/16/2017,A,517447,521275,1038722
598,02/03/2001,A,611703,263612,875315
599,07/24/2011,U,440442,346005,786447
600,09/10/2001,W,1075781,661092,1736873
601,09/16/2001,U,417392,191270,608662
602,03/14/2010,U,428683,273849,702532
603,02/02/2005,W,1046742,599354,1646096
604,08/07/2020,W,326107,164886,490993
605,12/07/2014,U,397656,334688,732344
606,06/17/2011,W,1038570,787772,1826342
607,12/25/2023,U,145433,80206,225639
608,04/17/2004,A,596237,331377,927614
609,08/21/2023,W,551302,343866,895168
610,12/24/2008,W,626374,339616,965990
611,12/11/2019,W,753922,692730,1446652
612,03/08/2017,W,858498,751336,1609834
613,05/17/2001,W,1006118,628882,1635000
614,08/20/2023,U,296344,239159,535503
615,09/20/2008,A,791707,447679,1239386
616,08/24/2014,U,432777,387171,819948
617,01/17/2024,W,466850,322741,789591
618,05/31/2018,W,819988,753062,1573050
619,04/19/2012,W,989282,743350,1732632
620,06/28/2015,U,439944,577866,1017810
621,02/16/2001,W,1033040,601418,1634458
622,10/23/2003,W,1008328,644198,1652526
623,08/15/2002,W,920323,599375,1519698
624,08/21/2009,W,946374,633411,1579785
625,03/31/2017,W,839312,737168,1576480
626,07/31/2009,W,997830,674810,1672640
627,04/26/2021,W,337128,176283,513411
628,06/27/2001,W,944274,634994,1579268
629,05/13/2001,U,422270,200996,623266
630,04/08/2001,U,437035,200720,637755
631,02/13/2019,W,795205,728764,1523969
632,08/01/2013,W,950707,753887,1704594
633,03/06/2007,W,1004928,611416,1616344
634,04/13/2002,A,631465,308737,940202
635,03/03/2024,U,298601,184885,483486
636,11/05/2014,W,990008,827900,1817908
637,04/29/2006,A,574038,343244,917282
638,03/05/2008,W,1059027,620660,1679687
639,05/30/2017,W,802596,722529,1525125
640,12/20/2012,W,876460,660268,1536728
641,03/06/2021,A,228890,124851,353741
642,05/16/2004,U,418466,214886,633352
643,07/21/2011,W,901635,693073,1594708
644,02/29/2004,U,413029,208258,621287
645,01/27/2016,W,882832,768241,1651073
646,11/06/2012,W,1050908,768986,1819894
647,02/04/2012,A,661534,418503,1080037
648,09/02/2015,W,882052,792561,1674613
649,09/15/2005,W,1070331,702096,1772427
650,09/05/2009,A,701349,428069,1129418
651,08/16/2006,W,878842,620892,1499734
652,04/20/2014,U,399289,333380,732669
653,03/18/2010,W,1036643,690207,1726850
654,10/17/2008,W,1162723,709679,1872402
655,05/04/2004,W,1025965,615968,1641933
656,01/11/2012,W,1036505,709539,1746044
657,05/14/2023,U,233363,156364,389727
658,08/04/2012,A,639837,540564,1180401
659,09/03/2008,W,1166955,710304,1877259
660,05/22/2003,W,967683,590893,1558576
661,09/23/2003,W,1023379,655433,1678812
662,01/12/2002,A,565955,266826,832781
663,05/23/2024,W,609570,457738,1067308
664,09/10/2008,W,1167063,719905,1886968
665,08/07/2005,U,457639,261349,718988
666,10/01/2019,W,905477,772082,1677559
667,12/12/2014,W,912339,773048,1685387
668,10/23/2005,U,421490,277349,698839
669,07/29/2007,U,457951,272684,730635
670,03/08/2024,W,488443,314783,803226
671,05/22/2009,W,1052067,637603,1689670
672,11/21/2004,U,427753,229287,657040
673,01/10/2022,W,273785,175964,449749
674,09/04/2019,W,861286,762868,1624154
675,12/21/2001,W,994499,569456,1563955
676,11/23/2019,A,468337,443394,911731
677,09/07/2008,U,529779,273883,803662
678,05/17/2013,W,966483,757439,1723922
679,05/29/2003,W,961715,595331,1557046
680,03/28/2012,W,1029545,735639,1765184
681,08/19/2018,U,380140,357318,737458
682,09/12/2008,W,1120112,700943,1821055
683,02/03/2012,W,1014951,714336,1729287
684,05/22/2006,W,996607,629775,1626382
685,07/16/2006,U,418278,308173,726451
686,08/10/2018,W,728844,757214,1486058
687,10/17/2019,W,787285,790202,1577487
688,08/10/2019,A,490001,428555,918556
689,03/20/2020,W,303882,152797,456679
690,06/27/2010,U,439815,441824,881639
691,07/25/2015,A,573827,539665,1113492
692,05/06/2020,W,248434,82526,330960
693,08/21/2008,W,1006682,679508,1686190
694,03/12/2001,W,979411,588857,1568268
695,06/12/2024,W,576142,423834,999976
696,06/30/2011,W,947943,753565,1701508
697,10/08/2023,U,253021,403385,656406
698,06/14/2019,W,786956,769162,1556118
699,06/14/2007,W,944081,653008,1597089
700,04/28/2023,W,503332,340242,843574
701,08/15/2023,W,500013,382517,882530
702,05/16/2015,A,561092,493377,1054469
703,01/21/2021,W,287899,144085,431984
704,08/30/2004,W,884633,567769,1452402
705,05/22/2014,W,908285,788319,1696604
706,06/13/2007,W,955467,654913,1610380
707,02/11/2018,U,294675,260148,554823
708,07/24/2023,W,474506,338496,813002
709,11/22/2016,W,837828,756704,1594532
710,01/06/2023,W,371923,258636,630559
711,06/01/2012,W,1034827,750848,1785675
712,11/03/2015,W,987382,830460,1817842
713,12/25/2017,U,164256,118654,282910
714,10/28/2007,U,472765,233248,706013
715,02/13/2003,W,978871,597819,1576690
716,02/25/2021,W,300304,157867,458171
717,10/21/2016,W,867704,800137,1667841
718,07/11/2009,A,733100,422670,1155770
719,06/10/2024,W,521105,360674,881779
720,12/02/2014,W,926053,766316,1692369
721,12/29/2015,W,638221,571322,1209543
722,08/12/2002,W,908503,579800,1488303
723,07/20/2024,A,415213,336971,752184
724,07/17/2024,W,579034,417491,996525
725,09/13/2016,W,904869,811807,1716676
726,01/23/2003,W,822317,541015,1363332
727,07/23/2002,W,955084,623156,1578240
728,04/18/2015,A,599954,503902,1103856
729,07/22/2006,A,625346,408434,1033780
730,04/18/2019,W,654819,675919,1330738
731,04/29/2005,W,1036716,608264,1644980
732,08/03/2013,A,667710,574621,1242331
733,12/05/2010,U,406680,277309,683989
734,04/06/2013,A,611381,459388,1070769
735,07/09/2019,W,760765,733255,1494020
736,02/29/2020,A,458601,337983,796584
737,10/17/2023,W,587256,440241,1027497
738,12/29/2021,W,294413,191745,486158
739,10/28/2004,W,1033261,629827,1663088
740,09/14/2015,W,930582,803746,1734328
741,05/12/2012,A,610945,427440,1038385
742,11/23/2018,W,473453,393241,866694
743,04/14/2023,W,518497,353807,872304
744,04/03/2019,W,846418,744443,1590861
745,02/17/2001,A,591717,269294,861011
746,07/21/2022,W,445763,342598,788361
747,05/27/2002,U,395210,200876,596086
748,06/03/2017,A,523471,495282,1018753
749,09/10/2018,W,844530,792245,1636775
750,02/02/2004,W,914997,566503,1481500
751,06/12/2015,W,854059,812194,1666253
752,07/21/2014,W,821289,740142,1561431
753,01/24/2018,W,808026,732420,1540446
754,07/09/2018,W,742452,704612,1447064
755,02/19/2002,W,985390,597374,1582764
756,01/27/2007,A,578477,314380,892857
757,04/11/2005,W,1013684,615683,1629367
758,10/31/2006,W,997495,663340,1660835
759,03/19/2016,A,520426,438020,958446
760,12/02/2002,W,966808,598780,1565588
761,11/01/2001,W,1029256,641642,1670898
762,04/16/2018,W,773294,704714,1478008
763,06/11/2003,W,961149,607043,1568192
764,02/07/2003,W,953979,573249,1527228
765,07/22/2002,W,900537,595784,1496321
766,08/24/2011,W,999361,728732,1728093
767,11/17/2010,W,1033004,717114,1750118
768,06/01/2024,A,359226,257545,616771
769,01/13/2007,A,562827,308047,870874
770,12/10/2024,W,597740,406353,1004093
771,03/14/2016,W,870740,766595,1637335
772,09/14/2021,W,468812,311965,780777
773,08/23/2007,W,848806,578731,1427537
774,02/17/2006,W,942685,604038,1546723
775,09/02/2006,A,668504,405986,1074490
776,11/24/2007,A,541464,285732,827196
777,03/04/2012,U,441120,292334,733454
778,02/12/2022,A,236977,177109,414086
779,09/16/2012,U,497209,369738,866947
780,08/12/2001,U,420182,234020,654202
781,11/02/2001,W,1042714,645966,1688680
782,06/29/2007,W,968906,708650,1677556
783,02/10/2015,W,965833,772727,1738560
784,03/25/2023,A,287548,202198,489746
785,12/30/2015,W,636706,585337,1222043
786,10/25/2024,W,611655,408835,1020490
787,01/26/2015,W,896430,738965,1635395
788,01/11/2015,U,349027,279494,628521
789,10/28/2023,A,360484,275006,635490
790,09/15/2023,W,566708,432176,998884
791,02/11/2002,W,985014,592118,1577132
792,03/19/2017,U,371042,304418,675460
793,04/10/2012,W,1038779,751834,1790613
794,05/13/2008,W,1092576,652724,1745300
795,08/24/2006,W,831663,617548,1449211
796,08/26/2006,A,592637,361355,953992
797,01/06/2017,W,591800,600277,1192077
798,02/08/2008,W,1031968,622837,1654805
799,02/17/2007,A,562470,306944,869414
800,03/26/2011,A,603928,387317,991245
801,09/13/2003,A,601330,350594,951924
802,05/23/2011,W,997460,682656,1680116
803,05/13/2022,W,470223,332657,802880
804,06/15/2006,W,907237,659507,1566744
805,05/17/2005,W,1013627,607296,1620923
806,07/19/2001,W,949691,618451,1568142
807,09/28/2024,A,384642,312755,697397
808,11/26/2021,W,257700,189694,447394
809,10/13/2016,W,896918,828891,1725809
810,12/27/2023,W,403147,252136,655283
811,04/10/2023,W,492576,324608,817184
812,07/27/2003,U,367151,222589,589740
813,01/29/2019,W,581664,579917,1161581
814,07/09/2003,W,871942,598967,1470909
815,05/23/2001,W,978614,619656,1598270
816,02/15/2021,W,196912,118258,315170
817,03/06/2022,U,194300,141976,336276
818,02/13/2017,W,822007,702129,1524136
819,02/16/2022,W,436057,286506,722563
820,11/10/2006,W,935843,610547,1546390
821,04/27/2007,W,1017433,617985,1635418
822,04/19/2016,W,765854,741141,1506995
823,09/15/2010,W,1077313,757144,1834457
824,12/16/2012,U,450355,334285,784640
825,08/10/2001,W,946431,626136,1572567
826,08/22/2020,A,229626,119732,349358
827,06/15/2022,W,435538,338852,774390
828,10/08/2021,W,461163,348740,809903
829,09/04/2014,W,942676,794090,1736766
830,07/27/2014,U,423806,403719,827525
831,02/11/2011,W,965062,659696,1624758
832,08/09/2009,U,492623,383769,876392
833,02/26/2001,W,1009329,609256,1618585
834,06/18/2017,U,390193,338474,728667
835,12/03/2022,A,302524,235937,538461
836,01/31/2004,A,531967,246213,778180
837,06/30/2020,W,298563,140782,439345
838,11/19/2004,W,1021327,622698,1644025
839,11/17/2005,W,982303,636292,1618595
840,06/04/2001,W,1029447,599699,1629146
841,03/21/2010,U,405115,271794,676909
842,04/15/2009,W,1073275,682839,1756114
843,05/04/2019,A,495436,437434,932870
844,07/04/2001,U,461383,306172,767555
845,08/10/2008,U,542860,314698,857558
846,06/06/2010,U,455093,308756,763849
847,07/14/2009,W,975173,644793,1619966
848,12/21/2020,W,280892,137696,418588
849,08/31/2015,W,836125,771622,1607747
850,03/14/2009,A,699923,471323,1171246
851,12/24/2004,W,425489,191941,617430
852,05/18/2013,A,625752,493226,1118978
853,08/12/2008,W,989226,632942,1622168
854,03/02/2005,W,984054,587875,1571929
855,09/15/2015,W,956026,853826,1809852
856,01/20/2005,W,936302,590558,1526860
857,07/12/2003,A,607118,339152,946270
858,06/25/2001,W,947130,621006,1568136
859,07/31/2008,W,976117,652936,1629053
860,09/16/2021,W,467659,365090,832749
861,01/03/2015,A,441327,340135,781462
862,08/13/2017,U,384338,351048,735386
863,08/10/2007,W,942284,617817,1560101
864,01/04/2002,W,858709,528849,1387558
865,05/07/2022,A,308573,262869,571442
866,09/12/2005,W,1088861,674800,1763661
867,06/18/2006,U,412366,259888,672254
868,02/16/2023,W,450939,324574,775513
869,02/06/2024,W,595983,390513,986496
870,02/04/2010,W,1090369,666455,1756824
871,12/28/2019,A,394869,298646,693515
872,03/12/2022,A,247872,287526,535398
873,10/24/2006,W,1043962,675059,1719021
874,09/08/2022,W,529691,391210,920901
875,07/03/2013,W,945848,693445,1639293
876,06/18/2024,W,551782,426829,978611
877,04/18/2016,W,785035,732335,1517370
878,02/27/2002,W,939542,587701,1527243
879,07/18/2024,W,563700,423510,987210
880,05/28/2018,U,364119,325534,689653
881,03/04/2013,W,1046582,684343,1730925
882,08/12/2007,U,472709,262521,735230
883,05/28/2006,U,461625,282850,744475
884,09/12/2019,W,845028,795224,1640252
885,08/10/2013,A,642566,493210,1135776
886,12/10/2021,W,425279,297443,722722
887,09/06/2001,W,1053246,644766,1698012
888,07/09/2001,W,935542,597633,1533175
889,07/25/2013,W,919260,715876,1635136
890,10/01/2015,W,993576,848050,1841626
891,11/08/2021,W,458387,305403,763790
892,02/07/2017,W,827885,734586,1562471
893,09/08/2005,W,1090390,671553,1761943
894,07/12/2009,U,525978,335349,861327
895,09/08/2003,W,1028540,623072,1651612
896,03/30/2022,W,425844,299471,725315
897,10/31/2013,W,956055,786574,1742629
898,05/24/2012,W,1016089,756023,1772112
899,04/22/2011,W,767236,583531,1350767
900,05/28/2013,W,982424,672485,1654909
901,05/25/2015,U,397951,357227,755178
902,01/09/2023,W,449465,296803,746268
903,11/25/2013,W,898537,742488,1641025
904,07/27/2019,A,509542,417935,927477
905,08/07/2004,A,608291,319929,928220
906,05/11/2024,A,416481,273276,689757
907,04/27/2024,A,419731,286199,705930
908,01/25/2021,W,265782,135618,401400
909,11/06/2008,W,1101916,691666,1793582
910,07/19/2011,W,938830,721231,1660061
911,01/02/2019,W,591006,573542,1164548
912,06/26/2007,W,887917,623390,1511307
913,09/26/2018,W,868419,838474,1706893
914,09/01/2017,W,827394,760661,1588055
915,11/18/2022,W,437859,348326,786185
916,08/25/2023,W,553276,375055,928331
917,06/02/2010,W,990049,663107,1653156
918,07/26/2006,W,897731,641296,1539027
919,04/13/2003,U,407540,219553,627093
920,07/19/2002,W,960153,612971,1573124
921,04/03/2022,U,218901,153875,372776
922,04/05/2010,W,975213,657842,1633055
923,11/26/2005,A,520348,290786,811134
924,07/05/2024,W,472097,346546,818643
925,08/27/2018,W,751100,740835,1491935
926,10/17/2018,W,866716,807188,1673904
927,03/15/2014,A,593789,674922,1268711
928,09/01/2014,U,419182,366912,786094
929,01/21/2010,W,1037561,659269,1696830
930,07/29/2008,W,1014276,654547,1668823
931,10/02/2005,U,451633,245477,697110
932,08/18/2018,A,493509,469340,962849
933,09/09/2014,W,967610,800307,1767917
934,10/02/2011,U,486409,344520,830929
935,04/09/2015,W,748326,711033,1459359
936,03/27/2020,W,220715,102714,323429
937,04/30/2007,W,1030435,599953,1630388
938,07/10/2006,W,900356,618702,1519058
939,05/02/2002,W,976392,598086,1574478
940,07/26/2002,W,942389,590601,1532990
941,12/18/2003,W,917919,567624,1485543
942,09/28/2003,U,377248,236781,614029
943,04/22/2020,W,213080,77822,290902
944,10/09/2014,W,969095,838925,1808020
945,04/26/2009,U,422437,251595,674032
946,10/06/2003,W,1018276,618461,1636737
947,09/22/2001,A,641096,307331,948427
948,10/04/2017,W,889343,798360,1687703
949,09/29/2019,U,358174,294350,652524
950,04/20/2017,W,797055,758119,1555174
951,06/20/2010,U,465420,301730,767150
952,10/29/2014,W,944219,813686,1757905
953,11/04/2005,W,994280,653744,1648024
954,01/27/2024,A,349068,222033,571101
955,03/09/2015,W,935951,752995,1688946
956,03/17/2021,W,310656,165207,475863
957,01/08/2014,W,806256,687473,1493729
958,04/26/2006,W,952603,649967,1602570
959,02/26/2016,W,865397,749991,1615388
960,06/13/2004,U,418700,237263,655963
961,04/05/2024,W,576732,375602,952334
962,05/03/2010,W,1051064,673932,1724996
963,11/11/2004,W,812757,549029,1361786
964,03/19/2024,W,583292,396834,980126
965,04/19/2007,W,987896,617546,1605442
966,10/23/2001,W,1000304,638393,1638697
967,02/13/2011,U,474048,303381,777429
968,10/24/2003,W,1008879,639483,1648362
969,10/05/2015,W,948999,805091,1754090
970,11/04/2002,W,1072235,633872,1706107
971,12/01/2017,W,890982,785058,1676040
972,01/01/2010,U,348324,217060,565384
973,12/31/2015,W,604409,565772,1170181
974,05/12/2002,U,358446,185931,544377
975,09/22/2004,W,1032930,629320,1662250
976,06/09/2012,A,704117,569867,1273984
977,07/04/2022,U,201272,158486,359758
978,05/18/2007,W,1044582,643462,1688044
979,03/18/2018,U,361391,320742,682133
980,10/27/2012,A,664877,490779,1155656
981,05/01/2010,A,668743,455658,1124401
982,04/12/2006,W,877362,627736,1505098
983,01/19/2017,W,823901,743065,1566966
984,01/09/2003,W,979678,586435,1566113
985,08/20/2008,W,1019019,671769,1690788
986,04/08/2005,W,1034023,642939,1676962
987,11/12/2009,W,1097428,709937,1807365
988,06/26/2009,W,985078,708491,1693569
989,08/21/2006,W,878842,613716,1492558
990,03/16/2018,W,808945,738857,1547802
991,10/08/2002,W,1074824,650758,1725582
992,09/30/2012,U,495883,357104,852987
993,09/06/2016,W,910863,760434,1671297
994,09/06/2009,U,503694,338561,842255
995,05/06/2005,W,1027299,626005,1653304
996,07/24/2015,W,830024,818410,1648434
997,03/24/2001,A,604139,277028,881167
998,11/15/2008,A,688151,374896,1063047
999,12/08/2021,W,440298,300242,740540
1000,01/31/2013,W,955113,713918,1669031
1001,12/14/2018,W,789944,724198,1514142
1002,07/09/2012,W,934404,697423,1631827
1003,02/22/2021,W,280331,146573,426904
1004,03/03/2011,W,1057767,709973,1767740
1005,11/20/2021,A,271655,276136,547791
1006,06/29/2013,A,620304,463716,1084020
1007,12/03/2011,A,662075,461349,1123424
1008,08/17/2017,W,722939,751673,1474612
1009,04/07/2002,U,355354,180625,535979
1010,04/29/2022,W,472802,324138,796940
1011,09/07/2023,W,597711,442432,1040143
1012,07/12/2022,W,460573,351612,812185
1013,04/04/2014,W,941118,806643,1747761
1014,03/28/2014,W,944696,732211,1676907
1015,03/13/2018,W,808848,731938,1540786
1016,01/17/2017,W,829925,737976,1567901
1017,12/28/2018,W,577497,493961,1071458
1018,10/17/2006,W,1029815,683799,1713614
1019,11/25/2008,W,1088066,653433,1741499
1020,10/12/2001,W,1000153,625089,1625242
1021,05/02/2005,W,1000310,585188,1585498
1022,03/11/2010,W,994390,664881,1659271
1023,05/21/2017,U,366609,350024,716633
1024,04/13/2004,W,831527,571813,1403340
1025,01/01/2012,U,338458,277156,615614
1026,10/23/2002,W,1013066,635553,1648619
1027,12/07/2020,W,272363,133537,405900
1028,10/11/2021,W,335704,269043,604747
1029,05/11/2018,W,788585,744337,1532922
1030,06/02/2013,U,439719,333835,773554
1031,12/06/2007,W,1029586,619960,1649546
1032,12/29/2006,W,816636,499735,1316371
1033,03/19/2014,W,920270,767680,1687950
1034,11/07/2009,A,723832,419045,1142877
1035,02/02/2010,W,1062988,651659,1714647
1036,12/18/2017,W,784151,675289,1459440
1037,12/03/2012,W,1069024,742337,1811361
1038,01/30/2012,W,1023037,704317,1727354
1039,07/06/2018,W,720068,699130,1419198
1040,09/08/2012,A,697211,548107,1245318
1041,01/24/2002,W,1007218,605974,1613192
1042,12/18/2005,U,371336,222374,593710
1043,01/07/2007,U,384626,208188,592814
1044,05/30/2001,W,1002940,607442,1610382
1045,07/24/2006,W,906725,633184,1539909
1046,03/05/2009,W,1105607,658867,1764474
1047,01/30/2002,W,936013,602737,1538750
1048,04/23/2012,W,1031544,739667,1771211
1049,04/21/2008,W,1088521,651232,1739753
1050,12/14/2003,U,369050,209939,578989
1051,11/17/2011,W,998699,752834,1751533
1052,09/25/2005,U,428577,277519,706096
1053,03/01/2020,U,357257,267438,624695
1054,10/17/2009,A,692682,420801,1113483
1055,12/24/2003,W,610061,333655,943716
1056,01/03/2003,W,861580,515985,1377565
1057,03/21/2021,U,187953,111138,299091
1058,10/04/2009,U,514280,309529,823809
1059,05/17/2017,W,835226,763055,1598281
1060,10/01/2006,U,462755,296236,758991
1061,02/24/2013,U,426783,280619,707402
1062,12/18/2021,A,243767,196349,440116
1063,05/19/2014,W,885010,732346,1617356
1064,06/19/2002,W,992928,618449,1611377
1065,05/17/2011,W,1012424,694950,1707374
1066,07/24/2016,U,370394,346616,717010
1067,12/27/2015,U,334737,272169,606906
1068,12/16/2015,W,871638,755292,1626930
1069,04/11/2023,W,539533,388288,927821
1070,11/10/2024,U,306889,232420,539309
1071,10/13/2001,A,515481,273528,789009
1072,10/03/2024,W,670461,454449,1124910
1073,01/31/2015,A,551745,419577,971322
1074,12/21/2003,U,415703,218944,634647
1075,05/25/2008,U,502997,284612,787609
1076,04/28/2024,U,293589,196481,490070
1077,08/15/2004,U,428984,239400,668384
1078,02/11/2001,U,405433,178810,584243
1079,05/25/2024,A,420064,342285,762349
1080,11/01/2022,W,535639,378179,913818
1081,10/14/2015,W,954519,845066,1799585
1082,01/27/2020,W,790014,697371,1487385
1083,04/04/2018,W,823619,738079,1561698
1084,08/20/2015,W,820929,778440,1599369
1085,02/27/2021,A,232432,127246,359678
1086,05/19/2020,W,228412,79752,308164
1087,02/11/2013,W,994224,708331,1702555
1088,03/21/2007,W,970928,596843,1567771
1089,11/01/2004,W,953969,587503,1541472
1090,08/18/2020,W,313038,155406,468444
1091,05/04/2022,W,500429,344233,844662
1092,06/10/2018,U,332042,339387,671429
1093,01/06/2022,W,256983,175465,432448
1094,01/11/2022,W,299534,190644,490178
1095,07/31/2016,U,400504,472314,872818
1096,06/14/2024,W,536639,412548,949187
1097,10/20/2017,W,862656,796878,1659534
1098,01/30/2013,W,997461,735084,1732545
1099,04/05/2008,A,765299,356215,1121514
1100,04/16/2023,U,229968,157603,387571
1101,08/09/2008,A,770627,431699,1202326
1102,04/22/2007,U,474187,271708,745895
1103,11/19/2006,U,417408,242830,660238
1104,04/09/2009,W,952099,638401,1590500
1105,01/10/2023,W,499769,345615,845384
1106,10/17/2017,W,882601,819635,1702236
1107,11/03/2001,A,648350,315004,963354
1108,06/13/2011,W,1005818,726932,1732750
1109,10/04/2010,W,1049060,710406,1759466
1110,07/27/2015,W,820529,760311,1580840
1111,12/04/2013,W,1022579,778031,1800610
1112,01/22/2021,W,264517,138811,403328
1113,06/07/2005,W,1003186,628716,1631902
1114,04/24/2003,W,961316,620140,1581456
1115,03/22/2011,W,964687,653024,1617711
1116,09/26/2004,U,424978,226180,651158
1117,07/24/2009,W,968278,686977,1655255
1118,02/28/2002,W,941136,592045,1533181
1119,03/22/2018,W,807829,722634,1530463
1120,12/03/2002,W,1007666,622071,1629737
1121,02/03/2024,A,372165,230410,602575
1122,07/03/2002,W,1004276,785621,1789897
1123,05/09/2020,A,206907,59372,266279
1124,05/26/2016,W,853656,775073,1628729
1125,06/04/2012,W,1035294,726053,1761347
1126,10/11/2022,W,516976,397158,914134
1127,07/28/2021,W,390425,298392,688817
1128,04/09/2012,W,1010279,727154,1737433
1129,04/04/2019,W,791393,735719,1527112
1130,03/22/2023,W,499380,340260,839640
1131,07/04/2012,U,511376,383942,895318
1132,09/23/2007,U,481232,269325,750557
1133,11/03/2024,U,267845,227887,495732
1134,07/14/2018,A,471688,455259,926947
1135,05/04/2013,A,655097,465245,1120342
1136,05/10/2009,U,474595,249540,724135
1137,05/01/2003,W,971218,597161,1568379
1138,06/01/2001,W,1057056,611631,1668687
1139,08/31/2014,U,451820,448668,900488
1140,02/05/2004,W,931453,586671,1518124
1141,01/26/2009,W,1024953,633365,1658318
1142,05/13/2002,W,975822,570031,1545853
1143,04/18/2008,W,1097367,652105,1749472
1144,08/07/2008,W,1024746,683487,1708233
1145,03/21/2001,W,1029332,616764,1646096
1146,05/07/2012,W,1000335,731509,1731844
1147,11/15/2007,W,1056246,653620,1709866
1148,02/27/2007,W,998059,610100,1608159
1149,06/08/2005,W,984240,632453,1616693
1150,05/09/2010,U,439376,282516,721892
1151,07/07/2018,A,485369,439367,924736
1152,03/04/2004,W,936797,584225,1521022
1153,06/23/2005,W,888587,593403,1481990
1154,04/18/2018,W,783296,728207,1511503
1155,04/14/2007,A,619468,349162,968630
1156,03/16/2010,W,1036185,679563,1715748
1157,07/12/2014,A,497531,471216,968747
1158,06/16/2019,U,347416,319752,667168
1159,10/11/2002,W,1074197,658585,1732782
1160,02/07/2001,W,1015059,609022,1624081
1161,01/07/2020,W,775765,677497,1453262
1162,09/30/2005,W,1114521,673776,1788297
1163,01/02/2013,W,747631,570506,1318137
1164,01/08/2008,W,990597,592632,1583229
1165,11/27/2005,U,378931,214449,593380
1166,04/07/2007,A,547926,279962,827888
1167,11/02/2015,W,940464,817657,1758121
1168,06/15/2017,W,830091,777758,1607849
1169,11/19/2021,W,443247,337202,780449
1170,06/13/2010,U,451434,348910,800344
1171,05/17/2012,W,1014361,746681,1761042
1172,02/05/2021,W,250369,139613,389982
1173,09/17/2011,A,684347,511704,1196051
1174,06/05/2022,U,230730,216530,447260
1175,12/30/2014,W,646243,567099,1213342
1176,03/14/2007,W,1010219,631196,1641415
1177,05/05/2013,U,471437,350222,821659
1178,09/25/2021,A,300821,296621,597442
1179,01/13/2015,W,881226,743774,1625000
1180,06/10/2013,W,993550,731202,1724752
1181,09/05/2007,W,1097897,689499,1787396
1182,11/14/2004,U,413442,221405,634847
1183,10/21/2014,W,947668,814300,1761968
1184,06/20/2004,U,431055,231581,662636
1185,01/19/2001,W,909964,583851,1493815
1186,10/10/2013,W,1041043,803786,1844829
1187,06/24/2010,W,931520,691266,1622786
1188,08/11/2001,A,607614,323141,930755
1189,02/16/2009,W,765356,486133,1251489
1190,11/03/2006,W,959706,654291,1613997
1191,07/16/2013,W,924281,695896,1620177
1192,09/16/2009,W,1108929,732849,1841778
1193,11/04/2009,W,1105418,695322,1800740
1194,09/14/2006,W,1054398,719561,1773959
1195,08/31/2016,W,815110,779334,1594444
1196,01/01/2001,U,297192,126455,423647
1197,11/01/2021,W,452937,300996,753933
1198,04/24/2006,W,998455,642816,1641271
1199,10/25/2015,U,415182,368100,783282
1200,04/08/2009,W,963532,642963,1606495
1201,01/11/2001,W,995561,607503,1603064
1202,01/25/2018,W,813348,743858,1557206
1203,08/16/2023,W,518485,390193,908678
1204,02/17/2021,W,278930,149828,428758
1205,09/15/2003,W,1015639,653569,1669208
1206,08/12/2017,A,505271,477767,983038
1207,12/17/2010,W,932601,642967,1575568
1208,06/26/2021,A,232678,190791,423469
1209,12/06/2004,W,1000415,587577,1587992
1210,04/14/2002,U,438900,210876,649776
1211,12/17/2007,W,968005,564404,1532409
1212,05/02/2013,W,1028782,752135,1780917
1213,07/06/2014,U,410521,354469,764990
1214,12/23/2005,W,878003,479373,1357376
1215,04/07/2005,W,1001832,612048,1613880
1216,03/09/2014,U,405308,328025,733333
1217,09/12/2011,W,1077578,756209,1833787
1218,09/03/2018,U,330488,293772,624260
1219,08/29/2004,U,407683,243215,650898
1220,02/22/2018,W,833819,743449,1577268
1221,01/29/2012,U,416383,293146,709529
1222,08/14/2006,W,857738,595551,1453289
1223,03/28/2005,W,968792,568013,1536805
1224,12/06/2010,W,944575,641755,1586330
1225,12/10/2011,A,604502,435343,1039845
1226,01/22/2013,W,865232,654679,1519911
1227,08/26/2009,W,921926,651492,1573418
1228,09/18/2015,W,895702,853094,1748796
1229,06/06/2003,W,962917,615632,1578549
1230,06/28/2016,W,771611,748753,1520364
1231,02/22/2020,A,463771,344117,807888
1232,03/06/2016,U,393610,327173,720783
1233,08/17/2022,W,451427,335610,787037
1234,04/30/2009,W,999397,660465,1659862
1235,11/21/2014,W,898889,787291,1686180
1236,12/19/2002,W,1020038,590493,1610531
1237,06/14/2010,W,955902,662467,1618369
1238,06/16/2002,U,456833,225229,682062
1239,09/29/2002,U,421618,232441,654059
1240,06/30/2001,A,649995,363078,1013073
1241,12/27/2021,W,276748,170801,447549
1242,03/29/2015,U,362329,325865,688194
1243,09/03/2012,U,509576,366891,876467
1244,09/29/2018,A,492591,500479,993070
1245,11/10/2019,U,353042,292170,645212
1246,11/10/2018,A,465852,385710,851562
1247,04/12/2007,W,1015749,617734,1633483
1248,11/27/2004,A,472803,246053,718856
1249,05/26/2023,W,497832,356184,854016
1250,04/19/2003,A,562148,263464,825612
1251,05/05/2014,W,963691,769476,1733167
1252,07/03/2010,A,688185,498374,1186559
1253,03/20/2013,W,980735,721345,1702080
1254,04/13/2013,A,600393,462508,1062901
1255,03/26/2004,W,858131,557755,1415886
1256,12/29/2022,W,347158,231287,578445
1257,05/25/2022,W,461780,319883,781663
1258,01/13/2011,W,969691,661269,1630960
1259,02/10/2008,U,300232,176228,476460
1260,04/08/2011,W,1006956,701186,1708142
1261,05/02/2021,U,195776,126355,322131
1262,06/09/2020,W,245154,98717,343871
1263,06/26/2011,U,513140,561689,1074829
1264,06/08/2007,W,1025937,653397,1679334
1265,05/06/2022,W,429700,298387,728087
1266,08/23/2005,W,907676,616739,1524415
1267,01/08/2005,A,533884,261042,794926
1268,01/31/2010,U,437345,249932,687277
1269,02/28/2018,W,837820,736868,1574688
1270,08/26/2008,W,1051063,653148,1704211
1271,06/23/2017,W,729483,747333,1476816
1272,07/21/2001,A,593545,305457,899002
1273,07/03/2024,W,575361,404738,980099
1274,10/13/2014,W,743512,714675,1458187
1275,08/25/2001,A,518211,290626,808837
1276,04/19/2001,W,917518,596505,1514023
1277,03/29/2011,W,1018975,688681,1707656
1278,05/31/2004,U,352611,210076,562687
1279,04/22/2021,W,336610,187886,524496
1280,10/28/2013,W,982644,768974,1751618
1281,05/25/2003,U,408454,223466,631920
1282,10/08/2024,W,652969,459661,1112630
1283,01/21/2017,A,488902,582031,1070933
1284,04/28/2001,A,624970,289747,914717
1285,06/16/2005,W,931626,603660,1535286
1286,10/26/2002,A,626185,331030,957215
1287,03/17/2004,W,932468,589641,1522109
1288,09/24/2009,W,1099145,712276,1811421
1289,11/20/2019,W,839934,756096,1596030
1290,04/22/2015,W,925517,780432,1705949
1291,04/06/2010,W,984899,664805,1649704
1292,06/25/2010,W,941751,750414,1692165
1293,07/16/2001,W,880246,623660,1503906
1294,12/17/2018,W,791252,668008,1459260
1295,04/15/2017,A,506929,453975,960904
1296,09/28/2011,W,1053206,759071,1812277
1297,04/11/2020,A,161743,59808,221551
1298,03/04/2003,W,964967,606043,1571010
1299,07/21/2024,U,336062,262703,598765
1300,11/28/2011,W,1016597,703558,1720155
1301,10/13/2023,W,519462,373986,893448
1302,05/29/2022,U,239199,246793,485992
1303,05/12/2021,W,337223,193841,531064
1304,01/03/2020,W,688165,578202,1266367
1305,05/09/2024,W,569230,406557,975787
1306,12/12/2002,W,1015667,602683,1618350
1307,08/15/2013,W,877526,705604,1583130
1308,02/27/2004,W,980935,589768,1570703
1309,06/30/2024,U,332479,322925,655404
1310,06/03/2003,W,992041,610279,1602320
1311,09/07/2020,U,189391,104992,294383
1312,02/26/2008,W,970886,605240,1576126
1313,10/11/2016,W,884539,805839,1690378
1314,05/22/2007,W,1044661,627087,1671748
1315,08/26/2011,W,997931,710247,1708178
1316,09/01/2021,W,483883,302972,786855
1317,01/13/2016,W,787220,716663,1503883
1318,07/23/2019,W,754783,731712,1486495
1319,06/03/2013,W,1054416,707210,1761626
1320,06/30/2022,W,434307,354302,788609
1321,05/06/2014,W,974250,784430,1758680
1322,11/08/2008,A,675404,398288,1073692
1323,02/26/2019,W,773049,699462,1472511
1324,01/01/2014,U,281657,303441,585098
1325,11/28/2015,A,459598,396926,856524
1326,05/25/2009,U,409208,258452,667660
1327,03/27/2001,W,1017904,600914,1618818
1328,08/13/2014,W,817833,745654,1563487
1329,01/05/2011,W,950712,624027,1574739
1330,01/20/2007,A,576490,316657,893147
1331,03/06/2003,W,874641,573715,1448356
1332,06/13/2018,W,783799,759987,1543786
1333,11/26/2007,W,1009519,612439,1621958
1334,11/12/2008,W,1081236,679826,1761062
1335,04/18/2005,W,1015285,609637,1624922
1336,05/25/2016,W,833427,754244,1587671
1337,05/23/2010,U,490423,322958,813381
1338,04/28/2021,W,303689,172569,476258
1339,03/23/2014,U,418299,315092,733391
1340,02/28/2001,W,990416,610013,1600429
1341,08/31/2010,W,980388,693348,1673736
1342,03/31/2015,W,922487,753405,1675892
1343,11/20/2001,W,1005581,612391,1617972
1344,06/07/2010,W,1001595,679492,1681087
1345,09/04/2004,A,653547,326695,980242
1346,05/30/2020,A,210004,69848,279852
1347,12/22/2004,W,725010,473787,1198797
1348,09/17/2018,W,839178,794968,1634146
1349,06/24/2008,W,1046337,666522,1712859
1350,06/06/2015,A,606641,511352,1117993
1351,11/20/2004,A,627629,371415,999044
1352,01/29/2002,W,979719,597598,1577317
1353,03/17/2015,W,934438,770081,1704519
1354,02/21/2020,W,782853,675973,1458826
1355,03/08/2013,W,1047924,716118,1764042
1356,07/10/2019,W,750223,735504,1485727
1357,06/27/2003,W,890776,661150,1551926
1358,11/26/2018,W,681371,647084,1328455
1359,05/09/2016,W,815440,736551,1551991
1360,01/15/2010,W,1043125,634202,1677327
1361,02/22/2017,W,873309,758299,1631608
1362,02/06/2021,A,161437,89065,250502
1363,05/23/2014,W,906712,763127,1669839
1364,02/26/2006,U,386242,211388,597630
1365,01/29/2022,A,216590,160644,377234
1366,09/05/2003,W,1044868,634834,1679702
1367,01/12/2023,W,474679,340171,814850
1368,10/03/2011,W,1091676,751034,1842710
1369,07/04/2009,A,540914,394405,935319
1370,06/22/2013,A,633702,488805,1122507
1371,05/27/2006,A,646979,358425,1005404
1372,07/16/2018,W,731999,700335,1432334
1373,10/19/2019,A,499700,467794,967494
1374,06/20/2022,W,365955,257700,623655
1375,12/04/2005,U,394671,232929,627600
1376,10/01/2024,W,675858,457355,1133213
1377,07/13/2001,W,957097,641244,1598341
1378,04/09/2019,W,791556,747311,1538867
1379,08/25/2002,U,441076,227484,668560
1380,11/16/2014,U,372383,331794,704177
1381,10/16/2012,W,1081929,792993,1874922
1382,08/27/2001,W,900370,590849,1491219
1383,01/12/2024,W,368347,239249,607596
1384,07/30/2004,W,918563,599378,1517941
1385,06/15/2012,W,996431,803508,1799939
1386,10/22/2005,A,624399,385602,1010001
1387,05/11/2012,W,1042715,745296,1788011
1388,09/04/2018,W,864262,756397,1620659
1389,07/14/2010,W,938980,670046,1609026
1390,08/01/2008,W,1081564,766911,1848475
1391,08/22/2003,W,867524,576202,1443726
1392,02/17/2024,A,340993,224306,565299
1393,03/03/2003,W,822165,535306,1357471
1394,01/17/2021,U,143923,72570,216493
1395,12/29/2012,A,547238,360962,908200
1396,08/15/2008,W,1038006,651338,1689344
1397,02/21/2018,W,831241,740388,1571629
1398,12/09/2005,W,922330,630309,1552639
1399,12/07/2006,W,921792,603900,1525692
1400,03/08/2012,W,1049305,735123,1784428
1401,11/15/2020,U,136434,75619,212053
1402,04/06/2014,U,435676,373726,809402
1403,03/27/2009,W,969091,614690,1583781
1404,04/06/2017,W,822266,771468,1593734
1405,10/03/2004,U,450247,252513,702760
1406,12/13/2023,W,559461,378896,938357
1407,05/31/2002,W,1040502,635809,1676311
1408,02/10/2024,A,373420,231891,605311
1409,08/11/2008,W,969826,623874,1593700
1410,05/10/2012,W,1036368,743841,1780209
1411,08/09/2013,W,906417,711160,1617577
1412,06/19/2005,U,459729,243775,703504
1413,11/09/2002,A,630142,329264,959406
1414,10/26/2016,W,824006,782126,1606132
1415,01/28/2008,W,1025845,623259,1649104
1416,02/03/2018,A,435554,344309,779863
1417,11/22/2007,U,294447,157890,452337
1418,09/21/2016,W,863211,814264,1677475
1419,11/06/2022,U,237292,195418,432710
1420,06/17/2021,W,372186,247900,620086
1421,07/30/2016,A,503786,576267,1080053
1422,06/08/2010,W,931456,652565,1584021
1423,06/28/2018,W,751395,758891,1510286
1424,10/18/2016,W,901884,810090,1711974
1425,09/21/2002,A,674983,330553,1005536
1426,10/19/2008,U,537382,296713,834095
1427,11/28/2022,W,472849,306743,779592
1428,09/21/2023,W,581536,449600,1031136
1429,10/15/2002,W,1068455,653527,1721982
1430,07/01/2003,W,957351,634210,1591561
1431,03/29/2023,W,470430,353192,823622
1432,04/02/2020,W,214222,95183,309405
1433,04/01/2011,W,960123,712981,1673104
1434,08/19/2008,W,1012560,662493,1675053
1435,06/12/2008,W,1026283,681143,1707426
1436,05/31/2016,W,801439,753953,1555392
1437,01/26/2023,W,484428,350067,834495
1438,12/26/2022,U,205368,123005,328373
1439,10/24/2016,W,869861,779618,1649479
1440,04/20/2002,A,574009,300177,874186
1441,02/03/2009,W,1058730,636578,1695308
1442,12/20/2001,W,987827,586572,1574399
1443,11/13/2016,U,369986,338339,708325
1444,08/25/2017,W,749192,741123,1490315
1445,05/13/2017,A,504045,427964,932009
1446,08/27/2008,W,1040926,650396,1691322
1447,04/24/2007,W,1054294,631249,1685543
1448,10/31/2015,A,500004,418362,918366
1449,06/12/2023,W,457944,327050,784994
1450,04/08/2007,U,374365,189557,563922
1451,02/15/2012,W,1051929,726359,1778288
1452,11/28/2008,W,668376,363454,1031830
1453,01/05/2009,W,1012207,591455,1603662
1454,03/08/2005,W,1009879,597987,1607866
1455,12/29/2018,A,394088,307105,701193
1456,01/06/2005,W,862750,554283,1417033
1457,09/05/2022,U,236613,180944,417557
1458,05/07/2011,A,642855,443268,1086123
1459,10/27/2001,A,582223,291912,874135
1460,11/30/2011,W,1043354,730140,1773494
1461,04/26/2011,W,1009393,717303,1726696
1462,09/25/2004,A,627583,322940,950523
1463,07/02/2020,W,320859,149071,469930
1464,01/03/2005,W,894571,512620,1407191
1465,12/21/2013,A,513799,421443,935242
1466,11/02/2011,W,1077675,764539,1842214
1467,12/14/2002,A,653848,325639,979487
1468,02/13/2022,U,175728,133282,309010
1469,08/29/2018,W,752668,767691,1520359
1470,10/21/2017,A,520339,481334,1001673
1471,10/10/2003,W,1031598,661985,1693583
1472,01/20/2012,W,826497,746064,1572561
1473,09/25/2019,W,859089,781453,1640542
1474,02/14/2004,A,610834,301728,912562
1475,03/25/2024,W,474355,319635,793990
1476,07/13/2019,A,496000,471671,967671
1477,05/10/2013,W,972916,725511,1698427
1478,01/23/2012,W,1010116,710762,1720878
1479,03/14/2015,A,605758,673707,1279465
1480,02/03/2023,W,367206,247871,615077
1481,07/18/2007,W,939708,654848,1594556
1482,02/24/2004,W,957453,588493,1545946
1483,10/29/2006,U,434824,265624,700448
1484,08/12/2003,W,864526,595230,1459756
1485,01/16/2017,W,486791,435039,921830
1486,12/01/2003,W,998632,601364,1599996
1487,11/28/2002,U,297477,145995,443472
1488,02/27/2019,W,797800,711827,1509627
1489,12/16/2018,U,353013,309297,662310
1490,11/24/2004,W,835824,550778,1386602
1491,11/29/2023,W,553418,387126,940544
1492,06/04/2002,W,915667,575065,1490732
1493,07/13/2024,A,424138,300881,725019
1494,07/16/2015,W,802468,762144,1564612
1495,10/06/2021,W,474666,317494,792160
1496,07/23/2018,W,742296,746950,1489246
1497,02/23/2016,W,890949,765309,1656258
1498,01/14/2021,W,275747,137634,413381
1499,06/20/2006,W,889908,636659,1526567
1500,04/02/2003,W,1020829,602855,1623684
1501,03/24/2007,A,619377,326859,946236
1502,05/18/2010,W,976377,669846,1646223
1503,07/04/2020,A,188378,94601,282979
1504,12/20/2006,W,975226,586048,1561274
1505,04/14/2012,A,644498,470545,1115043
1506,05/28/2004,W,978308,574148,1552456
1507,10/06/2013,U,468784,350969,819753
1508,07/08/2004,W,909149,580508,1489657
1509,10/11/2014,A,584377,527418,1111795
1510,11/23/2007,W,619195,356064,975259
1511,10/03/2006,W,1064774,681381,1746155
1512,08/05/2002,W,941406,569627,1511033
1513,09/17/2021,W,469512,377373,846885
1514,04/19/2018,W,774579,749646,1524225
1515,08/24/2010,W,962622,674401,1637023
1516,03/20/2012,W,1043797,718050,1761847
1517,03/26/2016,A,518549,415919,934468
1518,08/14/2013,W,882740,717664,1600404
1519,06/17/2012,U,497166,372514,869680
1520,12/25/2022,U,85188,55366,140554
1521,09/30/2007,U,463947,239074,703021
1522,03/01/2014,A,559952,448218,1008170
1523,01/05/2024,W,445488,280897,726385
1524,02/23/2017,W,850254,751257,1601511
1525,09/09/2016,W,879935,784678,1664613
1526,12/08/2008,W,1039370,618281,1657651
1527,03/03/2001,A,678870,286786,965656
1528,03/28/2001,W,1007699,601999,1609698
1529,03/23/2016,W,838201,714672,1552873
1530,08/03/2012,W,997248,828673,1825921
1531,01/17/2022,W,247901,160202,408103
1532,04/19/2021,W,307407,165608,473015
1533,02/24/2018,A,461537,387230,848767
1534,07/08/2011,W,973648,738968,1712616
1535,11/21/2011,W,1039312,726360,1765672
1536,03/24/2013,U,401250,288966,690216
1537,06/16/2009,W,913925,644994,1558919
1538,04/03/2009,W,1094889,653334,1748223
1539,01/31/2003,W,929004,577555,1506559
1540,06/06/2008,W,1087144,661938,1749082
1541,02/24/2003,W,908324,574013,1482337
1542,12/08/2002,U,396717,202070,598787
1543,05/08/2022,U,204641,167467,372108
1544,09/21/2003,U,421320,231095,652415
1545,09/25/2022,U,229013,196621,425634
1546,03/25/2018,U,331496,306710,638206
1547,06/29/2010,W,919886,716597,1636483
1548,04/28/2006,W,1008989,666532,1675521
1549,08/12/2021,W,381061,280760,661821
1550,01/26/2007,W,901880,600561,1502441
1551,02/16/2008,A,649814,336935,986749
1552,07/05/2010,U,490386,338754,829140
1553,10/03/2010,U,451850,307659,759509
1554,09/29/2007,A,678705,358750,1037455
1555,09/16/2016,W,889307,843488,1732795
1556,12/19/2019,W,745959,664554,1410513
1557,07/19/2013,W,897959,775821,1673780
1558,09/22/2009,W,1098839,708391,1807230
1559,04/17/2003,W,815274,563613,1378887
1560,07/01/2019,W,751938,691817,1443755
1561,04/25/2024,W,615343,428724,1044067
1562,01/31/2017,W,828074,741389,1569463
1563,01/17/2018,W,787021,713680,1500701
1564,03/29/2003,A,555638,280361,835999
1565,07/18/2005,W,902531,582649,1485180
1566,08/05/2015,W,831758,765442,1597200
1567,09/16/2011,W,1061833,774553,1836386
1568,01/13/2012,W,940512,692943,1633455
1569,05/21/2009,W,1070609,663646,1734255
1570,08/04/2009,W,966555,645725,1612280
1571,01/14/2020,W,807239,720277,1527516
1572,07/28/2019,U,399059,314226,713285
1573,07/28/2012,A,686178,517111,1203289
1574,12/09/2020,W,293699,143390,437089
1575,07/08/2016,W,786823,790177,1577000
1576,11/16/2023,W,580758,415406,996164
1577,10/21/2022,W,462718,343986,806704
1578,12/10/2023,U,264202,196318,460520
1579,07/18/2002,W,942643,596288,1538931
1580,05/06/2021,W,322453,187545,509998
1581,01/24/2024,W,549204,389714,938918
1582,03/19/2007,W,1007874,607303,1615177
1583,05/20/2018,U,321817,288853,610670
1584,05/09/2004,U,441379,221375,662754
1585,01/01/2023,U,164489,140776,305265
1586,06/21/2003,A,610796,345895,956691
1587,07/17/2023,W,480822,349113,829935
1588,10/08/2019,W,868009,773805,1641814
1589,04/09/2014,W,977698,805182,1782880
1590,06/25/2019,W,790945,756023,1546968
1591,03/27/2010,A,608093,373225,981318
1592,03/12/2007,W,1009154,613447,1622601
1593,07/25/2011,W,932136,698802,1630938
1594,06/17/2001,U,422714,237483,660197
1595,12/14/2009,W,1003184,616209,1619393
1596,04/22/2001,U,384255,185526,569781
1597,01/03/2009,A,580506,293634,874140
1598,02/04/2007,U,266510,162712,429222
1599,11/09/2023,W,588110,454074,1042184
1600,01/29/2021,W,285439,148439,433878
1601,08/20/2020,W,317199,160843,478042
1602,03/06/2024,W,595103,393574,988677
1603,08/21/2024,W,528372,364450,892822
1604,12/09/2022,W,434379,310116,744495
1605,02/06/2007,W,850354,564981,1415335
1606,09/13/2019,W,822197,800812,1623009
1607,07/29/2021,W,394751,362106,756857
1608,09/19/2009,A,721408,415652,1137060
1609,09/19/2003,W,1019769,642616,1662385
1610,10/27/2015,W,916953,824772,1741725
1611,09/04/2017,U,375104,326524,701628
1612,10/19/2014,U,424169,393552,817721
1613,12/10/2004,W,1010307,598887,1609194
1614,08/30/2019,W,761440,717490,1478930
1615,02/22/2012,W,1052160,732150,1784310
1616,05/11/2003,U,322449,193398,515847
1617,03/09/2017,W,841498,748709,1590207
1618,03/06/2004,A,602180,296173,898353
1619,04/27/2014,U,400302,344503,744805
1620,01/14/2013,W,964972,701958,1666930
1621,09/27/2018,W,858664,847133,1705797
1622,12/20/2008,A,589697,335672,925369
1623,11/21/2009,A,702789,482859,1185648
1624,10/07/2003,W,1051869,699907,1751776
1625,10/19/2007,W,974134,654836,1628970
1626,10/28/2018,U,334541,315184,649725
1627,02/08/2001,W,1007760,610237,1617997
1628,06/20/2008,W,996558,662324,1658882
1629,12/05/2014,W,937187,800885,1738072
1630,03/27/2006,W,962206,601488,1563694
1631,11/21/2013,W,967167,799283,1766450
1632,08/09/2020,U,175080,93832,268912
1633,06/03/2002,W,1001778,583147,1584925
1634,05/14/2006,U,411861,249652,661513
1635,11/16/2022,W,501388,367015,868403
1636,12/14/2019,A,471203,367508,838711
1637,12/30/2002,W,773707,469806,1243513
1638,11/18/2003,W,881272,608253,1489525
1639,10/20/2003,W,1077011,632330,1709341
1640,12/15/2024,U,277186,198006,475192
1641,05/03/2020,U,155791,49160,204951
1642,03/12/2020,W,737628,601682,1339310
1643,05/16/2014,W,900252,764035,1664287
1644,11/03/2012,A,675546,462962,1138508
1645,03/19/2004,W,988154,593249,1581403
1646,09/08/2009,W,1004429,709373,1713802
1647,05/19/2016,W,855438,772464,1627902
1648,07/02/2016,A,530654,448200,978854
1649,06/01/2007,W,1079848,654251,1734099
1650,05/16/2008,W,1110816,668057,1778873
1651,02/04/2003,W,980582,597044,1577626
1652,03/12/2012,W,1015965,715585,1731550
1653,05/31/2005,W,968847,591522,1560369
1654,05/11/2022,W,481802,332548,814350
1655,06/26/2005,U,456191,354882,811073
1656,09/05/2010,U,497194,399389,896583
1657,05/24/2011,W,1019381,719974,1739355
1658,03/13/2016,U,332203,303129,635332
1659,07/01/2015,W,886380,762718,1649098
1660,11/30/2014,U,367831,311435,679266
1661,07/31/2024,W,553120,451191,1004311
1662,07/16/2011,A,671209,512671,1183880
1663,06/12/2002,W,986714,606658,1593372
1664,11/17/2001,A,653210,354828,1008038
1665,07/03/2021,A,292341,215230,507571
1666,11/24/2024,U,301518,222021,523539
1667,11/06/2009,W,1015815,683216,1699031
1668,03/15/2016,W,887592,769441,1657033
1669,09/12/2015,A,553239,530282,1083521
1670,10/17/2015,A,578160,546096,1124256
1671,05/29/2016,U,409978,430982,840960
1672,08/28/2009,W,974302,674306,1648608
1673,05/08/2012,W,1062602,762274,1824876
1674,12/15/2006,W,1002739,632077,1634816
1675,09/21/2024,A,433756,343362,777118
1676,07/11/2020,A,233152,112641,345793
1677,03/16/2016,W,876232,779846,1656078
1678,12/21/2022,W,449539,293415,742954
1679,10/20/2021,W,470815,323794,794609
1680,08/09/2012,W,910038,733293,1643331
1681,05/26/2008,U,460848,274870,735718
1682,01/26/2016,W,872768,764023,1636791
1683,03/24/2018,A,424609,389468,814077
1684,10/14/2020,W,334911,172419,507330
1685,12/14/2012,W,1022704,749478,1772182
1686,09/20/2017,W,887017,795055,1682072
1687,07/06/2020,W,301317,143054,444371
1688,09/21/2020,W,312717,160531,473248
1689,02/10/2002,U,379613,180097,559710
1690,12/24/2001,W,525908,257022,782930
1691,05/07/2015,W,956437,810302,1766739
1692,12/09/2007,U,423634,215699,639333
1693,05/24/2004,W,964387,572310,1536697
1694,02/14/2001,W,1004304,610966,1615270
1695,05/03/2012,W,1086032,766616,1852648
1696,09/03/2002,W,1106907,625970,1732877
1697,02/23/2007,W,999849,617663,1617512
1698,02/28/2006,W,987195,623237,1610432
1699,09/09/2022,W,506174,373012,879186
1700,03/17/2022,W,463068,336933,800001
1701,08/12/2024,W,511004,367635,878639
1702,08/09/2024,W,534634,407471,942105
1703,12/30/2017,A,335207,276381,611588
1704,01/17/2019,W,800348,734929,1535277
1705,06/12/2010,A,600914,444278,1045192
1706,11/22/2023,W,443954,298121,742075
1707,03/07/2012,W,1060619,736849,1797468
1708,11/27/2006,W,1012191,628799,1640990
1709,07/02/2015,W,850667,773838,1624505
1710,08/10/2006,W,856682,614321,1471003
1711,08/17/2018,W,702584,697625,1400209
1712,02/14/2010,U,486887,309746,796633
1713,09/25/2023,W,552311,370891,923202
1714,05/17/2007,W,1043033,627116,1670149
1715,05/28/2017,U,366179,344784,710963
1716,11/15/2021,W,427781,292876,720657
1717,01/02/2011,U,364165,225886,590051
1718,03/12/2006,U,400822,233603,634425
1719,12/05/2018,W,816399,736966,1553365
1720,02/14/2011,W,1064293,708790,1773083
1721,07/24/2014,W,833052,790076,1623128
1722,10/06/2018,A,471199,466775,937974
1723,07/28/2005,W,923931,626164,1550095
1724,08/26/2012,U,425118,326682,751800
1725,09/17/2002,W,1064546,644444,1708990
1726,03/18/2023,A,284653,199267,483920
1727,12/01/2020,W,290906,138364,429270
1728,02/20/2021,A,192157,112011,304168
1729,07/15/2010,W,934492,715607,1650099
1730,08/29/2014,W,871087,781881,1652968
1731,12/17/2014,W,868378,720814,1589192
1732,11/09/2009,W,1076270,673433,1749703
1733,08/11/2003,W,806587,566910,1373497
1734,08/28/2007,W,986289,648482,1634771
1735,02/16/2004,W,684054,441539,1125593
1736,08/24/2017,W,749315,748046,1497361
1737,09/28/2022,W,530749,399004,929753
1738,04/30/2013,W,1029285,738733,1768018
1739,03/10/2020,W,787025,678996,1466021
1740,10/21/2005,W,1064058,674291,1738349
1741,01/27/2022,W,388880,254620,643500
1742,05/12/2024,U,318883,203067,521950
1743,08/01/2003,W,912597,605206,1517803
1744,09/17/2006,U,433989,294159,728148
1745,12/08/2007,A,636461,326501,962962
1746,12/30/2016,W,628159,524474,1152633
1747,09/27/2024,W,564419,418093,982512
1748,07/05/2017,W,746019,733914,1479933
1749,11/30/2009,W,1048329,650622,1698951
1750,09/11/2001,W,957593,525953,1483546
1751,06/13/2001,W,911372,599114,1510486
1752,06/25/2016,A,531261,506223,1037484
1753,08/08/2018,W,737497,726837,1464334
1754,04/07/2023,W,419926,312653,732579
1755,01/06/2004,W,788158,516396,1304554
1756,10/13/2004,W,1041758,633630,1675388
1757,12/18/2018,W,794636,701867,1496503
1758,06/01/2017,W,860327,771134,1631461
1759,04/02/2019,W,815370,727263,1542633
1760,01/15/2014,W,940266,761924,1702190
1761,01/12/2019,A,382464,325219,707683
1762,11/14/2024,W,620448,439564,1060012
1763,06/11/2023,U,239715,193563,433278
1764,10/10/2012,W,1079860,798154,1878014
1765,01/12/2013,A,597811,403037,1000848
1766,02/28/2024,W,549028,375242,924270
1767,05/16/2021,U,195939,137410,333349
1768,11/28/2024,U,190991,132382,323373
1769,08/24/2001,W,926014,619276,1545290
1770,09/11/2008,W,1156490,719806,1876296
1771,08/31/2020,W,312659,156093,468752
1772,10/28/2019,W,762580,729809,1492389
1773,03/12/2003,W,981590,604333,1585923
1774,09/17/2016,A,537329,524421,1061750
1775,07/16/2020,W,306288,154912,461200
1776,07/13/2010,W,944367,664923,1609290
1777,07/02/2023,U,170177,192380,362557
1778,07/12/2005,W,909026,585394,1494420
1779,01/13/2013,U,379108,266395,645503
1780,05/15/2011,U,386219,279473,665692
1781,03/14/2011,W,1019671,686277,1705948
1782,03/11/2014,W,959134,772592,1731726
1783,01/05/2008,A,568839,280264,849103
1784,03/22/2001,W,1030741,617815,1648556
1785,10/14/2019,W,666607,698402,1365009
1786,07/20/2001,W,937942,610617,1548559
1787,10/03/2012,W,1115762,810692,1926454
1788,01/18/2004,U,342002,178641,520643
1789,09/22/2018,A,497023,464531,961554
1790,09/08/2002,U,439942,218716,658658
1791,11/18/2007,U,451689,224895,676584
1792,09/16/2004,W,1029871,621221,1651092
1793,01/17/2012,W,1016429,725950,1742379
1794,11/21/2018,W,649866,605419,1255285
1795,03/04/2017,A,487500,401568,889068
1796,10/27/2004,W,1034962,628723,1663685
1797,11/12/2010,W,951645,714781,1666426
1798,08/18/2010,W,935381,676787,1612168
1799,10/18/2022,W,499407,372296,871703
1800,02/18/2020,W,815098,711305,1526403
1801,11/12/2019,W,756604,724448,1481052
1802,10/15/2024,W,582685,444249,1026934
1803,01/27/2004,W,906997,586852,1493849
1804,09/05/2018,W,854763,785143,1639906
1805,07/06/2007,W,956208,696508,1652716
1806,11/19/2005,A,643136,395851,1038987
1807,07/28/2015,W,827024,782394,1609418
1808,01/10/2009,A,521906,304657,826563
1809,07/24/2018,W,766503,775343,1541846
1810,12/08/2010,W,968593,662398,1630991
1811,08/01/2018,W,778530,757280,1535810
1812,06/05/2013,W,1024709,716938,1741647
1813,01/04/2012,W,839010,626372,1465382
1814,04/09/2017,U,388435,336277,724712
1815,12/27/2004,W,650769,386604,1037373
1816,09/16/2002,W,1049667,617848,1667515
1817,01/07/2014,W,489810,468681,958491
1818,04/17/2013,W,915006,711500,1626506
1819,02/19/2024,W,417871,271357,689228
1820,11/02/2007,W,1019370,640204,1659574
1821,11/08/2014,A,563782,492608,1056390
1822,07/30/2012,W,907631,705435,1613066
1823,06/11/2008,W,1100852,696784,1797636
1824,02/02/2011,W,219234,209287,428521
1825,03/13/2009,W,1075419,656181,1731600
1826,08/24/2021,W,382748,259641,642389
1827,01/12/2007,W,973391,603456,1576847
1828,06/04/2008,W,1114498,656098,1770596
1829,08/20/2022,A,276088,263681,539769
1830,04/08/2020,W,197789,88894,286683
1831,09/06/2023,W,578259,425429,1003688
1832,10/07/2019,W,845146,748413,1593559
1833,06/17/2018,U,351730,324959,676689
1834,05/10/2008,A,742741,326525,1069266
1835,12/25/2006,U,242369,112855,355224
1836,08/06/2008,W,1020516,684080,1704596
1837,09/26/2016,W,884989,787408,1672397
1838,11/09/2016,W,865500,817596,1683096
1839,05/30/2018,W,793348,716886,1510234
1840,07/11/2013,W,958922,787568,1746490
1841,07/05/2020,U,166998,84977,251975
1842,10/25/2007,W,1072949,672155,1745104
1843,06/15/2007,W,1018966,670995,1689961
1844,10/30/2012,W,1012512,765043,1777555
1845,05/26/2004,W,970166,583785,1553951
1846,07/11/2001,W,960775,614294,1575069
1847,06/25/2013,W,888128,694726,1582854
1848,05/31/2009,U,511749,289239,800988
1849,02/11/2017,A,497589,405211,902800
1850,11/26/2002,W,959679,611673,1571352
1851,07/02/2002,W,955991,621541,1577532
1852,10/09/2016,U,368515,528189,896704
1853,01/17/2023,W,496926,344762,841688
1854,07/13/2004,W,923012,571480,1494492
1855,12/23/2022,W,154576,107314,261890
1856,08/19/2016,W,743211,718317,1461528
1857,11/18/2014,W,846179,755916,1602095
1858,03/16/2020,W,493179,284844,778023
1859,07/11/2014,W,839507,817078,1656585
1860,12/29/2024,U,231003,158657,389660
1861,04/04/2012,W,954947,724726,1679673
1862,07/12/2011,W,953976,695840,1649816
1863,09/25/2002,W,1064437,666345,1730782
1864,01/03/2007,W,871683,561287,1432970
1865,11/10/2011,W,970822,755282,1726104
1866,10/15/2008,W,1115651,694445,1810096
1867,02/14/2006,W,1044587,644218,1688805
1868,12/25/2004,U,213912,87992,301904
1869,09/21/2010,W,1068204,750363,1818567
1870,09/23/2002,W,1055515,637798,1693313
1871,05/21/2008,W,1108988,647342,1756330
1872,04/10/2008,W,994944,620427,1615371
1873,02/06/2010,A,616747,354178,970925
1874,11/05/2009,W,1114979,710657,1825636
1875,02/07/2019,W,789342,732351,1521693
1876,06/30/2019,U,342891,473462,816353
1877,09/11/2013,W,1047538,783710,1831248
1878,05/04/2008,U,536640,245821,782461
1879,11/06/2005,U,425669,239193,664862
1880,12/25/2021,A,101622,63575,165197
1881,08/31/2019,A,482463,428658,911121
1882,07/15/2003,W,874304,618204,1492508
1883,02/14/2015,A,514916,380652,895568
1884,05/31/2021,U,194901,147880,342781
1885,11/10/2008,W,1000224,656658,1656882
1886,07/29/2023,A,364824,286441,651265
1887,04/05/2017,W,755345,732462,1487807
1888,03/19/2015,W,928929,771127,1700056
1889,12/06/2014,A,569561,490865,1060426
1890,09/12/2016,W,886146,784139,1670285
1891,12/31/2020,W,254787,114338,369125
1892,05/05/2011,W,1045556,720006,1765562
1893,12/31/2004,W,633996,364015,998011
1894,07/24/2012,W,902916,701367,1604283
1895,06/06/2004,U,433813,247799,681612
1896,06/16/2015,W,911783,818185,1729968
1897,05/10/2010,W,982426,680635,1663061
1898,12/15/2005,W,972435,621555,1593990
1899,05/05/2016,W,898541,818665,1717206
1900,06/04/2006,U,457674,274564,732238
1901,09/14/2003,U,386248,235410,621658
1902,10/27/2007,A,678861,330492,1009353
1903,08/20/2004,W,868398,568661,1437059
1904,12/17/2005,A,576780,326028,902808
1905,10/18/2020,U,150496,92227,242723
1906,09/15/2008,W,1140716,692029,1832745
1907,05/09/2005,W,960649,593537,1554186
1908,09/13/2021,W,450527,296554,747081
1909,06/13/2022,W,433682,306621,740303
1910,02/09/2012,W,1065885,741959,1807844
1911,03/30/2019,A,428233,346980,775213
1912,08/24/2018,W,692290,698828,1391118
1913,10/16/2003,W,1013203,650877,1664080
1914,10/18/2023,W,595182,439266,1034448
1915,09/05/2006,W,1056228,680476,1736704
1916,02/28/2021,U,158200,87008,245208
1917,09/13/2007,W,1073415,664991,1738406
1918,01/15/2016,W,858032,742622,1600654
1919,12/29/2004,W,726475,456993,1183468
1920,08/02/2012,W,956268,736721,1692989
1921,12/12/2010,U,330377,249350,579727
1922,07/20/2012,W,950944,732949,1683893
1923,08/08/2007,W,911127,598593,1509720
1924,06/02/2009,W,1036601,635007,1671608
1925,07/11/2018,W,772083,765257,1537340
1926,10/14/2006,A,622249,386404,1008653
1927,02/06/2009,W,1090042,639394,1729436
1928,05/28/2001,U,392906,191639,584545
1929,07/14/2014,W,803242,716634,1519876
1930,09/04/2016,U,427194,421479,848673
1931,05/27/2008,W,1026141,626634,1652775
1932,11/05/2019,W,855055,769233,1624288
1933,02/14/2020,W,674960,628729,1303689
1934,04/23/2016,A,503944,445282,949226
1935,11/27/2020,W,221878,106692,328570
1936,01/03/2021,U,140440,72391,212831
1937,12/10/2005,A,545442,331523,876965
1938,02/02/2003,U,415598,192294,607892
1939,06/19/2007,W,954392,618913,1573305
1940,11/13/2014,W,866929,789154,1656083
1941,04/21/2013,U,441267,313744,755011
1942,11/09/2013,A,589432,507077,1096509
1943,11/15/2006,W,1039976,661667,1701643
1944,09/08/2013,U,459104,371781,830885
1945,08/24/2022,W,509522,369646,879168
1946,07/05/2022,W,400714,283797,684511
1947,07/11/2003,W,907669,615433,1523102
1948,08/30/2009,U,505635,302535,808170
1949,08/15/2006,W,888214,618372,1506586
1950,07/01/2005,W,945326,662564,1607890
1951,04/14/2016,W,863513,805071,1668584
1952,10/19/2021,W,467179,323286,790465
1953,08/04/2008,W,929003,636533,1565536
1954,10/31/2017,W,843988,758455,1602443
1955,08/08/2017,W,761850,735234,1497084
1956,07/09/2016,A,536269,515738,1052007
1957,05/30/2002,W,990460,606972,1597432
1958,04/15/2011,W,966032,691935,1657967
1959,03/31/2008,W,1008940,622143,1631083
1960,09/11/2009,W,1114404,743271,1857675
1961,12/06/2018,W,820745,757102,1577847
1962,05/19/2003,W,961806,579665,1541471
1963,09/03/2015,W,907453,800062,1707515
1964,12/15/2017,W,780679,700482,1481161
1965,05/08/2010,A,608071,379017,987088
1966,06/03/2018,U,383320,342776,726096
1967,08/30/2021,W,452128,283312,735440
1968,05/21/2013,W,1013059,689412,1702471
1969,10/30/2019,W,733054,721966,1455020
1970,03/07/2001,W,1028462,616666,1645128
1971,08/02/2006,W,872246,628299,1500545
1972,02/02/2017,W,829125,736551,1565676
1973,02/29/2008,W,1049773,618230,1668003
1974,02/15/2004,U,368733,191759,560492
1975,05/07/2024,W,572181,412646,984827
1976,10/04/2022,W,539617,387120,926737
1977,05/26/2010,W,1004824,688396,1693220
1978,09/24/2014,W,961323,833600,1794923
1979,02/05/2009,W,1064605,643718,1708323
1980,03/03/2002,U,331715,174890,506605
1981,04/01/2013,W,980489,708026,1688515
1982,06/28/2005,W,870601,632227,1502828
1983,01/09/2008,W,1023189,604515,1627704
1984,09/10/2003,W,1019275,645858,1665133
1985,04/20/2024,A,406861,279746,686607
1986,07/21/2008,W,1024212,635587,1659799
1987,06/12/2005,U,446785,287623,734408
1988,04/03/2010,A,583966,340842,924808
1989,11/20/2016,U,345895,315179,661074
1990,02/12/2011,A,663253,415060,1078313
1991,05/30/2010,U,480340,367778,848118
1992,04/18/2013,W,811655,693760,1505415
1993,01/09/2012,W,968136,683105,1651241
1994,11/24/2003,W,897941,583860,1481801
1995,02/15/2022,W,434683,282736,717419
1996,10/08/2005,A,638239,378215,1016454
1997,10/21/2001,U,433014,213638,646652
1998,08/13/2010,W,918501,665794,1584295
1999,05/19/2009,W,1072111,650975,1723086
2000,04/04/2024,W,575373,401414,976787
2001,03/07/2002,W,1008102,594952,1603054
2002,10/06/2017,W,841999,805746,1647745
2003,04/03/2014,W,917123,765726,1682849
2004,04/21/2022,W,455139,339779,794918
2005,07/13/2003,U,421579,257051,678630
2006,03/16/2003,U,429227,235438,664665
2007,01/16/2016,A,486797,404212,891009
2008,06/10/2003,W,940459,596552,1537011
2009,08/17/2004,W,847772,547281,1395053
2010,03/16/2013,A,626782,610526,1237308
2011,08/17/2012,W,985722,734329,1720051
2012,03/19/2019,W,812217,727732,1539949
2013,05/08/2003,W,984692,605164,1589856
2014,11/24/2020,W,264500,135119,399619
2015,08/24/2005,W,909467,616129,1525596
2016,11/14/2018,W,820013,766177,1586190
2017,08/06/2002,W,955681,592722,1548403
2018,09/19/2005,W,1033841,657717,1691558
2019,03/23/2003,U,410745,215626,626371
2020,05/26/2001,A,512958,269276,782234
2021,05/24/2021,W,338290,196524,534814
2022,02/02/2020,U,352056,253149,605205
2023,02/17/2022,W,365062,260175,625237
2024,02/11/2005,W,999975,566136,1566111
2025,11/23/2004,W,1019132,616805,1635937
2026,05/19/2001,A,645603,315487,961090
2027,04/14/2006,W,804781,551524,1356305
2028,08/04/2024,U,330850,304125,634975
2029,03/24/2012,A,641412,430070,1071482
2030,05/16/2017,W,843103,768941,1612044
2031,10/21/2015,W,955633,882188,1837821
2032,10/06/2022,W,528937,407379,936316
2033,08/24/2008,U,547427,295072,842499
2034,05/23/2022,W,456515,297901,754416
2035,11/23/2017,U,263654,208426,472080
2036,11/08/2010,W,1046515,709569,1756084
2037,05/10/2017,W,821006,736258,1557264
2038,08/02/2019,W,740366,804952,1545318
2039,10/29/2011,A,665331,469295,1134626
2040,09/24/2018,W,829917,806181,1636098
2041,06/05/2018,W,826465,778366,1604831
2042,03/22/2013,W,1003565,721149,1724714
2043,05/22/2004,A,571606,316714,888320
2044,02/03/2013,U,396422,271153,667575
2045,10/18/2013,W,1024958,784891,1809849
2046,03/21/2009,A,684551,377094,1061645
2047,07/07/2014,W,821674,704301,1525975
2048,02/07/2005,W,987016,578699,1565715
2049,05/14/2013,W,1006636,750210,1756846
2050,08/04/2016,W,783253,755236,1538489
2051,06/10/2002,W,944065,583512,1527577
2052,06/19/2009,W,868477,622117,1490594
2053,08/22/2024,W,529364,377301,906665
2054,03/23/2002,A,617210,290118,907328
2055,03/31/2013,U,402842,267293,670135
2056,08/02/2022,W,451890,335737,787627
2057,03/25/2009,W,1052157,625381,1677538
2058,01/05/2022,W,261752,177105,438857
2059,04/05/2021,W,313426,166404,479830
2060,09/27/2008,A,753562,409500,1163062
2061,05/11/2014,U,402497,321063,723560
2062,01/03/2017,W,690503,650650,1341153
2063,12/04/2016,U,333825,312904,646729
2064,03/16/2012,W,1044828,774035,1818863
2065,07/08/2015,W,848028,813381,1661409
2066,06/10/2007,U,466294,291979,758273
2067,04/13/2022,W,375870,290641,666511
2068,07/11/2006,W,873419,605343,1478762
2069,09/05/2001,W,1047878,644950,1692828
2070,11/06/2018,W,836999,764653,1601652
2071,11/29/2006,W,976231,634505,1610736
2072,04/18/2011,W,861574,655013,1516587
2073,03/21/2004,U,365502,189403,554905
2074,09/18/2001,W,1039365,626518,1665883
2075,03/02/2001,W,1062234,611578,1673812
2076,10/26/2013,A,578216,492032,1070248
2077,07/09/2011,A,688403,487196,1175599
2078,03/23/2011,W,1000324,667467,1667791
2079,09/22/2013,U,445308,368372,813680
2080,06/18/2010,W,940534,693973,1634507
2081,09/08/2015,W,885886,756110,1641996
2082,02/02/2002,A,614544,273954,888498
2083,05/04/2015,W,933337,756442,1689779
2084,11/09/2003,U,383993,221796,605789
2085,11/26/2014,W,738720,652762,1391482
2086,10/14/2002,W,806818,542057,1348875
2087,12/27/2008,A,510369,254291,764660
2088,11/18/2016,W,819907,792361,1612268
2089,05/03/2003,A,645503,335590,981093
2090,07/23/2007,W,937452,613805,1551257
2091,07/04/2024,U,319593,237409,557002
2092,02/01/2019,W,683059,648091,1331150
2093,08/22/2009,A,713225,393634,1106859
2094,08/12/2014,W,772713,719699,1492412
2095,12/28/2008,U,397897,219334,617231
2096,03/05/2001,W,863086,549759,1412845
2097,06/27/2004,U,430542,324978,755520
2098,03/26/2020,W,211746,100860,312606
2099,07/20/2006,W,827202,644150,1471352
2100,02/15/2002,W,1007654,589737,1597391
2101,08/07/2012,W,939745,710734,1650479
2102,06/26/2013,W,866326,690875,1557201
2103,09/11/2014,W,953091,833378,1786469
2104,02/16/2011,W,1050045,709634,1759679
2105,12/23/2019,W,601685,501524,1103209
2106,09/13/2018,W,851071,821484,1672555
2107,09/30/2017,A,524516,482974,1007490
2108,08/16/2004,W,836413,531860,1368273
2109,07/03/2004,A,587961,418005,1005966
2110,02/20/2006,W,681948,453199,1135147
2111,09/04/2003,W,1040002,652383,1692385
2112,06/20/2018,W,741682,763084,1504766
2113,10/28/2008,W,1129560,690269,1819829
2114,09/19/2013,W,1000885,791208,1792093
2115,10/29/2016,A,539098,627116,1166214
2116,07/06/2013,A,619632,463509,1083141
2117,12/26/2006,W,652808,377449,1030257
2118,03/02/2018,W,838965,719445,1558410
2119,02/04/2001,U,404212,178398,582610
2120,05/27/2018,U,382202,375810,758012
2121,11/30/2023,W,559855,396342,956197
2122,11/30/2013,A,594111,419067,1013178
2123,06/02/2005,W,1015376,603865,1619241
2124,04/29/2003,W,958977,595629,1554606
2125,11/04/2013,W,978017,788454,1766471
2126,01/03/2023,W,383247,275846,659093
2127,05/23/2017,W,799986,753184,1553170
2128,08/22/2012,W,993443,741288,1734731
2129,02/08/2012,W,1069324,738273,1807597
2130,10/14/2021,W,466987,336464,803451
2131,11/30/2024,A,308864,217565,526429
2132,11/18/2018,U,339408,316014,655422
2133,12/04/2012,W,1067467,747543,1815010
2134,10/12/2013,A,597479,497092,1094571
2135,07/24/2007,W,935763,624166,1559929
2136,11/22/2004,W,1018065,606086,1624151
2137,10/07/2011,W,1074577,783590,1858167
2138,07/18/2001,W,935427,612765,1548192
2139,02/20/2023,W,371110,251523,622633
2140,05/13/2018,U,335726,306051,641777
2141,01/02/2016,A,448859,365509,814368
2142,06/22/2016,W,707452,755165,1462617
2143,02/08/2007,W,948308,591797,1540105
2144,10/10/2002,W,1072954,655002,1727956
2145,07/04/2007,U,486961,349716,836677
2146,05/20/2002,W,994112,582646,1576758
2147,07/05/2021,U,237811,178415,416226
2148,03/18/2021,W,293346,160989,454335
2149,02/18/2015,W,833785,707746,1541531
2150,01/07/2005,W,915274,554769,1470043
2151,02/14/2016,U,339238,314191,653429
2152,05/21/2015,W,921476,784762,1706238
2153,07/23/2001,W,854318,574685,1429003
2154,03/29/2019,W,764086,667916,1432002
2155,07/04/2010,U,517771,431068,948839
2156,09/29/2014,W,934648,793644,1728292
2157,02/14/2021,U,121070,73603,194673
2158,07/21/2020,W,297659,148632,446291
2159,11/22/2024,W,583958,431451,1015409
2160,09/23/2023,A,381816,312772,694588
2161,06/15/2010,W,948177,686852,1635029
2162,10/21/2018,U,353981,332004,685985
2163,01/10/2008,W,998489,602398,1600887
2164,01/14/2004,W,956180,591625,1547805
2165,08/19/2020,W,317835,158653,476488
2166,09/14/2002,A,642689,327322,970011
2167,08/16/2001,W,800887,581402,1382289
2168,04/15/2014,W,844484,734464,1578948
2169,09/09/2002,W,1071206,630453,1701659
2170,06/10/2009,W,1010707,655620,1666327
2171,07/29/2017,A,496951,462430,959381
2172,10/06/2004,W,1049585,633595,1683180
2173,09/28/2004,W,1032855,651704,1684559
2174,09/02/2024,U,325776,239695,565471
2175,10/11/2015,U,400140,558033,958173
2176,12/20/2018,W,762587,682043,1444630
2177,01/17/2015,A,539500,417756,957256
2178,06/19/2021,A,276925,238075,515000
2179,05/20/2017,A,441093,396705,837798
2180,06/18/2019,W,783381,747919,1531300
2181,06/16/2011,W,960885,741999,1702884
2182,10/24/2013,W,1007402,810665,1818067
2183,03/16/2023,W,499382,360728,860110
2184,02/14/2008,W,1074632,640598,1715230
2185,12/12/2005,W,974895,603601,1578496
2186,09/17/2017,U,386719,379480,766199
2187,01/22/2003,W,912033,572491,1484524
2188,03/17/2014,W,932779,763579,1696358
2189,04/02/2005,A,663367,322162,985529
2190,07/20/2023,W,502681,414002,916683
2191,06/11/2019,W,812806,748133,1560939
2192,02/16/2012,W,1058911,736170,1795081
2193,06/17/2022,W,438575,356445,795020
2194,04/03/2017,W,840610,743301,1583911
2195,12/26/2023,W,360458,208665,569123
2196,03/08/2018,W,813217,734447,1547664
2197,12/22/2013,U,374537,310920,685457
2198,07/11/2007,W,973860,629790,1603650
2199,10/16/2019,W,845543,782133,1627676
2200,10/25/2008,A,718718,391521,1110239
2201,08/11/2013,U,459030,365118,824148
2202,09/30/2011,W,1066348,757321,1823669
2203,09/05/2008,W,1171756,698545,1870301
2204,08/06/2017,U,376669,430711,807380
2205,05/01/2007,W,1096741,680365,1777106
2206,09/05/2020,A,239660,134087,373747
2207,04/19/2017,W,811178,757251,1568429
2208,02/22/2023,W,445175,320183,765358
2209,08/24/2015,W,824140,774207,1598347
2210,08/05/2010,W,949218,698256,1647474
2211,09/08/2014,W,956395,786501,1742896
2212,09/02/2013,U,454573,344582,799155
2213,05/15/2003,W,971525,598384,1569909
2214,01/14/2001,U,373091,174842,547933
2215,05/16/2006,W,994913,648507,1643420
2216,09/14/2023,W,587439,437320,1024759
2217,06/08/2016,W,866785,791667,1658452
2218,11/13/2005,U,416141,247977,664118
2219,10/21/2023,A,364186,309900,674086
2220,03/12/2019,W,816229,729476,1545705
2221,05/03/2022,W,427088,304189,731277
2222,06/29/2017,W,747180,778070,1525250
2223,10/31/2014,W,894082,800198,1694280
2224,08/19/2024,W,498548,335708,834256
2225,09/05/2015,A,571868,528694,1100562
2226,10/04/2020,U,179954,100387,280341
2227,07/22/2004,W,858154,598156,1456310
2228,03/25/2020,W,229414,106913,336327
2229,05/18/2019,A,448115,388373,836488
2230,01/06/2024,A,308872,196983,505855
2231,07/03/2005,U,559176,517599,1076775
2232,10/13/2006,W,1014747,680633,1695380
2233,02/11/2014,W,923651,743715,1667366
2234,09/27/2021,W,458134,298532,756666
2235,02/14/2013,W,1054969,758213,1813182
2236,12/08/2012,A,642192,467324,1109516
2237,07/28/2022,W,448728,380517,829245
2238,08/24/2003,U,408305,227185,635490
2239,06/07/2002,W,1036716,606193,1642909
2240,01/08/2023,U,209397,145377,354774
2241,04/21/2001,A,603039,293701,896740
2242,06/12/2022,U,224348,193587,417935
2243,06/17/2024,W,500089,363300,863389
2244,09/01/2016,W,847144,784336,1631480
2245,09/11/2016,U,397693,354732,752425
2246,01/10/2013,W,964506,693642,1658148
2247,02/24/2005,W,982207,599568,1581775
2248,07/05/2012,W,833954,628259,1462213
2249,08/14/2023,W,408865,290559,699424
2250,08/06/2004,W,918834,576089,1494923
2251,01/18/2001,W,1006996,618832,1625828
2252,10/02/2022,U,230938,198343,429281
2253,05/12/2019,U,336476,298999,635475
2254,07/19/2015,U,440059,443655,883714
2255,10/31/2021,U,203393,183268,386661
2256,06/05/2001,W,935443,606051,1541494
2257,02/25/2004,W,967236,596639,1563875
2258,12/06/2015,U,411174,360066,771240
2259,04/20/2005,W,963837,600039,1563876
2260,03/10/2011,W,1019921,707389,1727310
2261,08/06/2003,W,883115,581895,1465010
2262,05/13/2021,W,347914,205589,553503
2263,05/16/2003,W,999630,589910,1589540
2264,07/30/2017,U,385002,349892,734894
2265,10/26/2001,W,981933,613047,1594980
2266,11/20/2013,W,974233,788003,1762236
2267,01/02/2023,U,254124,165797,419921
2268,02/25/2014,W,933471,752744,1686215
2269,05/19/2015,W,902867,759919,1662786
2270,02/26/2015,W,857402,755359,1612761
2271,10/03/2009,A,715566,415308,1130874
2272,09/16/2024,W,607976,412568,1020544
2273,11/30/2018,W,840494,760471,1600965
2274,09/07/2013,A,634809,510149,1144958
2275,03/19/2006,U,413687,225740,639427
2276,05/09/2001,W,1041324,619928,1661252
2277,10/18/2017,W,888806,831089,1719895
2278,11/10/2010,W,1065459,729087,1794546
2279,01/06/2003,W,982617,574868,1557485
2280,10/02/2014,W,960602,820764,1781366
2281,04/01/2012,U,477703,321629,799332
2282,09/25/2010,A,647044,486430,1133474
2283,05/04/2006,W,1047587,665514,1713101
2284,01/30/2001,W,982046,607858,1589904
2285,10/08/2012,W,977879,713083,1690962
2286,02/19/2021,W,287852,156832,444684
2287,08/18/2004,W,845492,550495,1395987
2288,08/19/2005,W,934667,602164,1536831
2289,06/30/2004,W,906761,639979,1546740
2290,02/04/2020,W,806946,710072,1517018
2291,08/24/2019,A,499355,424284,923639
2292,04/05/2012,W,933666,750000,1683666
2293,01/11/2009,U,390151,219600,609751
2294,02/15/2010,W,722405,483572,1205977
2295,07/06/2008,U,520542,324341,844883
2296,11/22/2010,W,957125,667375,1624500
2297,09/04/2021,A,288744,249857,538601
2298,04/07/2018,A,466492,404650,871142
2299,08/28/2017,W,761796,740387,1502183
2300,09/02/2019,U,374967,328376,703343
2301,09/16/2015,W,956622,840594,1797216
2302,12/28/2023,W,392855,253397,646252
2303,03/07/2011,W,889994,640899,1530893
2304,01/17/2005,W,539410,349284,888694
2305,02/11/2012,A,591333,399462,990795
2306,10/31/2003,W,996142,628603,1624745
2307,09/16/2023,A,352049,340865,692914
2308,04/16/2012,W,996333,713598,1709931
2309,06/23/2010,W,820493,627767,1448260
2310,02/20/2007,W,1030943,626057,1657000
2311,12/20/2021,W,346355,235596,581951
2312,05/08/2014,W,968856,794388,1763244
2313,01/05/2019,A,444434,348257,792691
2314,03/26/2014,W,961287,734053,1695340
2315,07/17/2005,U,443824,270831,714655
2316,10/19/2001,W,956423,642121,1598544
2317,10/25/2019,W,757907,729221,1487128
2318,08/29/2012,W,1019369,757338,1776707
2319,12/04/2006,W,962864,605349,1568213
2320,01/31/2022,W,405219,253283,658502
2321,12/29/2005,W,738031,481238,1219269
2322,04/14/2009,W,1028849,642703,1671552
2323,09/20/2003,A,618523,338787,957310
2324,11/11/2009,W,908424,620355,1528779
2325,01/06/2015,W,771953,679913,1451866
2326,02/05/2022,A,222874,169731,392605
2327,07/22/2012,U,481281,353089,834370
2328,06/17/2015,W,869500,775968,1645468
2329,04/05/2011,W,1063835,723943,1787778
2330,06/22/2001,W,957514,626565,1584079
2331,11/08/2020,U,166538,94199,260737
2332,02/24/2020,W,789498,682036,1471534
2333,09/06/2019,W,821645,744323,1565968
2334,03/13/2003,W,978881,609896,1588777
2335,03/01/2018,W,807973,724095,1532068
2336,12/13/2014,A,575613,498945,1074558
2337,01/14/2011,W,983953,656551,1640504
2338,06/10/2001,U,438393,242257,680650
2339,01/19/2024,W,462986,293650,756636
2340,07/10/2012,W,958191,713798,1671989
2341,03/02/2003,U,347417,182200,529617
2342,04/11/2022,W,388543,276040,664583
2343,05/23/2018,W,827983,774273,1602256
2344,07/02/2010,W,948286,728895,1677181
2345,09/22/2003,W,992288,638244,1630532
2346,09/18/2017,W,866120,772443,1638563
2347,07/06/2019,A,464539,390851,855390
2348,01/10/2020,W,753866,654344,1408210
2349,12/26/2008,W,564107,321342,885449
2350,01/25/2001,W,1004257,609877,1614134
2351,01/23/2018,W,795146,733662,1528808
2352,11/21/2006,W,1022970,651230,1674200
2353,04/03/2008,W,1112511,663802,1776313
2354,06/09/2013,U,473625,393881,867506
2355,05/29/2007,W,1024735,622662,1647397
2356,09/19/2004,U,434873,237754,672627
2357,01/22/2001,W,1005936,598777,1604713
2358,10/07/2002,W,1086922,641838,1728760
2359,07/03/2017,W,669915,543712,1213627
2360,01/06/2018,A,372807,292077,664884
2361,02/04/2017,A,461743,370873,832616
2362,03/05/2005,A,625252,303912,929164
2363,08/04/2007,A,646378,422115,1068493
2364,01/29/2005,A,559310,277291,836601
2365,02/19/2019,W,812492,725195,1537687
2366,09/09/2010,W,1053439,729328,1782767
2367,04/02/2012,W,935073,696533,1631606
2368,08/13/2019,W,715539,697693,1413232
2369,06/27/2011,W,915375,702396,1617771
2370,08/04/2018,A,480664,521622,1002286
2371,12/07/2022,W,501570,348450,850020
2372,05/20/2012,U,445099,374706,819805
2373,12/08/2020,W,277139,137145,414284
2374,10/30/2016,U,377290,446582,823872
2375,05/20/2011,W,1027404,710957,1738361
2376,06/24/2006,A,607951,371810,979761
2377,09/12/2014,W,929062,817716,1746778
2378,11/12/2020,W,305497,158496,463993
2379,10/14/2009,W,1077269,703009,1780278
2380,10/14/2001,U,409065,209437,618502
2381,10/04/2011,W,1090878,767029,1857907
2382,09/29/2004,W,1026441,651246,1677687
2383,07/25/2004,U,425968,250189,676157
2384,08/17/2009,W,854426,594551,1448977
2385,09/10/2005,A,662248,379906,1042154
2386,07/07/2024,U,304485,241639,546124
2387,08/03/2016,W,822281,785246,1607527
2388,12/11/2023,W,517482,326238,843720
2389,05/15/2015,W,921190,804671,1725861
2390,01/25/2002,W,1028432,601352,1629784
2391,07/21/2005,W,920983,610460,1531443
2392,11/03/2003,W,1007989,614598,1622587
2393,06/20/2020,A,221620,81634,303254
2394,09/19/2012,W,1090006,805444,1895450
2395,03/29/2002,W,755230,472276,1227506
2396,08/06/2018,W,688147,687412,1375559
2397,05/08/2023,W,469174,325860,795034
2398,04/01/2018,U,305848,238356,544204
2399,02/09/2023,W,456891,326676,783567
2400,12/25/2008,U,238727,113322,352049
2401,06/23/2004,W,858709,578302,1437011
2402,01/09/2024,W,478685,330005,808690
2403,11/28/2009,A,587950,342511,930461
2404,02/26/2004,W,973201,598172,1571373
2405,06/28/2024,W,519127,372226,891353
2406,08/10/2015,W,772518,716242,1488760
2407,11/08/2016,W,880506,791870,1672376
2408,01/07/2012,A,583725,390564,974289
2409,06/09/2005,W,1000130,622726,1622856
2410,01/17/2014,W,909353,743024,1652377
2411,01/14/2016,W,859099,758116,1617215
2412,02/14/2022,W,400492,260703,661195
2413,07/28/2006,W,900144,673789,1573933
2414,11/14/2021,U,191694,153282,344976
2415,06/01/2020,W,146931,27517,174448
2416,08/18/2011,W,951134,707426,1658560
2417,02/13/2005,U,384592,194152,578744
2418,08/30/2013,W,1025684,740853,1766537
2419,01/22/2011,A,522699,330666,853365
2420,08/25/2005,W,907614,590749,1498363
2421,06/26/2019,W,778502,758880,1537382
2422,10/19/2022,W,525153,378834,903987
2423,03/31/2022,W,446918,313624,760542
2424,12/21/2021,W,343757,224928,568685
2425,12/25/2005,U,263158,105718,368876
2426,08/29/2021,U,215493,180030,395523
2427,08/13/2024,W,561949,432482,994431
2428,08/11/2021,W,364185,258741,622926
2429,08/22/2008,W,1009399,677130,1686529
2430,05/18/2016,W,856701,757395,1614096
2431,12/31/2011,A,583259,408205,991464
2432,01/08/2010,W,937662,597434,1535096
2433,11/22/2022,W,435161,314006,749167
2434,10/23/2016,U,388470,366503,754973
2435,08/27/2015,W,858460,803728,1662188
2436,08/19/2004,W,861625,560944,1422569
2437,04/09/2011,A,675312,462038,1137350
2438,11/27/2022,U,190990,145822,336812
2439,02/18/2011,W,1053474,710682,1764156
2440,01/08/2002,W,973200,585667,1558867
2441,02/06/2014,W,888288,753787,1642075
2442,04/15/2010,W,1040113,728178,1768291
2443,03/30/2021,W,324218,170588,494806
2444,09/01/2011,W,1047270,739620,1786890
2445,08/08/2008,W,1041165,713105,1754270
2446,01/04/2004,U,303611,162880,466491
2447,11/29/2009,U,399383,238190,637573
2448,12/21/2018,W,727571,633479,1361050
2449,07/14/2020,W,312379,152758,465137
2450,01/15/2008,W,1013209,616432,1629641
2451,09/23/2004,W,1044192,639139,1683331
2452,11/13/2001,W,1026715,641101,1667816
2453,01/05/2004,W,894467,548650,1443117
2454,07/13/2022,W,462243,357923,820166
2455,12/30/2023,A,340207,212901,553108
2456,01/15/2017,U,328355,280852,609207
2457,04/07/2013,U,440588,357215,797803
2458,06/19/2020,W,303502,125162,428664
2459,02/08/2019,W,710682,655823,1366505
2460,05/03/2023,W,555155,381538,936693
2461,09/28/2015,W,929278,829791,1759069
2462,04/26/2012,W,1044469,760338,1804807
2463,07/17/2015,W,822257,809549,1631806
2464,07/20/2008,U,546570,284611,831181
2465,11/27/2002,W,946620,584367,1530987
2466,05/04/2002,A,660227,312131,972358
2467,01/25/2014,A,490314,396641,886955
2468,12/06/2022,W,491402,343974,835376
2469,08/03/2006,W,911057,656020,1567077
2470,11/03/2016,W,919828,891357,1811185
2471,03/01/2016,W,859775,741922,1601697
2472,10/15/2012,W,1071312,776921,1848233
2473,06/04/2009,W,1078827,665490,1744317
2474,08/12/2016,W,700723,715035,1415758
2475,04/23/2011,A,644228,421767,1065995
2476,03/31/2019,U,324724,264228,588952
2477,02/28/2020,W,786008,665937,1451945
2478,07/02/2006,U,440041,343944,783985
2479,07/16/2007,W,939642,627282,1566924
2480,08/04/2017,W,732776,827248,1560024
2481,09/22/2002,U,416973,215142,632115
2482,02/14/2014,W,961152,778342,1739494
2483,02/11/2022,W,413489,269373,682862
2484,09/21/2009,W,1076200,692304,1768504
2485,09/14/2013,A,632081,504797,1136878
2486,10/12/2011,W,1068602,776561,1845163
2487,11/05/2012,W,1069691,766701,1836392
2488,03/09/2023,W,498577,352220,850797
2489,01/21/2006,A,542740,308378,851118
2490,10/23/2021,A,288871,244421,533292
2491,12/27/2013,W,659876,531774,1191650
2492,04/11/2024,W,557100,397195,954295
2493,11/28/2001,W,981842,614405,1596247
2494,11/10/2017,W,741017,721331,1462348
2495,04/13/2009,W,937261,619681,1556942
2496,03/15/2020,U,256591,166575,423166
2497,03/13/2007,W,1053169,648460,1701629
2498,01/05/2002,A,542470,245820,788290
2499,09/09/2006,A,609019,386190,995209
2500,01/16/2004,W,969715,578153,1547868
2501,09/06/2005,W,1094714,647343,1742057
2502,10/28/2022,W,501985,352842,854827
2503,04/26/2022,W,476474,323321,799795
2504,01/26/2017,W,823395,750472,1573867
2505,03/31/2011,W,958648,709483,1668131
2506,11/28/2020,A,198860,97141,296001
2507,07/21/2015,W,848416,782194,1630610
2508,08/18/2021,W,387316,265679,652995
2509,06/24/2011,W,923487,714821,1638308
2510,10/04/2021,W,453108,297717,750825
2511,06/10/2004,W,927625,614363,1541988
2512,08/09/2003,A,638279,371415,1009694
2513,10/28/2017,A,472503,422323,894826
2514,12/16/2019,W,743694,648766,1392460
2515,11/07/2006,W,1033037,651606,1684643
2516,03/07/2016,W,866171,739174,1605345
2517,06/26/2004,A,611676,374748,986424
2518,11/27/2003,U,292469,153251,445720
2519,12/07/2001,W,1023743,618300,1642043
2520,04/10/2003,W,1007977,624279,1632256
2521,11/28/2021,U,184817,147830,332647
2522,04/06/2004,W,977036,585618,1562654
2523,05/05/2012,A,666613,497814,1164427
2524,12/28/2014,U,353263,283343,636606
2525,07/04/2017,U,407991,389791,797782
2526,08/11/2024,U,335905,277892,613797
2527,07/06/2004,W,877429,556428,1433857
2528,10/15/2006,U,420083,260059,680142
2529,04/08/2008,W,1063269,628618,1691887
2530,09/27/2016,W,889769,795780,1685549
2531,11/05/2013,W,982549,795511,1778060
2532,07/16/2014,W,844384,752925,1597309
2533,06/03/2022,W,494862,353934,848796
2534,05/24/2024,W,557209,368883,926092
2535,09/16/2008,W,1168626,731344,1899970
2536,05/29/2013,W,1014424,715430,1729854
2537,05/17/2002,W,991682,583205,1574887
2538,02/02/2009,W,1062276,628819,1691095
2539,06/10/2020,W,258523,101685,360208
2540,12/13/2015,U,383666,344084,727750
2541,11/15/2009,U,460225,274484,734709
2542,12/21/2011,W,948139,649395,1597534
2543,12/21/2009,W,848265,548679,1396944
2544,08/28/2018,W,751236,764285,1515521
2545,10/14/2010,W,1060257,750943,1811200
2546,03/09/2010,W,1025242,665192,1690434
2547,02/07/2008,W,1028104,633781,1661885
2548,01/15/2015,W,899363,760336,1659699
2549,07/10/2005,U,444647,239684,684331
2550,04/04/2011,W,1021955,695709,1717664
2551,07/16/2019,W,736299,746731,1483030
2552,01/08/2019,W,784085,701693,1485778
2553,12/21/2004,W,783801,508747,1292548
2554,03/17/2019,U,337661,301294,638955
2555,03/24/2019,U,312958,279989,592947
2556,10/08/2022,A,327134,300298,627432
2557,04/28/2012,A,592513,425418,1017931
2558,10/06/2010,W,1057375,730113,1787488
2559,08/13/2008,W,973719,627548,1601267
2560,04/26/2010,W,1014665,682134,1696799
2561,09/05/2023,W,586167,409043,995210
2562,10/21/2011,W,1072848,782981,1855829
2563,07/22/2024,W,536657,384948,921605
2564,05/14/2017,U,364734,313469,678203
2565,04/17/2021,A,237265,155208,392473
2566,11/11/2003,W,789039,542871,1331910
2567,07/15/2022,W,385035,307877,692912
2568,11/26/2009,U,329214,188829,518043
2569,02/22/2007,W,1018598,631479,1650077
2570,06/04/2004,W,1031015,619850,1650865
2571,08/01/2009,A,712791,396785,1109576
2572,06/27/2006,W,886147,642922,1529069
2573,04/09/2024,W,593688,400628,994316
2574,12/14/2016,W,734884,688959,1423843
2575,07/03/2015,U,602599,612736,1215335
2576,08/13/2022,A,295364,253835,549199
2577,09/13/2001,W,1010171,607718,1617889
2578,02/26/2023,U,246373,152718,399091
2579,06/08/2023,W,493065,387473,880538
2580,03/24/2015,W,904344,727888,1632232
2581,02/23/2021,W,308822,157020,465842
2582,10/18/2011,W,1054603,759917,1814520
2583,06/13/2002,W,967153,596032,1563185
2584,07/03/2020,U,272940,127079,400019
2585,05/11/2023,W,533940,384804,918744
2586,08/04/2023,W,493321,456039,949360
2587,05/04/2023,W,542958,391265,934223
2588,05/03/2014,A,632332,511129,1143461
2589,04/08/2018,U,335409,283411,618820
2590,06/12/2020,W,276051,113656,389707
2591,01/28/2015,W,922297,763680,1685977
2592,03/04/2014,W,953477,761357,1714834
2593,06/21/2021,W,349781,237699,587480
2594,12/19/2023,W,527927,342290,870217
2595,09/11/2023,W,504742,356445,861187
2596,06/23/2022,W,442860,345391,788251
2597,12/02/2015,W,906715,792020,1698735
2598,02/24/2021,W,307300,156793,464093
2599,12/18/2013,W,900934,719652,1620586
2600,09/14/2017,W,874356,838725,1713081
2601,04/17/2014,W,864791,770728,1635519
2602,12/09/2009,W,985064,649445,1634509
2603,07/24/2020,W,318269,161024,479293
2604,10/27/2002,U,413385,217556,630941
2605,07/01/2010,W,997162,802022,1799184
2606,03/09/2020,W,736013,647602,1383615
2607,08/09/2019,W,720081,716084,1436165
2608,12/25/2002,U,237547,96846,334393
2609,01/07/2006,A,518237,280538,798775
2610,06/15/2002,A,644968,318379,963347
2611,04/01/2016,W,848592,767974,1616566
2612,04/18/2014,W,814560,712086,1526646
2613,10/02/2009,W,1094376,710954,1805330
2614,08/01/2002,W,969159,607964,1577123
2615,10/02/2004,A,682534,363581,1046115
2616,11/28/2012,W,1030518,750417,1780935
2617,07/31/2017,W,732690,707434,1440124
2618,04/21/2020,W,219120,77886,297006
2619,07/21/2018,A,469280,483657,952937
2620,07/12/2013,W,928925,802562,1731487
2621,10/05/2010,W,1062843,726247,1789090
2622,05/20/2007,U,422463,233007,655470
2623,03/10/2018,A,471143,394014,865157
2624,12/27/2011,W,721508,498735,1220243
2625,04/21/2014,W,876478,741631,1618109
2626,03/27/2011,U,421290,276610,697900
2627,09/26/2005,W,1050587,651165,1701752
2628,09/10/2024,W,646216,451939,1098155
2629,04/04/2002,W,995075,600930,1596005
2630,12/08/2011,W,1023297,721739,1745036
2631,12/11/2006,W,995926,609360,1605286
2632,02/01/2022,W,438309,273732,712041
2633,11/16/2011,W,1043071,758159,1801230
2634,06/07/2019,W,797917,760907,1558824
2635,09/24/2012,W,1067116,777711,1844827
2636,03/29/2017,W,837430,745915,1583345
2637,04/30/2021,W,358329,207166,565495
2638,11/03/2008,W,1178414,690751,1869165
2639,07/04/2004,U,446583,324563,771146
2640,12/06/2012,W,1030407,751285,1781692
2641,03/02/2008,U,465660,229531,695191
2642,10/03/2015,A,571153,488574,1059727
2643,03/07/2009,A,564839,319673,884512
2644,02/04/2014,W,946438,759960,1706398
2645,07/27/2001,W,933625,634484,1568109
2646,01/09/2007,W,978577,598746,1577323
2647,07/04/2011,U,502623,375468,878091
2648,07/06/2017,W,755516,784948,1540464
2649,07/13/2007,W,956346,676306,1632652
2650,12/20/2023,W,540890,343581,884471
2651,01/31/2006,W,995530,634459,1629989
2652,11/01/2003,A,606945,309648,916593
2653,01/29/2023,U,199420,144673,344093
2654,04/28/2014,W,884033,735132,1619165
2655,05/04/2010,W,1047595,687646,1735241
2656,09/10/2019,W,856513,769458,1625971
2657,10/01/2011,A,701783,480889,1182672
2658,04/27/2010,W,1022698,697232,1719930
2659,08/18/2019,U,330848,289890,620738
2660,06/15/2009,W,969271,636444,1605715
2661,02/26/2021,W,309217,164565,473782
2662,05/17/2008,A,749048,350884,1099932
2663,04/25/2015,A,496407,435893,932300
2664,02/14/2019,W,824482,746611,1571093
2665,02/08/2002,W,1027036,594502,1621538
2666,01/15/2007,W,604564,389675,994239
2667,06/23/2012,A,676430,492238,1168668
2668,07/29/2020,W,305332,152279,457611
2669,04/21/2024,U,307107,203722,510829
2670,10/13/2021,W,456836,323735,780571
2671,10/04/2018,W,875646,845234,1720880
2672,08/10/2003,U,418764,244876,663640
2673,05/15/2002,W,1015551,600667,1616218
2674,09/02/2002,U,381482,201136,582618
2675,04/27/2018,W,812960,752386,1565346
2676,09/03/2004,W,975876,588503,1564379
2677,12/17/2003,W,925481,573820,1499301
2678,10/26/2020,W,294204,155238,449442
2679,12/11/2003,W,936467,591327,1527794
2680,11/06/2024,W,631969,427995,1059964
2681,06/24/2020,W,286680,133015,419695
2682,04/06/2016,W,851050,763128,1614178
2683,12/13/2022,W,488778,350345,839123
2684,11/20/2005,U,424683,243191,667874
2685,01/11/2016,W,753006,694734,1447740
2686,11/06/2021,A,279147,235533,514680
2687,09/28/2012,W,1080818,803271,1884089
2688,12/06/2003,A,587823,326475,914298
2689,04/26/2020,U,145023,47350,192373
2690,12/13/2007,W,1039827,615948,1655775
2691,04/08/2017,A,508239,452426,960665
2692,07/16/2005,A,640959,397796,1038755
2693,06/28/2014,A,574082,524253,1098335
2694,07/30/2002,W,934322,614162,1548484
2695,12/24/2007,W,531176,252649,783825
2696,08/08/2012,W,937937,714729,1652666
2697,06/24/2003,W,928442,620552,1548994
2698,03/19/2021,W,330666,178106,508772
2699,03/26/2019,W,794453,688849,1483302
2700,03/14/2018,W,834401,747391,1581792
2701,10/19/2024,A,425987,354109,780096
2702,09/09/2009,W,1097851,711047,1808898
2703,01/16/2002,W,955758,608009,1563767
2704,09/03/2019,W,821674,738399,1560073
2705,03/04/2015,W,928771,750369,1679140
2706,10/25/2010,W,1030602,710784,1741386
2707,10/17/2007,W,1096384,668523,1764907
2708,07/31/2012,W,927014,719885,1646899
2709,12/04/2023,W,537917,337666,875583
2710,06/26/2016,U,380689,453679,834368
2711,03/13/2012,W,1071861,744918,1816779
2712,10/06/2005,W,1084528,679966,1764494
2713,10/24/2020,A,239353,132006,371359
2714,01/02/2003,W,757781,484840,1242621
2715,01/21/2011,W,853208,598356,1451564
2716,05/10/2006,W,1007923,648361,1656284
2717,02/16/2018,W,803410,725091,1528501
2718,02/08/2017,W,841278,737535,1578813
2719,03/25/2001,U,348817,170742,519559
2720,11/21/2015,A,429624,469943,899567
2721,03/30/2023,W,517477,388264,905741
2722,11/07/2018,W,841086,783160,1624246
2723,05/06/2010,W,1030345,690306,1720651
2724,03/11/2019,W,784354,697758,1482112
2725,10/13/2003,W,780132,547856,1327988
2726,11/03/2022,W,540308,389939,930247
2727,06/14/2003,A,626911,320029,946940
2728,11/14/2003,W,964479,632553,1597032
2729,12/15/2001,A,623138,319051,942189
2730,12/09/2018,U,346457,291673,638130
2731,09/13/2010,W,1064113,722939,1787052
2732,02/02/2016,W,833911,739247,1573158
2733,09/15/2011,W,1078395,780369,1858764
2734,01/23/2010,A,636107,355143,991250
2735,07/23/2020,W,315401,156970,472371
2736,03/05/2004,W,939138,575845,1514983
2737,10/25/2002,W,1022926,632981,1655907
2738,11/20/2010,A,640618,545276,1185894
2739,04/02/2007,W,936869,574727,1511596
2740,01/28/2007,U,345116,199255,544371
2741,11/04/2016,W,798901,1146516,1945417
2742,03/01/2024,W,569569,335736,905305
2743,05/14/2007,W,1017451,586905,1604356
2744,08/22/2015,A,582295,519930,1102225
2745,10/11/2011,W,1073195,770542,1843737
2746,07/15/2016,W,769172,804635,1573807
2747,07/24/2004,A,586037,319483,905520
2748,10/12/2003,U,411927,351185,763112
2749,01/18/2014,A,480918,418986,899904
2750,03/30/2012,W,1001257,709407,1710664
2751,06/08/2022,W,454093,328980,783073
2752,03/17/2007,A,622487,432315,1054802
2753,09/19/2023,W,555949,432367,988316
2754,12/21/2006,W,924778,564199,1488977
2755,12/29/2020,W,253437,128558,381995
2756,02/09/2002,A,650477,296011,946488
2757,05/12/2017,W,824305,745485,1569790
2758,12/02/2024,W,554092,349175,903267
2759,04/27/2006,W,955057,644011,1599068
2760,03/07/2010,U,418097,257932,676029
2761,12/25/2009,U,249347,121545,370892
2762,01/21/2008,W,611887,382753,994640
2763,02/17/2005,W,981996,593476,1575472
2764,12/23/2018,U,330462,260130,590592
2765,11/25/2009,W,997101,612769,1609870
2766,08/31/2002,A,666152,345777,1011929
2767,02/04/2006,A,587568,317239,904807
2768,10/31/2007,W,1036100,646598,1682698
2769,08/02/2004,W,882460,544308,1426768
2770,07/15/2021,W,374072,261351,635423
2771,08/02/2008,A,764749,502705,1267454
2772,03/26/2023,U,222855,179536,402391
2773,02/25/2012,A,630649,417134,1047783
2774,05/23/2007,W,1028065,623366,1651431
2775,07/12/2015,U,457477,468153,925630
2776,11/27/2014,U,285946,233318,519264
2777,10/27/2018,A,492859,435508,928367
2778,01/08/2004,W,903950,556891,1460841
2779,10/31/2001,W,978585,628587,1607172
2780,08/04/2010,W,880047,663305,1543352
2781,02/04/2009,W,1026435,631042,1657477
2782,12/08/2013,U,356936,322820,679756
2783,12/19/2017,W,812618,697684,1510302
2784,05/09/2014,W,921741,762641,1684382
2785,10/21/2007,U,499779,243884,743663
2786,06/10/2015,W,915049,801607,1716656
2787,06/21/2019,W,741691,748258,1489949
2788,08/16/2018,W,720279,712077,1432356
2789,11/19/2013,W,972260,790434,1762694
2790,07/28/2011,W,916275,689617,1605892
2791,03/09/2021,W,327340,164868,492208
2792,10/15/2001,W,1037513,627937,1665450
2793,12/11/2007,W,1002470,605203,1607673
2794,06/15/2020,W,294517,111956,406473
2795,12/30/2012,U,405207,291423,696630
2796,05/12/2015,W,904654,770185,1674839
2797,03/25/2004,W,948790,577094,1525884
2798,06/18/2013,W,975403,701224,1676627
2799,08/13/2004,W,887566,591673,1479239
2800,01/31/2008,W,961357,626504,1587861
2801,04/03/2002,W,1007100,597081,1604181
2802,01/22/2023,U,201809,140538,342347
2803,05/19/2018,A,461266,408091,869357
2804,05/05/2007,A,664729,360852,1025581
2805,02/22/2011,W,1004067,692661,1696728
2806,06/21/2006,W,859537,629433,1488970
2807,08/05/2005,W,965152,603948,1569100
2808,04/14/2015,W,946490,796083,1742573
2809,07/31/2002,W,912632,603775,1516407
2810,09/12/2018,W,865443,835997,1701440
2811,10/31/2011,W,1027078,734500,1761578
2812,09/17/2008,W,1172871,740575,1913446
2813,08/09/2006,W,909623,641076,1550699
2814,11/12/2014,W,911664,797730,1709394
2815,05/20/2014,W,922226,781529,1703755
2816,02/07/2004,A,553301,281792,835093
2817,03/03/2010,W,1062280,674355,1736635
2818,10/09/2003,W,1011003,650911,1661914
2819,10/26/2014,U,410811,362143,772954
2820,09/20/2019,W,830757,803291,1634048
2821,11/22/2018,U,244365,196549,440914
2822,07/23/2011,A,641738,478455,1120193
2823,12/16/2003,W,926650,576496,1503146
2824,11/29/2002,W,676405,367260,1043665
2825,08/19/2002,W,847798,545503,1393301
2826,07/19/2022,W,453338,335621,788959
2827,08/14/2014,W,810388,770920,1581308
2828,09/22/2017,W,854042,781053,1635095
2829,01/01/2018,U,199845,195520,395365
2830,02/16/2015,W,652807,547767,1200574
2831,10/11/2009,U,436381,428201,864582
2832,11/16/2002,A,600110,314114,914224
2833,04/07/2022,W,468788,346853,815641
2834,02/05/2020,W,802795,707772,1510567
2835,03/15/2024,W,566639,386514,953153
2836,03/11/2009,W,1058738,649963,1708701
2837,05/29/2017,U,375171,336441,711612
2838,05/08/2008,W,1112033,655364,1767397
2839,12/22/2018,A,442692,339426,782118
2840,06/22/2023,W,486237,402155,888392
2841,12/14/2007,W,1045488,611182,1656670
2842,01/08/2009,W,1000931,606524,1607455
2843,04/17/2006,W,964793,623255,1588048
2844,12/30/2020,W,244219,126447,370666
2845,01/16/2012,W,639506,459803,1099309
2846,01/25/2017,W,831467,743587,1575054
2847,06/24/2016,W,762562,781653,1544215
2848,07/29/2018,U,374591,354824,729415
2849,01/04/2006,W,759600,543243,1302843
2850,03/01/2013,W,1030897,726385,1757282
2851,11/16/2012,W,1057000,791412,1848412
2852,03/31/2012,A,646169,440893,1087062
2853,09/13/2004,W,1042442,636868,1679310
2854,11/23/2022,W,398091,275787,673878
2855,10/31/2005,W,1000931,636744,1637675
2856,05/13/2016,W,852594,787476,1640070
2857,11/18/2012,U,472178,336771,808949
2858,03/06/2011,U,428668,275314,703982
2859,01/26/2006,W,988382,643068,1631450
2860,01/28/2005,W,857968,554367,1412335
2861,07/15/2023,A,359874,287408,647282
2862,03/27/2005,U,392111,172199,564310
2863,09/08/2019,U,344385,310823,655208
2864,11/24/2022,U,160200,111986,272186
2865,10/13/2009,W,1102805,706201,1809006
2866,05/06/2001,U,417760,206450,624210
2867,07/19/2024,W,536479,407254,943733
2868,04/03/2021,A,258780,150786,409566
2869,02/22/2009,U,422899,231506,654405
2870,03/10/2004,W,973415,601851,1575266
2871,10/10/2023,W,601129,443465,1044594
2872,09/11/2019,W,848169,777407,1625576
2873,03/20/2011,U,397653,263022,660675
2874,06/08/2012,W,1023786,802823,1826609
2875,11/15/2024,W,603141,397040,1000181
2876,09/19/2022,W,495344,350160,845504
2877,12/15/2016,W,617119,624213,1241332
2878,02/01/2011,W,814985,640223,1455208
2879,07/31/2005,U,446615,261208,707823
2880,08/15/2001,W,878793,584203,1462996
2881,03/17/2024,U,281004,206731,487735
2882,02/05/2003,W,961776,585552,1547328
2883,09/23/2001,U,361048,190813,551861
2884,09/01/2001,A,639977,319699,959676
2885,02/26/2017,U,350829,287405,638234
2886,02/22/2008,W,1021900,610589,1632489
2887,04/23/2002,W,1021788,620463,1642251
2888,08/21/2022,U,235253,221628,456881
2889,08/19/2021,W,390171,274749,664920
2890,04/15/2006,A,592251,323845,916096
2891,07/07/2020,W,300508,147310,447818
2892,01/20/2024,A,301556,191705,493261
2893,04/25/2021,U,175558,113050,288608
2894,01/30/2006,W,966708,614814,1581522
2895,01/25/2023,W,462648,337076,799724
2896,10/23/2004,A,596052,313794,909846
2897,07/19/2019,W,700392,721558,1421950
2898,11/04/2001,U,443453,222988,666441
2899,02/18/2008,W,715974,456610,1172584
2900,08/09/2002,W,968109,592938,1561047
2901,04/18/2010,U,443588,309798,753386
2902,06/02/2003,W,978201,583126,1561327
2903,03/28/2008,W,1053516,604448,1657964
2904,11/29/2016,W,871577,771348,1642925
2905,03/09/2007,W,1021269,616768,1638037
2906,11/18/2021,W,413008,315161,728169
2907,10/05/2016,W,915987,815309,1731296
2908,07/04/2016,U,393858,410925,804783
2909,12/26/2015,A,387357,292832,680189
2910,09/08/2010,W,1078904,744212,1823116
2911,04/13/2021,W,335197,179135,514332
2912,06/23/2016,W,757817,760840,1518657
2913,01/10/2024,W,548560,369768,918328
2914,06/12/2014,W,880810,779426,1660236
2915,06/02/2023,W,514354,386122,900476
2916,12/22/2009,W,818602,546637,1365239
2917,05/01/2001,W,1067496,632996,1700492
2918,12/26/2018,W,515030,411993,927023
2919,11/24/2002,U,393321,202257,595578
2920,06/23/2019,U,372216,314345,686561
2921,08/31/2024,A,428266,353476,781742
2922,02/07/2016,U,377642,301141,678783
2923,11/27/2018,W,788682,742355,1531037
2924,06/18/2015,W,867529,914768,1782297
2925,07/23/2013,W,919858,720357,1640215
2926,03/09/2001,W,1038368,606672,1645040
2927,10/21/2010,W,1053153,747116,1800269
2928,01/23/2024,W,521585,369664,891249
2929,07/10/2020,W,312226,155529,467755
2930,02/12/2023,U,228971,139964,368935
2931,11/11/2022,W,458476,329637,788113
2932,01/08/2022,A,190569,133844,324413
2933,11/18/2002,W,1018831,619368,1638199
2934,06/14/2020,U,165299,66384,231683
2935,08/07/2015,W,831076,798253,1629329
2936,12/22/2010,W,786757,558711,1345468
2937,05/06/2003,W,1007795,626276,1634071
2938,11/11/2024,W,556273,358572,914845
2939,06/01/2008,U,566162,279274,845436
2940,12/09/2024,W,585535,364276,949811
2941,03/11/2005,W,994830,587513,1582343
2942,11/27/2015,W,443089,410220,853309
2943,01/23/2007,W,1011645,629993,1641638
2944,06/18/2007,W,898272,590320,1488592
2945,07/26/2003,A,584819,312502,897321
2946,12/02/2020,W,289930,137598,427528
2947,04/25/2020,A,156179,51764,207943
2948,08/17/2006,W,874196,628756,1502952
2949,10/16/2006,W,1011001,668480,1679481
2950,01/17/2013,W,1003351,730830,1734181
2951,10/20/2012,A,696516,512403,1208919
2952,01/08/2020,W,744261,665227,1409488
2953,08/16/2012,W,894461,689521,1583982
2954,03/06/2017,W,823084,703811,1526895
2955,10/22/2019,W,772142,750644,1522786
2956,11/07/2022,W,502205,345095,847300
2957,01/07/2002,W,953807,568929,1522736
2958,10/26/2023,W,535013,412606,947619
2959,12/07/2018,W,785144,731440,1516584
2960,05/09/2007,W,1061512,645132,1706644
2961,12/13/2013,W,930494,760860,1691354
2962,12/04/2015,W,930083,815301,1745384
2963,07/01/2024,W,556122,362056,918178
2964,07/21/2016,W,737845,753156,1491001
2965,02/07/2023,W,512128,348998,861126
2966,08/22/2014,W,816652,762365,1579017
2967,10/05/2006,W,1060282,698851,1759133
2968,11/25/2003,W,945699,602970,1548669
2969,05/02/2019,W,787163,728705,1515868
2970,03/20/2007,W,1031451,620644,1652095
2971,08/14/2015,W,813718,760558,1574276
2972,10/03/2022,W,522157,347552,869709
2973,10/01/2007,W,1088750,652510,1741260
2974,09/27/2022,W,527776,392549,920325
2975,08/14/2017,W,722238,716772,1439010
2976,10/30/2014,W,951547,830872,1782419
2977,09/05/2004,U,465576,257995,723571
2978,07/13/2016,W,762764,742502,1505266
2979,07/06/2011,W,961177,711577,1672754
2980,01/18/2016,W,439597,405686,845283
2981,05/01/2014,W,985012,788162,1773174
2982,06/29/2023,W,470303,393963,864266
2983,03/31/2024,U,251600,158867,410467
2984,12/19/2015,A,506208,423960,930168
2985,06/05/2009,W,1074738,656345,1731083
2986,02/05/2006,U,390808,211645,602453
2987,07/22/2005,W,945311,614666,1559977
2988,06/22/2011,W,906400,695241,1601641
2989,03/06/2013,W,1000963,703897,1704860
2990,10/29/2019,W,781400,752054,1533454
2991,05/08/2001,W,1044379,621604,1665983
2992,09/24/2006,U,420423,259500,679923
2993,10/09/2002,W,1064324,648974,1713298
2994,08/03/2014,U,420667,441136,861803
2995,04/15/2012,U,443006,320025,763031
2996,04/08/2023,A,333736,244038,577774
2997,03/23/2010,W,1012454,638684,1651138
2998,03/29/2009,U,360851,229406,590257
2999,07/16/2021,W,379552,280527,660079
3000,05/25/2014,U,450296,403930,854226
3001,04/23/2014,W,911681,793484,1705165
3002,12/11/2022,U,217920,181270,399190
3003,11/23/2014,U,380928,340202,721130
3004,08/24/2002,A,625725,308392,934117
3005,06/07/2021,W,343982,202767,546749
3006,12/11/2016,U,309743,291688,601431
3007,12/15/2003,W,936119,568654,1504773
3008,09/03/2005,A,699122,377507,1076629
3009,11/28/2007,W,1030447,627268,1657715
3010,02/28/2005,W,943655,578722,1522377
3011,12/14/2015,W,849106,728299,1577405
3012,04/25/2008,W,1054844,629468,1684312
3013,04/29/2004,W,909979,580209,1490188
3014,07/15/2017,A,511540,495618,1007158
3015,10/27/2014,W,940038,792398,1732436
3016,10/05/2013,A,606526,457086,1063612
3017,02/17/2012,W,1058544,731415,1789959
3018,05/02/2015,A,629640,548837,1178477
3019,08/20/2003,W,838351,567116,1405467
3020,02/01/2021,W,285366,145356,430722
3021,06/03/2005,W,1049697,616170,1665867
3022,03/13/2017,W,761376,703982,1465358
3023,08/19/2013,W,859701,671949,1531650
3024,01/19/2021,W,270497,137227,407724
3025,09/10/2004,W,1053387,651710,1705097
3026,03/21/2008,W,767583,493573,1261156
3027,05/12/2010,W,987926,682843,1670769
3028,05/15/2009,W,985291,650805,1636096
3029,05/27/2011,W,1005068,695755,1700823
3030,02/18/2021,W,283168,155250,438418
3031,04/19/2014,A,568016,476147,1044163
3032,12/20/2010,W,791684,573110,1364794
3033,06/13/2023,W,450859,375000,825859
3034,04/21/2007,A,672236,371504,1043740
3035,05/27/2021,W,334991,208682,543673
3036,12/08/2001,A,620074,315639,935713
3037,05/07/2005,A,613000,341551,954551
3038,03/09/2016,W,882030,768961,1650991
3039,01/15/2018,W,463868,419604,883472
3040,09/22/2024,U,271129,219586,490715
3041,11/22/2005,W,1012669,637432,1650101
3042,05/26/2015,W,878946,743291,1622237
3043,08/10/2005,W,913900,605306,1519206
3044,05/10/2018,W,838748,762718,1601466
3045,08/27/2004,W,878628,605790,1484418
3046,10/09/2004,A,657042,363116,1020158
3047,08/12/2006,A,652458,391862,1044320
3048,06/28/2002,W,934562,650340,1584902
3049,06/05/2003,W,991907,622481,1614388
3050,10/27/2022,W,528826,395129,923955
3051,03/30/2003,U,372071,191109,563180
3052,09/25/2001,W,968563,638815,1607378
3053,01/25/2012,W,1051823,734192,1786015
3054,12/09/2011,W,1006182,726618,1732800
3055,07/31/2015,W,834790,871817,1706607
3056,12/08/2014,W,882998,734002,1617000
3057,09/04/2022,U,229381,227410,456791
3058,01/14/2009,W,905548,620646,1526194
3059,11/22/2002,W,1030889,618981,1649870
3060,03/30/2010,W,884276,625592,1509868
3061,10/17/2002,W,1030300,645590,1675890
3062,06/03/2023,A,371914,300646,672560
3063,05/23/2005,W,997640,612963,1610603
3064,11/07/2001,W,1033982,640396,1674378
3065,10/21/2012,U,493474,354896,848370
3066,10/26/2024,A,427475,296326,723801
3067,05/24/2007,W,1009067,617536,1626603
3068,03/24/2023,W,475520,306297,781817
3069,05/05/2006,W,1023957,651798,1675755
3070,01/16/2010,A,616904,348293,965197
3071,03/30/2016,W,860700,750353,1611053
3072,04/05/2020,U,118701,53173,171874
3073,10/02/2013,W,1060370,771294,1831664
3074,06/01/2004,W,988657,604744,1593401
3075,01/07/2018,U,284438,226604,511042
3076,08/16/2015,U,448872,420453,869325
3077,02/07/2006,W,1008328,631742,1640070
3078,12/24/2018,W,422369,279324,701693
3079,11/07/2007,W,1010629,643227,1653856
3080,04/21/2006,W,999808,659127,1658935
3081,05/14/2019,W,808863,722423,1531286
3082,02/17/2011,W,1046143,719471,1765614
3083,12/08/2005,W,900776,651313,1552089
3084,08/17/2020,W,304431,147684,452115
3085,03/21/2017,W,835641,718304,1553945
3086,05/05/2020,W,224885,77485,302370
3087,07/21/2017,W,733117,762529,1495646
3088,11/08/2012,W,1064006,793455,1857461
3089,01/11/2004,U,368655,180035,548690
3090,02/28/2009,A,639146,349295,988441
3091,09/23/2020,W,326416,169407,495823
3092,09/15/2016,W,907872,862105,1769977
3093,03/22/2016,W,863201,727343,1590544
3094,05/17/2024,W,595193,402254,997447
3095,11/28/2019,U,244233,186732,430965
3096,05/08/2013,W,1025713,769649,1795362
3097,10/25/2003,A,615584,332732,948316
3098,04/25/2006,W,953034,636129,1589163
3099,02/17/2009,W,1087248,654156,1741404
3100,12/11/2012,W,995089,711140,1706229
3101,03/19/2022,A,250839,203842,454681
3102,01/23/2017,W,817750,724078,1541828
3103,10/09/2022,U,207502,351798,559300
3104,02/26/2022,A,260161,190557,450718
3105,09/14/2009,W,1101985,714141,1816126
3106,10/05/2008,U,512429,271121,783550
3107,05/29/2014,W,901067,762505,1663572
3108,06/11/2013,W,1027027,752653,1779680
3109,03/03/2004,W,1007360,594376,1601736
3110,07/19/2017,W,769368,750889,1520257
3111,05/18/2012,W,980261,694037,1674298
3112,05/17/2009,U,511550,293680,805230
3113,07/04/2006,U,450356,350242,800598
3114,06/09/2004,W,967899,616418,1584317
3115,11/09/2001,W,931849,620257,1552106
3116,01/30/2005,U,387197,187644,574841
3117,06/06/2006,W,1008096,653049,1661145
3118,02/24/2023,W,468093,303528,771621
3119,08/20/2009,W,922627,630083,1552710
3120,07/12/2023,W,443121,354104,797225
3121,02/01/2024,W,601932,393012,994944
3122,03/10/2014,W,959467,767043,1726510
3123,07/11/2008,W,1059114,682404,1741518
3124,02/02/2006,W,1025866,642353,1668219
3125,03/10/2012,A,681263,444574,1125837
3126,10/23/2023,W,555068,379650,934718
3127,11/16/2005,W,960835,625642,1586477
3128,08/23/2009,U,516846,283806,800652
3129,08/11/2002,U,437332,230526,667858
3130,06/11/2016,A,530558,542809,1073367
3131,05/24/2022,W,484351,336010,820361
3132,09/09/2019,W,829266,737160,1566426
3133,08/01/2020,A,235944,117414,353358
3134,02/25/2013,W,1032337,718035,1750372
3135,02/08/2020,A,456540,325289,781829
3136,02/12/2012,U,429977,285739,715716
3137,02/12/2005,A,665453,316216,981669
3138,01/13/2009,W,952091,615363,1567454
3139,03/26/2018,W,685230,660176,1345406
3140,04/17/2018,W,830925,759128,1590053
3141,07/22/2014,W,825700,765642,1591342
3142,07/26/2024,W,543502,393133,936635
3143,01/15/2006,U,381225,223499,604724
3144,12/03/2014,W,964141,782753,1746894
3145,09/05/2024,W,644748,447217,1091965
3146,04/16/2020,W,213862,79764,293626
3147,08/21/2020,W,322563,165104,487667
3148,04/17/2016,U,409732,376485,786217
3149,10/30/2009,W,1035778,680089,1715867
3150,12/23/2004,W,670666,408740,1079406
3151,01/22/2004,W,854150,542344,1396494
3152,06/19/2016,U,405719,396078,801797
3153,06/18/2012,W,899886,710839,1610725
3154,02/20/2011,U,385554,261695,647249
3155,02/12/2001,W,872330,539393,1411723
3156,11/17/2015,W,880013,801291,1681304
3157,04/08/2010,W,988825,683625,1672450
3158,05/31/2014,A,600856,507919,1108775
3159,10/25/2013,W,986527,797551,1784078
3160,08/17/2024,A,388616,312275,700891
3161,02/23/2018,W,820477,720769,1541246
3162,10/05/2007,W,1108038,681736,1789774
3163,05/31/2006,W,968145,646966,1615111
3164,07/21/2007,A,685445,366356,1051801
3165,02/27/2006,W,959193,603047,1562240
3166,05/04/2007,W,1081903,642564,1724467
3167,02/27/2008,W,1019462,617002,1636464
3168,12/06/2005,W,943778,595172,1538950
3169,07/25/2002,W,931679,608190,1539869
3170,12/18/2020,W,284841,144568,429409
3171,11/13/2015,W,837532,804273,1641805
3172,05/11/2020,W,236521,77650,314171
3173,03/04/2022,W,437164,288975,726139
3174,09/01/2006,W,977274,663472,1640746
3175,12/14/2013,A,508408,473775,982183
3176,12/27/2024,W,394689,245475,640164
3177,11/07/2013,W,974582,812279,1786861
3178,11/04/2008,W,1152333,786405,1938738
3179,07/14/2024,U,303034,217483,520517
3180,07/29/2013,W,894999,693570,1588569
3181,05/21/2001,W,958236,590204,1548440
3182,01/16/2001,W,1024367,622163,1646530
3183,10/16/2022,U,227365,191906,419271
3184,02/03/2004,W,957823,591153,1548976
3185,10/02/2023,W,576630,378334,954964
3186,04/19/2024,W,591814,383321,975135
3187,01/14/2015,W,885449,742410,1627859
3188,05/21/2019,W,777647,723782,1501429
3189,05/26/2019,U,349368,335435,684803
3190,12/24/2016,A,391140,253926,645066
3191,01/01/2004,U,300347,174003,474350
3192,10/29/2015,W,916453,837868,1754321
3193,04/19/2009,U,398430,243756,642186
3194,03/16/2004,W,942197,582515,1524712
3195,06/04/2003,W,997077,615414,1612491
3196,06/08/2014,U,429503,393358,822861
3197,03/06/2015,W,909446,732902,1642348
3198,09/24/2011,A,655360,466534,1121894
3199,06/21/2011,W,928457,698702,1627159
3200,06/05/2008,W,1104182,673642,1777824
3201,12/16/2014,W,875970,729798,1605768
3202,04/18/2020,A,175887,58347,234234
3203,08/15/2012,W,969450,736768,1706218
3204,07/30/2005,A,637235,388729,1025964
3205,08/22/2016,W,764690,744165,1508855
3206,04/20/2008,U,519280,266945,786225
3207,06/01/2016,W,872679,788650,1661329
3208,01/03/2016,U,340540,287661,628201
3209,11/11/2020,W,286362,147595,433957
3210,03/25/2011,W,995334,661865,1657199
3211,07/27/2005,W,931658,626793,1558451
3212,09/27/2009,U,494098,295158,789256
3213,05/08/2024,W,624927,443868,1068795
3214,02/16/2013,A,598259,412929,1011188
3215,11/19/2024,W,639269,439683,1078952
3216,08/30/2022,W,524895,366870,891765
3217,01/08/2007,W,976783,594028,1570811
3218,01/16/2009,W,822136,542180,1364316
3219,03/31/2014,W,940176,762112,1702288
3220,07/08/2023,A,352631,259570,612201
3221,11/11/2023,A,354671,266284,620955
3222,05/29/2005,U,415969,261440,677409
3223,09/13/2006,W,992146,694220,1686366
3224,04/12/2012,W,1050150,775089,1825239
3225,12/30/2005,W,762706,471541,1234247
3226,07/25/2024,W,571492,427841,999333
3227,08/06/2019,W,737702,738151,1475853
3228,08/25/2009,W,993279,680981,1674260
3229,07/14/2003,W,905206,611190,1516396
3230,10/14/2016,W,892797,818230,1711027
3231,05/29/2012,W,1012629,719096,1731725
3232,08/26/2022,W,495636,347989,843625
3233,01/24/2009,A,561515,316086,877601
3234,04/02/2011,A,688873,457067,1145940
3235,01/05/2018,W,597163,572525,1169688
3236,10/15/2016,A,542187,535567,1077754
3237,08/23/2001,W,906026,612615,1518641
3238,06/30/2015,W,835118,751277,1586395
3239,07/16/2012,W,927149,703975,1631124
3240,10/03/2003,W,999345,667963,1667308
3241,02/20/2022,U,193971,146532,340503
3242,05/13/2015,W,926402,784501,1710903
3243,10/10/2024,W,650278,485221,1135499
3244,09/17/2009,W,1112462,745180,1857642
3245,09/04/2007,W,1096027,666200,1762227
3246,03/24/2016,W,770638,689517,1460155
3247,05/21/2010,W,949316,656659,1605975
3248,03/05/2020,W,803260,698732,1501992
3249,12/17/2002,W,985528,583328,1568856
3250,06/02/2011,W,1037191,707569,1744760
3251,10/25/2020,U,160807,94731,255538
3252,11/23/2016,W,661576,624827,1286403
3253,02/18/2003,W,974450,604717,1579167
3254,07/21/2013,U,469900,410606,880506
3255,12/12/2020,A,181545,92521,274066
3256,08/09/2005,W,917522,606419,1523941
3257,01/25/2008,W,859813,565226,1425039
3258,07/02/2004,W,937281,647738,1585019
3259,09/07/2003,U,421385,222973,644358
3260,10/12/2023,W,567954,433731,1001685
3261,08/12/2013,W,848703,684985,1533688
3262,05/30/2013,W,996198,717726,1713924
3263,12/24/2009,W,584096,303611,887707
3264,07/28/2004,W,883672,581804,1465476
3265,12/03/2016,A,517756,456762,974518
3266,02/20/2008,W,961552,601847,1563399
3267,02/14/2018,W,846174,756475,1602649
3268,06/04/2021,W,374475,244454,618929
3269,04/20/2018,W,812450,735681,1548131
3270,03/21/2014,W,959387,779226,1738613
3271,07/17/2009,W,954520,667858,1622378
3272,10/24/2011,W,1054251,747402,1801653
3273,06/12/2001,W,946314,605737,1552051
3274,12/11/2001,W,1010462,614387,1624849
3275,03/28/2024,W,513043,374590,887633
3276,05/28/2007,U,415256,254935,670191
3277,08/01/2014,W,841692,824658,1666350
3278,01/23/2021,A,190988,96503,287491
3279,03/13/2001,W,1017685,611347,1629032
3280,12/17/2017,U,351260,296372,647632
3281,08/22/2011,W,968715,704225,1672940
3282,08/26/2007,U,491356,274617,765973
3283,12/26/2010,U,346331,215163,561494
3284,12/07/2002,A,627855,318034,945889
3285,09/01/2009,W,1055167,680368,1735535
3286,08/10/2011,W,963575,720504,1684079
3287,03/14/2008,W,1077635,647279,1724914
3288,05/27/2014,W,880521,728464,1608985
3289,03/04/2010,W,1051738,680673,1732411
3290,06/09/2017,W,833135,822483,1655618
3291,09/04/2011,U,529593,432441,962034
3292,06/23/2007,A,576598,336644,913242
3293,10/05/2001,W,1034680,651273,1685953
3294,11/12/2013,W,884181,770609,1654790
3295,08/25/2011,W,1003797,744805,1748602
3296,04/01/2003,W,1028531,603564,1632095
3297,04/25/2013,W,1008224,755375,1763599
3298,03/17/2023,W,435055,319561,754616
3299,01/21/2009,W,1068170,647903,1716073
3300,09/24/2005,A,632952,390116,1023068
3301,07/24/2001,W,939133,630753,1569886
3302,08/18/2006,W,869355,638938,1508293
3303,04/04/2004,U,407772,198468,606240
3304,12/18/2023,W,498940,306545,805485
3305,05/24/2010,W,974382,650835,1625217
3306,07/13/2005,W,923039,596373,1519412
3307,12/20/2015,U,392051,326681,718732
3308,05/07/2016,A,512770,484312,997082
3309,11/19/2020,W,292548,148286,440834
3310,02/02/2024,W,558905,329307,888212
3311,07/13/2013,A,662483,565833,1228316
3312,12/13/2020,U,150344,78380,228724
3313,06/02/2014,W,864622,726524,1591146
3314,04/03/2023,W,439537,304009,743546
3315,09/18/2023,W,560810,382031,942841
3316,08/08/2023,W,508824,388916,897740
3317,08/30/2012,W,1009624,765912,1775536
3318,02/19/2013,W,961489,709244,1670733
3319,10/12/2019,A,480048,470284,950332
3320,05/25/2012,W,1005567,736144,1741711
3321,08/30/2008,A,766930,395205,1162135
3322,04/15/2021,W,321850,179206,501056
3323,09/01/2012,A,670752,498563,1169315
3324,07/14/2005,W,936684,634107,1570791
3325,05/07/2002,W,1010608,616111,1626719
3326,05/31/2012,W,910804,714511,1625315
3327,04/16/2003,W,836328,578259,1414587
3328,04/25/2012,W,978891,740777,1719668
3329,10/05/2020,W,326242,164517,490759
3330,12/05/2017,W,822703,737397,1560100
3331,06/22/2017,W,733128,745336,1478464
3332,01/19/2016,W,810646,727458,1538104
3333,04/15/2020,W,199545,78844,278389
3334,10/04/2007,W,1121496,682778,1804274
3335,12/31/2003,W,678329,430971,1109300
3336,09/01/2023,W,585674,386812,972486
3337,07/29/2015,W,814733,820373,1635106
3338,10/03/2021,U,209009,188875,397884
3339,09/30/2023,A,391173,301206,692379
3340,09/19/2014,W,955896,854602,1810498
3341,05/16/2022,W,460986,304494,765480
3342,03/22/2012,W,1016361,717170,1733531
3343,07/07/2012,A,628380,439918,1068298
3344,02/15/2014,A,567619,448648,1016267
3345,09/09/2001,U,492026,215773,707799
3346,07/31/2023,W,469024,334195,803219
3347,01/15/2021,W,277928,139988,417916
3348,10/08/2013,W,1062411,762764,1825175
3349,05/14/2003,W,911890,583198,1495088
3350,09/14/2016,W,898125,812240,1710365
3351,04/03/2013,W,1034924,746014,1780938
3352,05/28/2024,W,585174,396139,981313
3353,08/02/2010,W,913649,660658,1574307
3354,06/03/2010,W,1042401,688706,1731107
3355,08/01/2010,U,491220,348968,840188
3356,05/15/2016,U,384799,360008,744807
3357,11/18/2013,W,948312,775101,1723413
3358,07/11/2023,W,483040,372976,856016
3359,01/30/2018,W,801986,723334,1525320
3360,04/07/2011,W,982880,719890,1702770
3361,03/02/2019,A,454119,349392,803511
3362,03/15/2007,W,1011742,635295,1647037
3363,11/16/2003,U,382584,222633,605217
3364,04/21/2004,W,943108,597005,1540113
3365,09/10/2002,W,1050992,640278,1691270
3366,02/27/2011,U,419643,278593,698236
3367,01/13/2018,A,392644,323263,715907
3368,01/02/2014,W,601103,569395,1170498
3369,05/22/2015,W,908692,760362,1669054
3370,10/18/2018,W,858568,814542,1673110
3371,06/15/2001,W,912712,612983,1525695
3372,12/06/2017,W,829498,742215,1571713
3373,02/04/2008,W,1004041,608975,1613016
3374,10/15/2011,A,686909,508391,1195300
3375,02/01/2003,A,639705,291226,930931
3376,09/16/2018,U,375988,375547,751535
3377,03/14/2023,W,524325,366497,890822
3378,03/02/2022,W,461679,304639,766318
3379,06/21/2007,W,941671,626907,1568578
3380,11/15/2013,W,972734,803561,1776295
3381,05/25/2011,W,932486,676081,1608567
3382,09/28/2014,U,423502,386129,809631
3383,12/01/2016,W,885401,779287,1664688
3384,06/26/2010,A,646770,467943,1114713
3385,04/20/2010,W,1023621,685488,1709109
3386,01/18/2019,W,776640,700006,1476646
3387,02/08/2018,W,782384,727764,1510148
3388,09/27/2005,W,1091710,686977,1778687
3389,05/21/2011,A,625518,421143,1046661
3390,09/04/2008,W,1025296,653827,1679123
3391,10/09/2021,A,301635,281790,583425
3392,12/19/2005,W,860779,535968,1396747
3393,03/27/2014,W,927050,725889,1652939
3394,04/11/2004,U,372246,162703,534949
3395,02/16/2010,W,1028597,665769,1694366
3396,08/06/2021,W,387894,313936,701830
3397,05/22/2011,U,460481,321421,781902
3398,05/13/2023,A,344247,221075,565322
3399,04/07/2012,A,637466,434835,1072301
3400,12/04/2021,A,282720,237153,519873
3401,09/07/2004,W,1050387,626352,1676739
3402,08/09/2001,W,846305,602242,1448547
3403,07/01/2021,W,397781,257789,655570
3404,05/15/2008,W,1092014,662730,1754744
3405,07/18/2003,W,902204,590356,1492560
3406,01/10/2015,A,435672,352140,787812
3407,11/30/2007,W,1064598,631624,1696222
3408,06/26/2024,W,586929,426272,1013201
3409,07/17/2012,W,916666,721980,1638646
3410,10/27/2009,W,1106013,699054,1805067
3411,05/19/2021,W,331674,198718,530392
3412,12/24/2010,W,513353,261461,774814
3413,04/12/2024,W,582983,365492,948475
3414,05/27/2001,U,390535,208208,598743
3415,10/30/2018,W,851167,785017,1636184
3416,05/24/2014,A,575483,490635,1066118
3417,11/22/2013,W,955058,797556,1752614
3418,01/15/2013,W,1000831,723460,1724291
3419,09/12/2003,W,1002297,650171,1652468
3420,01/16/2022,U,157849,117493,275342
3421,03/26/2001,W,989316,583176,1572492
3422,06/24/2023,A,369643,298557,668200
3423,11/02/2008,U,525585,278142,803727
3424,03/16/2019,A,468181,570703,1038884
3425,07/10/2023,W,485647,330776,816423
3426,04/21/2016,W,768704,754746,1523450
3427,11/03/2011,W,1011408,755888,1767296
3428,11/12/2002,W,1029700,637242,1666942
3429,08/20/2019,W,670195,689224,1359419
3430,06/07/2009,U,489403,264624,754027
3431,05/24/2008,A,692374,371905,1064279
3432,12/08/2006,W,952445,626294,1578739
3433,05/07/2008,W,1045666,631068,1676734
3434,09/19/2010,U,463244,335858,799102
3435,09/20/2010,W,1040338,712870,1753208
3436,03/02/2002,A,512767,264847,777614
3437,05/20/2019,W,781061,721397,1502458
3438,05/14/2024,W,598482,410254,1008736
3439,11/06/2006,W,1026257,653935,1680192
3440,04/13/2008,U,479293,216008,695301
3441,01/02/2010,A,484655,264011,748666
3442,06/27/2024,W,573982,434454,1008436
3443,01/02/2015,W,656375,527583,1183958
3444,12/15/2012,A,597413,425168,1022581
3445,08/18/2007,A,613516,367895,981411
3446,01/07/2021,W,270340,135092,405432
3447,12/13/2002,W,1020480,600852,1621332
3448,06/24/2012,U,513132,530481,1043613
3449,01/26/2004,W,925536,566031,1491567
3450,08/19/2022,W,446821,359501,806322
3451,09/04/2012,W,1101066,757151,1858217
3452,04/12/2004,W,809673,560649,1370322
3453,04/17/2008,W,1091387,665873,1757260
3454,02/12/2018,W,771383,692183,1463566
3455,01/27/2010,W,1022417,648561,1670978
3456,07/02/2009,W,1020960,713778,1734738
3457,07/22/2008,W,1077279,666303,1743582
3458,09/16/2005,W,1061189,689685,1750874
3459,01/17/2009,A,553273,302764,856037
3460,10/20/2016,W,880209,812195,1692404
3461,07/01/2006,A,631294,429319,1060613
3462,03/20/2016,U,388282,318670,706952
3463,12/22/2014,W,705765,619508,1325273
3464,02/21/2013,W,1012672,738526,1751198
3465,01/02/2009,W,765802,443439,1209241
3466,09/03/2017,U,417707,410951,828658
3467,02/16/2017,W,831398,738525,1569923
3468,12/01/2018,A,428105,359088,787193
3469,12/15/2011,W,994244,701181,1695425
3470,01/31/2024,W,579236,389322,968558
3471,09/30/2004,W,1028258,652621,1680879
3472,10/12/2022,W,497854,384939,882793
3473,08/06/2020,W,320751,159609,480360
3474,01/27/2009,W,1050873,646578,1697451
3475,01/18/2012,W,1017072,722473,1739545
3476,07/08/2021,W,375578,276819,652397
3477,11/25/2002,W,992101,602628,1594729
3478,01/21/2001,U,378381,172107,550488
3479,03/22/2019,W,784281,695716,1479997
3480,04/01/2005,W,1050962,600913,1651875
3481,07/01/2002,W,948966,601509,1550475
3482,02/13/2021,A,186257,106030,292287
3483,08/23/2008,A,750128,387758,1137886
3484,03/07/2021,U,173071,95906,268977
3485,08/05/2007,U,457228,332786,790014
3486,07/07/2011,W,960396,717952,1678348
3487,10/30/2024,W,657942,451915,1109857
3488,03/31/2023,W,467904,309609,777513
3489,10/12/2020,W,271925,145635,417560
3490,04/25/2003,W,979369,595103,1574472
3491,07/19/2020,U,148461,80714,229175
3492,09/29/2006,W,1058057,699340,1757397
3493,03/25/2005,W,717162,456076,1173238
3494,10/24/2008,W,1036465,675065,1711530
3495,10/10/2006,W,1055021,684475,1739496
3496,01/12/2008,A,604388,299546,903934
3497,11/06/2016,U,406215,380648,786863
3498,01/09/2018,W,780104,684704,1464808
3499,01/30/2015,W,933971,754968,1688939
3500,12/04/2010,A,586500,407739,994239
3501,03/30/2004,W,949847,579487,1529334
3502,06/02/2001,A,618944,282212,901156
3503,08/10/2017,W,747519,745430,1492949
3504,11/04/2006,A,609584,356326,965910
3505,09/10/2015,W,928707,823661,1752368
3506,03/14/2012,W,1087551,762671,1850222
3507,01/18/2024,W,521058,362414,883472
3508,05/01/2017,W,847371,747837,1595208
3509,02/20/2003,W,988095,611766,1599861
3510,07/28/2016,W,745499,867964,1613463
3511,09/18/2005,U,473997,292920,766917
3512,11/11/2002,W,780558,519021,1299579
3513,08/27/2012,W,999090,732088,1731178
3514,10/31/2004,U,429612,230321,659933
3515,11/13/2010,A,600900,436971,1037871
3516,10/08/2008,W,1141745,693515,1835260
3517,04/05/2019,W,754962,710414,1465376
3518,07/03/2018,W,771705,716848,1488553
3519,11/21/2024,W,539977,414493,954470
3520,02/19/2006,U,334766,196957,531723
3521,02/06/2002,W,1011650,597747,1609397
3522,01/10/2017,W,773792,711194,1484986
3523,02/10/2023,W,480757,289003,769760
3524,07/18/2014,W,839720,819331,1659051
3525,07/19/2021,W,377772,248181,625953
3526,12/09/2017,A,439827,405822,845649
3527,01/07/2024,U,249187,152158,401345
3528,08/10/2020,W,250672,96642,347314
3529,03/01/2022,W,471547,297951,769498
3530,05/01/2022,U,209565,167306,376871
3531,07/02/2001,W,958879,627767,1586646
3532,06/05/2011,U,498740,355072,853812
3533,12/17/2006,U,432910,251802,684712
3534,11/26/2022,A,283619,206385,490004
3535,08/24/2023,W,501750,365055,866805
3536,10/29/2021,W,407815,307878,715693
3537,02/18/2014,W,947147,777183,1724330
3538,05/30/2005,U,403677,232100,635777
3539,09/03/2010,W,996297,721206,1717503
3540,06/20/2007,W,952574,625805,1578379
3541,05/12/2004,W,944663,576643,1521306
3542,10/27/2017,W,833348,769792,1603140
3543,07/06/2010,W,906377,637312,1543689
3544,04/21/2005,W,954629,601125,1555754
3545,12/27/2018,W,509948,453029,962977
3546,10/11/2008,A,750797,444185,1194982
3547,08/22/2023,W,564653,390141,954794
3548,05/08/2002,W,968509,600435,1568944
3549,11/23/2006,U,318233,182131,500364
3550,04/30/2017,U,307608,269345,576953
3551,11/18/2011,W,965671,743405,1709076
3552,02/23/2009,W,1030913,619409,1650322
3553,12/08/2016,W,790418,724726,1515144
3554,11/14/2019,W,764328,745044,1509372
3555,09/14/2024,A,412078,324266,736344
3556,07/19/2005,W,937251,608460,1545711
3557,02/26/2013,W,917610,707649,1625259
3558,09/26/2002,W,1057421,662347,1719768
3559,05/17/2014,A,579674,492704,1072378
3560,03/02/2017,W,842926,741459,1584385
3561,11/06/2002,W,1045767,644971,1690738
3562,07/07/2023,W,479367,347499,826866
3563,05/06/2016,W,877873,814758,1692631
3564,03/25/2017,A,414644,356083,770727
3565,11/01/2017,W,881053,780670,1661723
3566,12/09/2008,W,1000971,619711,1620682
3567,08/25/2012,A,682483,499512,1181995
3568,09/12/2021,U,216327,206582,422909
3569,04/28/2002,U,365481,201038,566519
3570,02/26/2011,A,601634,393242,994876
3571,07/26/2016,W,786060,777948,1564008
3572,07/08/2007,U,443791,287948,731739
3573,04/20/2004,W,934712,592319,1527031
3574,08/08/2020,A,232723,118676,351399
3575,08/10/2012,W,939807,762585,1702392
3576,08/28/2013,W,1019457,732138,1751595
3577,11/08/2006,W,1046870,674951,1721821
3578,04/19/2010,W,1006105,663348,1669453
3579,05/25/2023,W,528009,395099,923108
3580,07/28/2014,W,810122,730188,1540310
3581,04/21/2002,U,356144,190405,546549
3582,11/06/2019,W,840399,762015,1602414
3583,08/31/2005,W,928354,631355,1559709
3584,11/15/2015,U,411704,352488,764192
3585,05/25/2005,W,1002504,628633,1631137
3586,05/15/2023,W,486638,320403,807041
3587,08/30/2024,W,606824,417283,1024107
3588,08/21/2021,A,282205,248705,530910
3589,07/08/2018,U,376335,346489,722824
3590,04/25/2016,W,854155,751951,1606106
3591,02/16/2007,W,928048,589591,1517639
3592,06/21/2016,W,834157,810149,1644306
3593,04/30/2012,W,977200,703630,1680830
3594,04/13/2012,W,958166,741802,1699968
3595,12/08/2022,W,491122,354293,845415
3596,02/26/2020,W,756936,682501,1439437
3597,08/17/2002,A,644076,340569,984645
3598,03/21/2003,W,967479,588655,1556134
3599,12/28/2003,U,358852,178624,537476
3600,12/03/2004,W,1060084,615342,1675426
3601,04/19/2020,U,135539,47512,183051
3602,12/31/2012,W,672602,490998,1163600
3603,09/21/2012,W,1043281,804809,1848090
3604,12/07/2021,W,412108,287065,699173
3605,07/30/2009,W,926905,680056,1606961
3606,03/20/2022,U,220280,183597,403877
3607,09/16/2014,W,964802,827582,1792384
3608,12/24/2023,U,247277,141693,388970
3609,02/22/2014,A,570349,452998,1023347
3610,01/31/2012,W,1059681,731360,1791041
3611,04/12/2001,W,991795,608691,1600486
3612,12/22/2002,U,404210,194323,598533
3613,04/07/2010,W,940753,666668,1607421
3614,07/15/2009,W,984189,650434,1634623
3615,12/22/2001,A,586969,268254,855223
3616,06/08/2017,W,821372,805398,1626770
3617,12/11/2013,W,888272,736512,1624784
3618,06/07/2013,W,1030362,768035,1798397
3619,06/08/2006,W,1011430,675651,1687081
3620,11/22/2006,W,980561,616974,1597535
3621,12/14/2022,W,460656,334180,794836
3622,10/10/2022,W,413126,332397,745523
3623,09/29/2001,A,639464,330008,969472
3624,08/08/2016,W,759970,707087,1467057
3625,05/26/2012,A,636093,469284,1105377
3626,09/05/2011,U,471000,356948,827948
3627,04/19/2023,W,527267,380103,907370
3628,10/21/2020,W,321256,167872,489128
3629,09/28/2006,W,1043356,676811,1720167
3630,09/07/2015,U,419206,362421,781627
3631,09/15/2001,A,615097,277875,892972
3632,05/28/2002,W,959547,588932,1548479
3633,12/01/2005,W,1002814,637299,1640113
3634,07/07/2013,U,467091,354565,821656
3635,07/25/2020,A,228619,116404,345023
3636,10/29/2023,U,250473,185823,436296
3637,03/08/2014,A,553250,447401,1000651
3638,02/09/2016,W,858961,752849,1611810
3639,04/27/2023,W,532971,395661,928632
3640,12/25/2013,U,218166,144912,363078
3641,10/13/2012,A,604421,447031,1051452
3642,08/03/2017,W,763271,834427,1597698
3643,07/02/2022,A,314971,271980,586951
3644,10/30/2021,A,280283,244786,525069
3645,05/28/2020,W,250675,86579,337254
3646,06/23/2023,W,469905,383443,853348
3647,08/04/2006,W,951984,722072,1674056
3648,08/30/2015,U,417777,371923,789700
3649,12/19/2018,W,799278,700814,1500092
3650,12/14/2008,U,440496,247568,688064
3651,08/18/2012,A,711680,513680,1225360
3652,07/01/2022,W,427111,319073,746184
3653,11/14/2020,A,206691,104500,311191
3654,12/22/2012,A,578361,374774,953135
3655,05/05/2018,A,506199,443358,949557
3656,07/18/2004,U,440154,271230,711384
3657,11/01/2002,W,1069031,628183,1697214
3658,04/11/2001,W,985906,606764,1592670
3659,06/02/2007,A,680844,367035,1047879
3660,12/11/2002,W,1021640,603601,1625241
3661,11/28/2004,U,384795,206685,591480
3662,09/10/2012,W,980800,786943,1767743
3663,03/26/2013,W,876069,655138,1531207
3664,05/21/2003,W,992696,592768,1585464
3665,05/26/2021,W,349319,208470,557789
3666,07/28/2007,A,641760,380163,1021923
3667,08/07/2001,W,875431,610601,1486032
3668,12/30/2008,W,820666,523516,1344182
3669,10/12/2015,W,759254,776968,1536222
3670,07/14/2007,A,687968,383132,1071100
3671,05/26/2002,U,436570,216172,652742
3672,02/10/2022,W,426111,284248,710359
3673,03/03/2017,W,851128,729461,1580589
3674,08/05/2016,W,779186,747672,1526858
3675,02/07/2013,W,973458,743264,1716722
3676,05/14/2012,W,983231,700274,1683505
3677,10/29/2018,W,835732,766123,1601855
3678,02/24/2009,W,1072167,642992,1715159
3679,09/25/2024,W,669879,472330,1142209
3680,10/08/2006,U,452460,283787,736247
3681,05/03/2016,W,879141,769834,1648975
3682,08/27/2003,W,862298,578962,1441260
3683,04/01/2021,W,330414,178267,508681
3684,10/11/2012,W,1085498,807251,1892749
3685,10/22/2008,W,1149832,699333,1849165
3686,06/11/2002,W,969387,604162,1573549
3687,06/21/2014,A,537612,503304,1040916
3688,12/18/2007,W,1009642,582487,1592129
3689,01/11/2010,W,983964,609826,1593790
3690,03/29/2021,W,316586,165113,481699
3691,10/06/2001,A,628587,326860,955447
3692,06/28/2023,W,496731,392034,888765
3693,12/25/2019,U,200121,133009,333130
3694,08/04/2002,U,451144,234620,685764
3695,04/23/2021,W,341811,203880,545691
3696,05/25/2004,W,967725,586827,1554552
3697,07/10/2009,W,938460,672582,1611042
3698,11/21/2019,W,790016,752762,1542778
3699,01/22/2005,A,422190,263129,685319
3700,01/03/2012,W,810076,600940,1411016
3701,10/30/2008,W,1142793,709395,1852188
3702,01/10/2005,W,979955,584456,1564411
3703,10/23/2007,W,1088752,662913,1751665
3704,01/18/2018,W,788150,720369,1508519
3705,11/28/2010,U,401514,271093,672607
3706,09/30/2014,W,945847,805360,1751207
3707,06/24/2005,W,869672,643554,1513226
3708,09/17/2020,W,322703,171455,494158
3709,11/17/2024,U,308995,233733,542728
3710,04/17/2001,W,877834,583859,1461693
3711,12/26/2007,W,707668,399662,1107330
3712,08/30/2003,A,622090,339474,961564
3713,07/25/2018,W,763505,768014,1531519
3714,04/14/2003,W,904517,593473,1497990
3715,07/18/2017,W,776582,754149,1530731
3716,10/20/2015,W,950953,875792,1826745
3717,09/17/2024,W,651158,466890,1118048
3718,04/11/2013,W,982894,752525,1735419
3719,07/10/2010,A,625843,418254,1044097
3720,08/29/2008,W,1080840,681463,1762303
3721,04/22/2016,W,745475,721051,1466526
3722,10/22/2009,W,1051505,708978,1760483
3723,06/15/2013,A,624345,453140,1077485
3724,05/18/2011,W,996766,688457,1685223
3725,02/11/2004,W,959174,594399,1553573
3726,12/05/2007,W,1024462,623607,1648069
3727,11/22/2001,U,322788,151915,474703
3728,11/17/2008,W,1080548,652199,1732747
3729,06/16/2018,A,472932,441274,914206
3730,03/20/2009,W,1064573,643149,1707722
3731,06/29/2015,W,797072,730941,1528013
3732,07/11/2002,W,969657,594276,1563933
3733,01/01/2016,U,303321,319835,623156
3734,11/25/2007,U,396237,221021,617258
3735,08/19/2023,A,381458,303336,684794
3736,11/21/2003,W,1004115,626155,1630270
3737,10/29/2004,W,1025574,630736,1656310
3738,12/18/2014,W,867861,722656,1590517
3739,10/24/2014,W,943435,815235,1758670
3740,05/15/2022,U,210931,171982,382913
3741,10/25/2023,W,570560,426962,997522
3742,12/07/2011,W,1032787,718567,1751354
3743,05/15/2007,W,999166,604844,1604010
3744,03/01/2023,W,538035,357399,895434
3745,05/19/2010,W,1009046,668811,1677857
3746,11/24/2012,A,476658,377956,854614
3747,06/05/2017,W,838839,768461,1607300
3748,12/02/2023,A,358919,260456,619375
3749,07/25/2003,W,903368,591792,1495160
3750,06/09/2021,W,367755,231622,599377
3751,04/04/2016,W,857791,741710,1599501
3752,05/03/2024,W,608085,388593,996678
3753,01/13/2002,U,371378,176272,547650
3754,01/03/2011,W,925770,581035,1506805
3755,09/08/2021,W,480111,320091,800202
3756,11/11/2014,W,759033,698289,1457322
3757,10/02/2019,W,844694,765652,1610346
3758,05/13/2004,W,929271,579703,1508974
3759,11/26/2017,U,336930,290753,627683
3760,03/24/2010,W,987466,633221,1620687
3761,10/19/2012,W,1051902,801852,1853754
3762,07/26/2011,W,958271,708596,1666867
3763,04/30/2010,W,1032120,707210,1739330
3764,01/27/2002,U,408878,189116,597994
3765,11/05/2004,W,1062739,630151,1692890
3766,04/09/2016,A,509980,446082,956062
3767,02/15/2018,W,819948,746521,1566469
3768,12/04/2002,W,1003459,610601,1614060
3769,02/19/2016,W,887914,761996,1649910
3770,11/06/2010,A,641520,455652,1097172
3771,02/22/2010,W,953759,633739,1587498
3772,12/26/2017,W,398823,327742,726565
3773,01/12/2015,W,871183,738697,1609880
3774,10/10/2021,U,194232,312750,506982
3775,04/29/2007,U,467869,237595,705464
3776,11/30/2021,W,450230,302349,752579
3777,09/07/2021,W,445989,291803,737792
3778,06/17/2020,W,306380,117798,424178
3779,05/26/2020,W,260758,84940,345698
3780,06/16/2006,W,966314,667762,1634076
3781,02/12/2021,W,280767,149261,430028
3782,07/24/2003,W,896387,622281,1518668
3783,10/22/2004,W,1042359,629243,1671602
3784,05/09/2015,A,572064,455436,1027500
3785,05/28/2005,A,583683,356717,940400
3786,10/28/2021,W,447442,328865,776307
3787,11/26/2019,W,791651,707015,1498666
3788,06/02/2017,W,861203,796256,1657459
3789,12/02/2008,W,1095425,652324,1747749
3790,11/08/2011,W,1008764,742973,1751737
3791,04/24/2017,W,830257,736639,1566896
3792,04/09/2010,W,948808,679699,1628507
3793,01/01/2024,U,205964,152767,358731
3794,08/14/2016,U,402523,380801,783324
3795,06/18/2023,U,272736,221073,493809
3796,03/21/2006,W,943649,585590,1529239
3797,08/24/2004,W,819217,567497,1386714
3798,06/07/2017,W,846730,793617,1640347
3799,12/04/2022,U,219158,175364,394522
3800,05/11/2017,W,832163,755558,1587721
3801,03/09/2004,W,965244,597735,1562979
3802,11/29/2003,A,484077,265968,750045
3803,01/04/2017,W,636491,639970,1276461
3804,07/22/2010,W,927185,670399,1597584
3805,01/04/2008,W,851632,537002,1388634
3806,10/01/2021,W,486451,343048,829499
3807,08/04/2014,W,798672,716949,1515621
3808,02/24/2001,A,505193,246795,751988
3809,08/14/2022,U,214683,189154,403837
3810,02/08/2015,U,399923,298701,698624
3811,12/31/2017,U,274143,235949,510092
3812,11/19/2016,A,477472,501156,978628
3813,03/16/2022,W,479823,333597,813420
3814,04/01/2022,W,484903,314610,799513
3815,11/14/2017,W,862352,781533,1643885
3816,08/26/2001,U,439715,245014,684729
3817,07/31/2007,W,946285,637331,1583616
3818,02/23/2023,W,500377,349987,850364
3819,09/04/2013,W,1077803,769975,1847778
3820,12/19/2011,W,965235,657231,1622466
3821,08/06/2007,W,908881,591244,1500125
3822,10/15/2015,W,946290,860809,1807099
3823,12/22/2007,A,613180,290854,904034
3824,11/26/2013,W,913171,768042,1681213
3825,05/21/2024,W,618559,443937,1062496
3826,10/26/2007,W,1061706,659354,1721060
3827,01/15/2002,W,983090,601489,1584579
3828,08/22/2005,W,897988,597005,1494993
3829,04/11/2018,W,849255,770269,1619524
3830,08/03/2010,W,927125,668186,1595311
3831,02/02/2012,W,1081236,739698,1820934
3832,01/31/2001,W,999392,610508,1609900
3833,03/07/2003,W,980484,584273,1564757
3834,08/28/2012,W,1022555,752842,1775397
3835,05/22/2008,W,1097500,649513,1747013
3836,07/11/2015,A,575848,560642,1136490
3837,11/24/2018,A,407870,347967,755837
3838,10/08/2017,U,374005,539097,913102
3839,05/30/2003,W,988281,613622,1601903
3840,01/11/2024,W,552911,377922,930833
3841,10/19/2010,W,1057820,729779,1787599
3842,05/19/2017,W,768158,726694,1494852
3843,11/25/2020,W,267787,131704,399491
3844,03/19/2023,U,238907,157695,396602
3845,02/10/2018,A,399759,351548,751307
3846,05/15/2024,W,615430,419635,1035065
3847,02/29/2012,W,1055847,736007,1791854
3848,11/03/2005,W,1108680,678842,1787522
3849,12/01/2002,U,362192,187150,549342
3850,02/15/2005,W,980220,590777,1570997
3851,07/21/2002,U,412477,229156,641633
3852,01/20/2009,W,1018227,624553,1642780
3853,01/11/2014,A,526267,424639,950906
3854,12/03/2018,W,831431,731079,1562510
3855,03/26/2008,W,1050176,603440,1653616
3856,03/05/2012,W,913762,651903,1565665
3857,10/19/2015,W,930236,819286,1749522
3858,04/12/2002,W,917031,591700,1508731
3859,10/24/2015,A,556146,492083,1048229
3860,04/02/2024,W,570490,393519,964009
3861,04/18/2001,W,907539,599600,1507139
3862,01/20/2022,W,343001,227670,570671
3863,02/11/2010,W,921768,657486,1579254
3864,04/02/2006,U,391830,254413,646243
3865,07/31/2004,A,646791,376947,1023738
3866,01/03/2010,U,354762,200944,555706
3867,02/21/2008,W,1001382,615384,1616766
3868,05/30/2023,W,517974,382375,900349
3869,01/27/2021,W,262570,138610,401180
3870,02/25/2023,A,313877,199947,513824
3871,06/12/2012,W,1003612,772974,1776586
3872,01/28/2024,U,255458,158081,413539
3873,01/16/2024,W,280514,185903,466417
3874,10/12/2018,W,824598,776261,1600859
3875,12/20/2004,W,726487,488937,1215424
3876,06/09/2002,U,446760,228298,675058
3877,05/30/2019,W,792091,735508,1527599
3878,01/29/2017,U,304565,274728,579293
3879,02/28/2012,W,1039341,720589,1759930
3880,06/30/2007,A,680629,447188,1127817
3881,01/06/2014,W,311075,269542,580617
3882,09/13/2009,U,517813,355437,873250
3883,06/28/2013,W,898642,894811,1793453
3884,12/30/2004,W,738698,457796,1196494
3885,06/08/2021,W,366854,222841,589695
3886,03/27/2021,A,235940,137705,373645
3887,04/11/2016,W,878043,789042,1667085
3888,06/07/2023,W,535180,390851,926031
3889,11/28/2014,W,525696,424837,950533
3890,05/01/2011,U,474621,320956,795577
3891,01/29/2008,W,1011729,627428,1639157
3892,06/28/2004,W,853024,572918,1425942
3893,11/20/2012,W,1049100,772991,1822091
3894,01/04/2010,W,938766,569397,1508163
3895,11/14/2002,W,956533,625010,1581543
3896,06/08/2024,A,388074,295372,683446
3897,02/18/2019,W,555501,519409,1074910
3898,02/08/2011,W,986388,697441,1683829
3899,06/22/2018,W,669210,689577,1358787
3900,06/06/2016,W,854036,762707,1616743
3901,11/07/2017,W,871211,785554,1656765
3902,10/31/2008,W,1135299,709363,1844662
3903,10/15/2023,U,293753,222768,516521
3904,01/23/2013,W,952105,697385,1649490
3905,02/28/2017,W,823654,730508,1554162
3906,03/18/2006,A,603484,347527,951011
3907,07/30/2023,U,285496,219936,505432
3908,03/03/2020,W,834640,701777,1536417
3909,02/09/2004,W,948814,578071,1526885
3910,12/20/2017,W,798144,683898,1482042
3911,12/05/2008,W,1028359,628044,1656403
3912,10/16/2007,W,1084935,664961,1749896
3913,08/21/2016,U,417057,396317,813374
3914,01/10/2016,U,306896,263073,569969
3915,11/11/2008,W,891353,599602,1490955
3916,05/05/2019,U,402463,338727,741190
3917,10/04/2004,W,1069102,626058,1695160
3918,04/04/2020,A,154302,65727,220029
3919,02/06/2011,U,402275,273038,675313
3920,12/02/2004,W,1018483,613061,1631544
3921,02/23/2008,A,648822,325327,974149
3922,08/13/2005,A,608908,350010,958918
3923,03/11/2018,U,339755,286948,626703
3924,10/06/2020,W,332474,168456,500930
3925,09/17/2015,W,927771,851514,1779285
3926,08/29/2019,W,769645,747141,1516786
3927,01/28/2021,W,265152,140259,405411
3928,03/23/2023,W,489519,342562,832081
3929,02/21/2023,W,512268,349053,861321
3930,12/23/2003,W,770607,486462,1257069
3931,07/28/2013,U,455742,371125,826867
3932,06/16/2003,W,955066,581387,1536453
3933,01/27/2006,W,889516,608327,1497843
3934,07/12/2001,W,949551,636236,1585787
3935,07/27/2024,A,426551,328573,755124
3936,09/01/2008,U,500748,293458,794206
3937,03/12/2010,W,1013971,662812,1676783
3938,02/12/2006,U,405657,221409,627066
3939,09/18/2009,W,1102861,708997,1811858
3940,08/03/2001,W,984483,603405,1587888
3941,04/25/2018,W,838143,748866,1587009
3942,12/22/2024,U,271433,188272,459705
3943,06/25/2004,W,894184,629449,1523633
3944,10/06/2019,U,403747,306647,710394
3945,03/16/2017,W,827779,758060,1585839
3946,12/12/2006,W,991473,612992,1604465
3947,01/19/2013,A,592561,417820,1010381
3948,08/26/2003,W,836703,573211,1409914
3949,04/03/2003,W,995062,592074,1587136
3950,10/10/2015,A,577667,541173,1118840
3951,12/15/2007,A,606795,316867,923662
3952,06/11/2001,W,910186,586260,1496446
3953,04/06/2006,W,998368,635705,1634073
3954,06/13/2021,U,219260,184714,403974
3955,11/30/2003,U,378933,217629,596562
3956,03/01/2021,W,309106,149826,458932
3957,03/15/2013,W,1002907,771603,1774510
3958,07/10/2021,A,275612,238903,514515
3959,02/15/2023,W,498251,346762,845013
3960,07/19/2018,W,765291,780813,1546104
3961,06/04/2015,W,938834,797464,1736298
3962,12/14/2005,W,959741,629222,1588963
3963,06/04/2022,A,298993,261915,560908
3964,08/20/2011,A,622722,472815,1095537
3965,06/09/2006,W,988332,652258,1640590
3966,04/22/2006,A,607395,357315,964710
3967,09/25/2008,W,1162318,720003,1882321
3968,12/25/2003,U,247349,101016,348365
3969,12/16/2017,A,484468,419897,904365
3970,09/28/2017,W,881438,809624,1691062
3971,11/12/2016,A,500583,474411,974994
3972,04/11/2011,W,999639,696423,1696062
3973,02/14/2009,A,711324,388028,1099352
3974,11/30/2015,W,870662,756626,1627288
3975,06/30/2016,W,763112,783020,1546132
3976,06/30/2021,W,356837,237763,594600
3977,12/03/2001,W,1051222,599106,1650328
3978,11/10/2012,A,650416,472274,1122690
3979,02/10/2014,W,888500,716772,1605272
3980,03/07/2023,W,528413,362941,891354
3981,02/07/2015,A,600789,439214,1040003
3982,04/04/2008,W,1115690,653351,1769041
3983,02/15/2003,A,543945,271823,815768
3984,09/22/2005,W,1045853,672603,1718456
3985,06/02/2002,U,423135,238648,661783
3986,07/08/2020,W,301892,149845,451737
3987,10/26/2009,W,1045756,673242,1718998
3988,12/22/2023,W,418720,267301,686021
3989,12/14/2021,W,443484,293750,737234
3990,07/30/2008,W,1009837,641527,1651364
3991,11/18/2024,W,565097,383053,948150
3992,06/26/2001,W,944301,635326,1579627
3993,02/20/2020,W,778698,700575,1479273
3994,01/25/2015,U,339402,279154,618556
3995,05/01/2018,W,876677,777780,1654457
3996,10/14/2004,W,1039134,634855,1673989
3997,12/03/2015,W,940609,807065,1747674
3998,08/16/2021,W,371748,246824,618572
3999,07/22/2013,W,903084,709718,1612802
4000,08/04/2019,U,375863,416740,792603
4001,12/14/2017,W,790977,722667,1513644
4002,02/26/2007,W,953661,597444,1551105
4003,07/25/2006,W,919219,650364,1569583
4004,02/07/2014,W,873759,724771,1598530
4005,11/13/2003,W,901163,616525,1517688
4006,04/30/2023,U,238929,165311,404240
4007,10/10/2014,W,954800,839036,1793836
4008,12/10/2010,W,986800,682824,1669624
4009,09/26/2010,U,439578,331103,770681
4010,04/13/2014,U,390666,330841,721507
4011,08/20/2012,W,932342,694224,1626566
4012,06/29/2020,W,279383,133291,412674
4013,11/26/2006,U,400592,234961,635553
4014,02/27/2015,W,903421,736663,1640084
4015,03/01/2003,A,610177,291264,901441
4016,12/29/2008,W,813142,503359,1316501
4017,08/18/2005,W,855225,561329,1416554
4018,08/13/2001,W,892382,571719,1464101
4019,04/15/2023,A,360082,254964,615046
4020,06/27/2020,A,233358,106092,339450
4021,01/04/2018,W,594414,591081,1185495
4022,03/01/2007,W,991173,616136,1607309
4023,01/02/2007,W,772549,452097,1224646
4024,12/02/2001,U,418878,210748,629626
4025,08/15/2019,W,723069,703513,1426582
4026,08/19/2017,A,510200,488523,998723
4027,04/26/2001,W,1028140,624617,1652757
4028,01/28/2002,W,1009923,595606,1605529
4029,02/29/2024,W,577283,386672,963955
4030,05/16/2011,W,1002206,683002,1685208
4031,11/08/2024,W,601808,396291,998099
4032,06/28/2007,W,927302,620611,1547913
4033,02/27/2023,W,438886,284156,723042
4034,08/03/2021,W,407869,267547,675416
4035,10/11/2006,W,1022625,684138,1706763
4036,12/24/2022,A,150459,94387,244846
4037,05/26/2011,W,954623,693660,1648283
4038,03/03/2007,A,582869,304060,886929
4039,05/20/2024,W,561715,366053,927768
4040,11/19/2008,W,1114917,670515,1785432
4041,08/20/2001,W,876831,606101,1482932
4042,05/17/2019,W,758399,691390,1449789
4043,09/20/2022,W,522109,387279,909388
4044,11/18/2005,W,997001,635900,1632901
4045,04/19/2015,U,394676,338222,732898
4046,05/01/2015,W,993931,835711,1829642
4047,11/26/2001,W,993754,600439,1594193
4048,09/02/2007,U,506887,328760,835647
4049,06/14/2018,W,795923,754502,1550425
4050,10/14/2012,U,443009,327889,770898
4051,05/18/2023,W,525435,390005,915440
4052,07/13/2017,W,773047,751562,1524609
4053,09/28/2002,A,632188,338847,971035
4054,03/20/2017,W,802404,690624,1493028
4055,04/26/2004,W,962323,576288,1538611
4056,06/27/2002,W,914452,613276,1527728
4057,03/11/2008,W,1062865,633917,1696782
4058,02/21/2012,W,1036038,726162,1762200
4059,08/31/2006,W,917102,654437,1571539
4060,06/19/2022,U,227181,226033,453214
4061,11/10/2013,U,426989,370923,797912
4062,03/10/2002,U,361758,180401,542159
4063,09/05/2014,W,933196,801886,1735082
4064,03/13/2008,W,1070019,642018,1712037
4065,08/29/2003,W,902436,604839,1507275
4066,02/05/2002,W,997471,596800,1594271
4067,11/04/2017,A,450968,393884,844852
4068,07/11/2022,W,411177,289480,700657
4069,06/02/2008,W,1098574,638006,1736580
4070,04/24/2023,W,502642,328298,830940
4071,02/06/2001,W,1039393,612435,1651828
4072,06/02/2020,W,154414,31544,185958
4073,09/08/2017,W,849319,809597,1658916
4074,04/06/2002,A,639707,318104,957811
4075,11/03/2017,W,815500,755771,1571271
4076,09/18/2002,W,1039162,643763,1682925
4077,11/10/2002,U,419858,220134,639992
4078,08/04/2013,U,475029,462380,937409
4079,10/15/2018,W,836275,778324,1614599
4080,09/01/2020,W,320186,157112,477298
4081,10/25/2021,W,384314,270031,654345
4082,10/17/2020,A,231563,134238,365801
4083,04/28/2013,U,455561,320737,776298
4084,12/07/2016,W,831766,745626,1577392
4085,12/26/2016,U,380189,292312,672501
4086,10/26/2019,A,412819,356371,769190
4087,02/08/2005,W,1005698,593343,1599041
4088,11/30/2017,W,850783,772769,1623552
4089,06/07/2012,W,1031503,768929,1800432
4090,10/01/2012,W,1117666,783378,1901044
4091,12/25/2011,U,273257,144879,418136
4092,12/27/2014,A,449446,337243,786689
4093,01/23/2008,W,974052,605979,1580031
4094,08/24/2012,W,995467,757933,1753400
4095,07/17/2022,U,212995,208264,421259
4096,07/17/2014,W,837907,762599,1600506
4097,04/30/2003,W,828642,567596,1396238
4098,02/07/2018,W,790600,714000,1504600
4099,05/12/2014,W,880457,711215,1591672
4100,05/16/2005,W,1005555,598942,1604497
4101,08/21/2001,W,894995,608242,1503237
4102,07/29/2011,W,942044,711542,1653586
4103,05/19/2012,A,646682,465776,1112458
4104,08/08/2010,U,464239,415228,879467
4105,04/28/2017,W,830500,740579,1571079
4106,10/29/2013,W,976102,790974,1767076
4107,12/01/2014,W,912722,743704,1656426
4108,05/22/2010,A,646961,413263,1060224
4109,01/09/2001,W,978377,599905,1578282
4110,11/05/2020,W,311836,158434,470270
4111,09/30/2019,W,850333,738159,1588492
4112,09/04/2024,W,653220,454140,1107360
4113,05/23/2013,W,987008,693752,1680760
4114,05/15/2004,A,615125,308012,923137
4115,03/09/2024,A,379680,245369,625049
4116,12/02/2005,W,1012143,626729,1638872
4117,01/07/2003,W,982542,580676,1563218
4118,06/06/2018,W,820198,778486,1598684
4119,03/13/2022,U,200879,168821,369700
4120,03/03/2022,W,450905,301344,752249
4121,07/15/2020,W,295648,147794,443442
4122,11/20/2018,W,807383,741467,1548850
4123,06/26/2018,W,714896,717661,1432557
4124,12/04/2004,A,638045,335317,973362
4125,09/18/2011,U,433064,328422,761486
4126,04/28/2020,W,229831,79284,309115
4127,06/04/2024,W,602909,443126,1046035
4128,08/15/2009,A,722837,472275,1195112
4129,08/09/2011,W,958406,713624,1672030
4130,05/25/2017,W,829938,776776,1606714
4131,01/10/2006,W,938390,600336,1538726
4132,11/02/2002,A,647400,313106,960506
4133,07/09/2010,W,930427,676348,1606775
4134,06/23/2001,A,631716,328467,960183
4135,07/15/2012,U,520254,434508,954762
4136,05/23/2006,W,1013298,647643,1660941
4137,09/10/2020,W,320927,167696,488623
4138,07/12/2008,A,718369,361910,1080279
4139,11/25/2005,W,542621,335201,877822
4140,09/17/2003,W,1023215,663761,1686976
4141,06/22/2002,A,634013,341170,975183
4142,04/05/2023,W,438936,335701,774637
4143,09/21/2013,A,629564,526128,1155692
4144,04/28/2009,W,1043138,650112,1693250
4145,12/11/2020,W,277727,138386,416113
4146,12/03/2019,W,849440,732651,1582091
4147,06/13/2012,W,986995,778465,1765460
4148,06/03/2006,A,668592,371768,1040360
4149,07/24/2024,W,574946,434300,1009246
4150,04/11/2012,W,1053786,760911,1814697
4151,02/20/2013,W,995286,720364,1715650
4152,12/26/2003,W,605667,321094,926761
4153,04/23/2022,A,312128,278763,590891
4154,11/14/2001,W,994462,624162,1618624
4155,01/06/2008,U,415385,207391,622776
4156,04/20/2003,U,368478,172399,540877
4157,12/03/2020,W,301357,142080,443437
4158,10/21/2004,W,1052476,637181,1689657
4159,10/08/2020,W,334365,174469,508834
4160,08/20/2017,U,395932,381042,776974
4161,09/16/2010,W,1030218,751525,1781743
4162,02/12/2003,W,749254,523192,1272446
4163,05/22/2018,W,819740,762899,1582639
4164,03/26/2012,W,996549,700972,1697521
4165,11/17/2021,W,436216,311717,747933
4166,07/14/2013,U,487170,413355,900525
4167,09/13/2024,W,610703,407861,1018564
4168,08/22/2007,W,929593,601469,1531062
4169,07/24/2002,W,945502,617518,1563020
4170,11/29/2014,A,493851,417770,911621
4171,11/05/2016,A,536579,531687,1068266
4172,03/03/2023,W,441984,285055,727039
4173,05/13/2019,W,783657,704326,1487983
4174,04/08/2019,W,823032,754465,1577497
4175,08/15/2017,W,774523,700422,1474945
4176,03/11/2013,W,1009909,713865,1723774
4177,10/24/2021,U,171424,144992,316416
4178,07/01/2020,W,327984,148683,476667
4179,03/29/2012,W,1013994,734424,1748418
4180,10/31/2023,W,520069,390110,910179
4181,05/17/2020,U,119698,40451,160149
4182,06/21/2001,W,900375,596076,1496451
4183,07/11/2005,W,913284,573004,1486288
4184,10/20/2024,U,321239,239392,560631
4185,07/02/2024,W,554430,411251,965681
4186,07/07/2015,W,834983,794300,1629283
4187,06/30/2018,A,473766,468103,941869
4188,03/25/2006,A,620929,322685,943614
4189,10/17/2005,W,1046900,653518,1700418
4190,07/07/2019,U,365003,328344,693347
4191,01/17/2001,W,1018690,620343,1639033
4192,03/17/2006,W,989694,633801,1623495
4193,12/06/2019,W,799551,729231,1528782
4194,08/20/2018,W,668029,672736,1340765
4195,08/20/2010,W,928525,688864,1617389
4196,09/15/2019,U,353264,352467,705731
4197,01/02/2022,U,141100,114070,255170
4198,06/27/2005,W,867853,591716,1459569
4199,12/01/2013,U,393065,311377,704442
4200,06/25/2002,W,926613,600847,1527460
4201,01/20/2004,W,939415,572634,1512049
4202,09/20/2021,W,443252,298947,742199
4203,12/08/2004,W,1017145,605103,1622248
4204,08/01/2006,W,894297,619717,1514014
4205,05/23/2004,U,398101,224372,622473
4206,11/22/2008,A,697641,417656,1115297
4207,04/16/2024,W,599597,405400,1004997
4208,12/07/2008,U,406475,241719,648194
4209,09/03/2014,W,985184,813174,1798358
4210,04/28/2004,W,914358,585375,1499733
4211,06/20/2009,A,757562,423217,1180779
4212,01/23/2009,W,979795,622633,1602428
4213,06/14/2015,U,419317,407107,826424
4214,04/09/2004,W,799356,490037,1289393
4215,05/23/2008,W,1074370,622769,1697139
4216,07/28/2002,U,414913,215040,629953
4217,07/16/2016,A,529240,528345,1057585
4218,09/26/2012,W,1088775,786511,1875286
4219,11/05/2010,W,1034503,723652,1758155
4220,01/02/2004,W,754051,421851,1175902
4221,05/08/2009,W,1084713,657966,1742679
4222,01/18/2003,A,512435,261058,773493
4223,01/09/2014,W,860867,727384,1588251
4224,07/26/2014,A,563247,540197,1103444
4225,09/25/2009,W,1010229,697003,1707232
4226,06/21/2002,W,979910,616117,1596027
4227,08/10/2004,W,859980,584756,1444736
4228,01/03/2024,W,451613,307037,758650
4229,09/18/2019,W,859904,807081,1666985
4230,10/31/2024,W,605292,425596,1030888
4231,08/23/2023,W,531763,365111,896874
4232,05/25/2019,A,483109,426932,910041
4233,01/16/2003,W,945280,591915,1537195
4234,12/03/2007,W,1064265,605852,1670117
4235,08/31/2001,W,986749,616977,1603726
4236,10/02/2021,A,283289,248678,531967
4237,04/10/2011,U,483207,359065,842272
4238,08/29/2022,W,453804,307410,761214
4239,03/18/2002,W,992913,579486,1572399
4240,04/29/2014,W,919869,770461,1690330
4241,09/01/2010,W,1014776,696657,1711433
4242,09/15/2022,W,526216,409158,935374
4243,09/07/2017,W,867162,801972,1669134
4244,04/24/2004,A,570050,314947,884997
4245,12/18/2006,W,990534,591895,1582429
4246,06/12/2011,U,492490,388957,881447
4247,04/30/2022,A,260440,208693,469133
4248,04/18/2017,W,848195,772115,1620310
4249,01/10/2011,W,966448,639852,1606300
4250,03/19/2011,A,661882,426128,1088010
4251,08/31/2012,W,1051323,787713,1839036
4252,06/14/2006,W,941928,665279,1607207
4253,02/17/2013,U,445505,317885,763390
4254,04/15/2005,W,953214,602625,1555839
4255,04/06/2015,W,807389,711923,1519312
4256,07/27/2007,W,923332,625772,1549104
4257,06/07/2016,W,863284,795251,1658535
4258,05/23/2019,W,801697,766717,1568414
4259,09/06/2010,U,453040,319536,772576
4260,04/15/2013,W,992589,717933,1710522
4261,02/22/2013,W,944394,716784,1661178
4262,03/13/2013,W,1034585,748618,1783203
4263,09/25/2015,W,951827,863209,1815036
4264,07/29/2005,W,928563,618229,1546792
4265,01/25/2024,W,554313,390971,945284
4266,02/24/2019,U,288368,240478,528846
4267,06/26/2015,W,773954,748661,1522615
4268,04/23/2009,W,1039524,688741,1728265
4269,11/10/2003,W,981163,606222,1587385
4270,09/07/2012,W,1057006,798630,1855636
4271,09/03/2011,A,655947,472827,1128774
4272,10/01/2023,U,303953,229368,533321
4273,12/16/2004,W,969829,585749,1555578
4274,03/21/2023,W,510959,347098,858057
4275,06/03/2024,W,594326,377947,972273
4276,10/28/2015,W,910794,826173,1736967
4277,09/11/2011,U,483138,356915,840053
4278,05/02/2008,W,1082350,641332,1723682
4279,11/22/2009,U,485345,297371,782716
4280,10/13/2024,U,280965,466771,747736
4281,04/17/2023,W,458530,310077,768607
4282,04/03/2015,W,814328,681130,1495458
4283,09/03/2016,A,542836,509314,1052150
4284,08/20/2014,W,829572,758067,1587639
4285,02/12/2024,W,534181,325070,859251
4286,08/09/2022,W,454272,352582,806854
4287,04/05/2007,W,892666,577450,1470116
4288,05/05/2001,A,637957,307025,944982
4289,02/10/2001,A,605404,271313,876717
4290,01/14/2019,W,756590,705571,1462161
4291,10/25/2011,W,1066867,757975,1824842
4292,08/16/2010,W,907011,648950,1555961
4293,05/07/2013,W,1022360,758068,1780428
4294,06/25/2005,A,629963,398677,1028640
4295,08/08/2004,U,432272,235899,668171
4296,04/30/2008,W,1104713,662503,1767216
4297,03/15/2004,W,953320,580038,1533358
4298,02/15/2020,A,408435,326795,735230
4299,02/21/2006,W,993188,623860,1617048
4300,09/23/2005,W,1068977,699466,1768443
4301,10/24/2012,W,1081481,804851,1886332
4302,05/30/2012,W,1001845,742834,1744679
4303,03/23/2020,W,212121,103992,316113
4304,12/21/2017,W,769444,659956,1429400
4305,05/23/2012,W,1019498,738794,1758292
4306,10/11/2007,W,1080412,674960,1755372
4307,02/18/2023,A,307618,213471,521089
4308,06/16/2022,W,441821,351622,793443
4309,05/15/2010,A,632980,428608,1061588
4310,09/11/2018,W,861007,818737,1679744
4311,09/13/2015,U,423559,417183,840742
4312,04/02/2013,W,993149,728501,1721650
4313,03/07/2024,W,580398,390865,971263
4314,06/07/2022,W,492774,348945,841719
4315,05/22/2013,W,982149,687729,1669878
4316,01/30/2011,U,406547,254689,661236
4317,02/11/2023,A,305427,182401,487828
4318,03/19/2003,W,938499,586881,1525380
4319,09/13/2002,W,1064345,655102,1719447
4320,01/22/2020,W,794213,715399,1509612
4321,02/18/2009,W,1030930,637389,1668319
4322,04/04/2005,W,1035659,608092,1643751
4323,07/12/2004,W,883883,564588,1448471
4324,07/03/2003,W,983110,790702,1773812
4325,10/19/2002,A,654965,333538,988503
4326,06/20/2012,W,945821,743331,1689152
4327,08/30/2001,W,913200,617044,1530244
4328,07/22/2018,U,339813,357484,697297
4329,06/22/2003,U,423283,242077,665360
4330,09/30/2002,W,1048696,634065,1682761
4331,02/17/2019,U,296482,256817,553299
4332,11/07/2016,W,887002,809878,1696880
4333,09/14/2012,W,1023073,789009,1812082
4334,09/23/2015,W,942933,838495,1781428
4335,06/27/2017,W,763875,751340,1515215
4336,10/03/2020,A,241921,133772,375693
4337,03/24/2003,W,962889,584149,1547038
4338,03/20/2006,W,963013,587104,1550117
4339,12/26/2020,A,170294,81793,252087
4340,11/12/2017,U,341066,303087,644153
4341,09/14/2005,W,1072662,687668,1760330
4342,04/26/2008,A,698927,319314,1018241
4343,04/18/2024,W,606325,417750,1024075
4344,01/14/2022,W,355305,224098,579403
4345,11/25/2014,W,889039,780322,1669361
4346,10/28/2011,W,993735,758294,1752029
4347,01/26/2014,U,337328,280648,617976
4348,08/16/2003,A,627785,363117,990902
4349,11/19/2017,U,359562,330196,689758
4350,09/17/2013,W,1049035,788413,1837448
4351,07/30/2006,U,416361,290935,707296
4352,02/23/2006,W,991146,635013,1626159
4353,07/15/2005,W,937018,631418,1568436
4354,01/14/2024,U,146724,93057,239781
4355,06/14/2013,W,1033513,747980,1781493
4356,03/03/2005,W,1030040,600570,1630610
4357,12/29/2014,W,654612,559416,1214028
4358,09/08/2018,A,486855,460892,947747
4359,11/29/2008,A,595913,320575,916488
4360,12/21/2010,W,786351,574097,1360448
4361,01/24/2021,U,141538,71996,213534
4362,09/04/2006,U,404856,256882,661738
4363,02/17/2004,W,966524,596810,1563334
4364,08/30/2007,W,968474,666661,1635135
4365,07/06/2016,W,771626,788995,1560621
4366,08/29/2009,A,708836,405427,1114263
4367,08/10/2014,U,427882,405792,833674
4368,09/10/2016,A,510845,465562,976407
4369,09/15/2013,U,409765,345621,755386
4370,03/19/2009,W,1073688,656286,1729974
4371,11/29/2022,W,492390,346172,838562
4372,10/01/2017,U,389470,361156,750626
4373,12/22/2011,W,901280,615248,1516528
4374,02/13/2002,W,1019675,612626,1632301
4375,01/08/2024,W,517198,326817,844015
4376,10/02/2018,W,870588,824655,1695243
4377,01/22/2007,W,1002003,616824,1618827
4378,12/19/2020,A,201406,101970,303376
4379,04/04/2007,W,874823,565985,1440808
4380,09/23/2011,W,1013491,751348,1764839
4381,08/06/2023,U,264872,298188,563060
4382,04/25/2022,W,454532,293934,748466
4383,09/20/2004,W,1037831,618982,1656813
4384,11/14/2022,W,479311,330831,810142
4385,06/04/2023,U,278304,238509,516813
4386,11/08/2005,W,998603,642398,1641001
4387,05/06/2008,W,1122716,651484,1774200
4388,06/21/2018,W,628563,683599,1312162
4389,06/07/2011,W,1023477,727689,1751166
4390,11/15/2011,W,1079072,770828,1849900
4391,12/14/2011,W,939524,675577,1615101
4392,03/05/2003,W,868551,583929,1452480
4393,06/10/2012,U,509071,404744,913815
4394,02/09/2010,W,913022,646792,1559814
4395,03/08/2019,W,781577,684186,1465763
4396,01/13/2023,W,443233,292169,735402
4397,03/29/2008,A,688035,319080,1007115
4398,08/03/2020,W,324028,152552,476580
4399,09/10/2010,W,1067844,740993,1808837
4400,03/21/2020,A,185406,86695,272101
4401,05/25/2006,W,978387,639540,1617927
4402,12/22/2005,W,912016,544544,1456560
4403,04/14/2010,W,1043690,714316,1758006
4404,03/08/2022,W,464441,303631,768072
4405,09/18/2014,W,967453,848591,1816044
4406,01/13/2006,W,887164,585207,1472371
4407,01/29/2011,A,617408,381200,998608
4408,04/16/2013,W,1014884,753356,1768240
4409,10/09/2015,W,931769,854606,1786375
4410,10/11/2013,W,1033797,792305,1826102
4411,03/09/2008,U,415621,215690,631311
4412,11/29/2013,W,625605,448939,1074544
4413,03/27/2019,W,802407,693509,1495916
4414,01/06/2012,W,870446,666379,1536825
4415,11/11/2021,W,349696,286823,636519
4416,07/27/2006,W,894993,663387,1558380
4417,06/14/2012,W,959511,783352,1742863
4418,06/28/2009,U,516762,469985,986747
4419,07/27/2009,W,939982,648312,1588294
4420,10/13/2008,W,909500,599831,1509331
4421,09/03/2022,A,329125,291196,620321
4422,03/30/2011,W,1022399,692860,1715259
4423,03/24/2017,W,821828,715787,1537615
4424,04/06/2008,U,523895,249096,772991
4425,05/08/2004,A,628268,316493,944761
4426,09/02/2004,W,953427,599495,1552922
4427,08/27/2017,U,358840,336109,694949
4428,04/25/2009,A,612802,358235,971037
4429,07/31/2001,W,884617,596502,1481119
4430,03/08/2001,W,1000946,611371,1612317
4431,05/22/2022,U,221756,193002,414758
4432,11/13/2023,W,558320,370511,928831
4433,06/07/2004,W,975883,602548,1578431
4434,03/20/2021,A,246067,141702,387769
4435,03/30/2020,W,208762,96996,305758
4436,11/11/2019,W,590714,604475,1195189
4437,04/18/2006,W,1000958,646316,1647274
4438,10/09/2012,W,1088484,795608,1884092
4439,09/19/2021,U,221743,220835,442578
4440,11/18/2010,W,984043,712787,1696830
4441,06/27/2019,W,763256,757999,1521255
4442,05/26/2024,U,279820,220267,500087
4443,08/12/2023,A,370464,315090,685554
4444,09/28/2023,W,597723,437574,1035297
4445,05/31/2024,W,590998,410904,1001902
4446,12/13/2005,W,984740,612377,1597117
4447,07/08/2024,W,523371,364702,888073
4448,02/07/2007,W,933093,593113,1526206
4449,01/27/2019,U,258884,221081,479965
4450,06/25/2006,U,407079,302719,709798
4451,08/29/2007,W,961627,640436,1602063
4452,03/19/2005,A,610862,312814,923676
4453,08/29/2020,A,228415,120335,348750
4454,11/17/2007,A,651609,373784,1025393
4455,11/13/2018,W,824479,769160,1593639
4456,06/02/2018,A,496149,437154,933303
4457,10/07/2004,W,1065448,640106,1705554
4458,08/21/2007,W,927597,600468,1528065
4459,09/26/2006,W,1054882,695484,1750366
4460,07/30/2024,W,564465,418450,982915
4461,11/10/2007,A,699360,323757,1023117
4462,02/07/2021,U,110637,64459,175096
4463,04/30/2011,A,677693,452569,1130262
4464,10/14/2008,W,1165787,704419,1870206
4465,05/03/2005,W,1045152,610739,1655891
4466,02/18/2001,U,388788,176855,565643
4467,03/10/2008,W,1024901,606737,1631638
4468,01/12/2004,W,982070,588906,1570976
4469,07/22/2019,W,733191,716299,1449490
4470,12/30/2024,W,447644,285475,733119
4471,09/01/2003,U,326772,199296,526068
4472,11/01/2019,W,798542,719267,1517809
4473,08/06/2024,W,536195,418245,954440
4474,05/08/2017,W,829268,722987,1552255
4475,11/04/2022,W,489779,345651,835430
4476,05/15/2021,A,234951,166559,401510
4477,03/31/2016,W,832775,758014,1590789
4478,02/03/2020,W,816538,689308,1505846
4479,04/09/2020,W,189898,86725,276623
4480,05/11/2005,W,908042,592526,1500568
4481,10/06/2002,U,423210,223075,646285
4482,05/16/2009,A,746301,406577,1152878
4483,10/30/2020,W,334559,172445,507004
4484,05/18/2022,W,452731,322841,775572
4485,12/23/2008,W,742980,501283,1244263
4486,06/21/2009,U,514773,292519,807292
4487,09/19/2002,W,1038608,640884,1679492
4488,03/24/2004,W,917804,565878,1483682
4489,12/07/2019,A,472207,404394,876601
4490,07/03/2022,U,234889,221003,455892
4491,06/25/2011,A,672716,511370,1184086
4492,03/17/2001,A,602158,343893,946051
4493,06/23/2014,W,825185,726655,1551840
4494,04/10/2021,A,212976,129831,342807
4495,08/27/2023,U,289983,218533,508516
4496,12/15/2019,U,348516,255659,604175
4497,03/25/2003,W,973017,594589,1567606
4498,11/23/2024,A,384030,340935,724965
4499,10/28/2009,W,1091208,699543,1790751
4500,05/23/2023,W,537810,406630,944440
4501,01/29/2013,W,1009440,728633,1738073
4502,07/08/2008,W,1052665,666338,1719003
4503,11/10/2020,W,298502,153003,451505
4504,10/11/2001,W,1025128,647937,1673065
4505,02/04/2023,A,295858,188543,484401
4506,04/17/2012,W,1056910,744763,1801673
4507,11/05/2021,W,403870,312819,716689
4508,11/07/2003,W,906629,620991,1527620
4509,10/11/2004,W,798129,533211,1331340
4510,04/29/2016,W,893284,815629,1708913
4511,09/26/2015,A,598862,565634,1164496
4512,09/04/2015,W,869966,802219,1672185
4513,11/03/2020,W,317723,149741,467464
4514,11/17/2019,U,340985,280372,621357
4515,11/26/2015,U,288282,234285,522567
4516,02/13/2009,W,1008863,643066,1651929
4517,06/20/2014,W,813597,775063,1588660
4518,11/03/2010,W,1067432,725866,1793298
4519,06/17/2014,W,806325,738327,1544652
4520,09/07/2022,W,534473,388259,922732
4521,06/06/2020,A,184406,69622,254028
4522,08/30/2018,W,776906,780357,1557263
4523,09/15/2020,W,323465,166872,490337
4524,09/29/2020,W,323062,167874,490936
4525,05/27/2024,U,306648,205186,511834
4526,01/15/2023,U,220389,154138,374527
4527,04/28/2019,U,338518,289270,627788
4528,07/25/2014,W,813032,793426,1606458
4529,10/15/2004,W,1030816,634543,1665359
4530,05/22/2002,W,999920,618307,1618227
4531,04/18/2021,U,177249,112596,289845
4532,06/12/2006,W,960901,623525,1584426
4533,01/28/2023,A,270454,190883,461337
4534,12/05/2016,W,841336,735184,1576520
4535,07/24/2022,U,209703,202481,412184
4536,03/05/2019,W,761781,692945,1454726
4537,04/11/2014,W,953384,803062,1756446
4538,02/12/2007,W,793846,530211,1324057
4539,02/04/2015,W,957218,791399,1748617
4540,10/18/2002,W,1059316,643043,1702359
4541,09/20/2020,U,175502,101785,277287
4542,02/03/2008,U,416661,216443,633104
4543,11/02/2018,W,785859,754310,1540169
4544,01/14/2010,W,1036398,641827,1678225
4545,03/11/2023,A,326961,340919,667880
4546,09/16/2013,W,1033555,776155,1809710
4547,10/23/2020,W,288787,166459,455246
4548,11/04/2012,U,486060,347411,833471
4549,07/22/2017,A,485978,471542,957520
4550,11/16/2008,U,459244,245130,704374
4551,12/07/2007,W,956775,609732,1566507
4552,08/06/2016,A,539382,467180,1006562
4553,08/17/2008,U,539476,317781,857257
4554,11/19/2009,W,1021173,682045,1703218
4555,01/02/2024,W,417384,278216,695600
4556,04/24/2022,U,192744,162462,355206
4557,07/26/2010,W,915404,658817,1574221
4558,10/16/2023,W,551971,374520,926491
4559,07/03/2001,W,990209,827670,1817879
4560,07/29/2019,W,677033,663313,1340346
4561,12/08/2018,A,456911,399714,856625
4562,08/06/2011,A,682517,569511,1252028
4563,07/10/2008,W,1029219,674645,1703864
4564,06/24/2001,U,443240,281620,724860
4565,12/10/2022,A,301199,250406,551605
4566,03/14/2004,U,376244,200734,576978
4567,03/23/2017,W,802941,708026,1510967
4568,02/27/2003,W,951569,599144,1550713
4569,08/03/2004,W,933741,570440,1504181
4570,10/16/2008,W,1166556,715760,1882316
4571,01/25/2003,A,547944,259287,807231
4572,01/30/2020,W,787640,718793,1506433
4573,03/09/2022,W,466984,310336,777320
4574,06/13/2013,W,1031992,761985,1793977
4575,08/14/2024,W,566338,414324,980662
4576,07/18/2006,W,927651,675064,1602715
4577,09/18/2007,W,1104193,689330,1793523
4578,12/18/2024,W,577854,382314,960168
4579,06/02/2015,W,933346,779073,1712419
4580,05/20/2013,W,1008704,681176,1689880
4581,08/19/2010,W,940943,688195,1629138
4582,06/30/2010,W,939032,726101,1665133
4583,12/31/2002,W,792623,456865,1249488
4584,01/12/2005,W,972407,589359,1561766
4585,02/15/2024,W,568392,387472,955864
4586,04/22/2012,U,448386,333024,781410
4587,08/09/2021,W,334547,240520,575067
4588,08/24/2013,A,632311,465546,1097857
4589,08/25/2004,W,831352,570388,1401740
4590,01/23/2002,W,990484,600427,1590911
4591,01/21/2018,U,316648,259818,576466
4592,09/08/2023,W,555213,397332,952545
4593,03/27/2018,W,688138,684664,1372802
4594,05/09/2017,W,827183,738712,1565895
4595,08/25/2015,W,838405,768794,1607199
4596,11/03/2002,U,418620,211506,630126
4597,07/03/2011,U,546895,441925,988820
4598,09/20/2013,W,1034561,800104,1834665
4599,03/15/2003,A,637081,381570,1018651
4600,03/15/2015,U,432055,362045,794100
4601,04/24/2010,A,588835,385430,974265
4602,05/26/2013,U,460009,336563,796572
4603,10/12/2009,W,827772,594084,1421856
4604,05/12/2008,W,1070403,630574,1700977
4605,02/15/2013,W,1013485,731689,1745174
4606,01/05/2003,U,377813,177159,554972
4607,07/02/2019,W,732483,698347,1430830
4608,01/12/2021,W,277882,136866,414748
4609,05/04/2018,W,830802,736342,1567144
4610,09/15/2017,W,871656,838001,1709657
4611,07/18/2020,A,219217,109549,328766
4612,01/01/2020,U,267300,255759,523059
4613,09/13/2012,W,991316,793145,1784461
4614,09/20/2006,W,1053131,700536,1753667
4615,07/31/2003,W,889575,617395,1506970
4616,02/20/2005,U,365108,192834,557942
4617,08/29/2006,W,891705,638128,1529833
4618,11/25/2021,U,136680,103108,239788
4619,07/10/2011,U,487215,355799,843014
4620,12/19/2021,U,193554,150673,344227
4621,08/31/2004,W,899858,586695,1486553
4622,07/10/2001,W,937066,610069,1547135
4623,08/03/2003,U,387659,244986,632645
4624,11/23/2015,W,877236,781545,1658781
4625,04/20/2001,W,922082,590659,1512741
4626,12/10/2014,W,914038,763277,1677315
4627,09/26/2013,W,1047323,813509,1860832
4628,08/08/2005,W,910549,590758,1501307
4629,06/24/2009,W,937838,642145,1579983
4630,03/22/2004,W,941254,559786,1501040
4631,05/01/2019,W,841583,729104,1570687
4632,11/03/2004,W,1075369,625991,1701360
4633,10/02/2010,A,620784,423372,1044156
4634,02/25/2006,A,580618,314037,894655
4635,07/26/2009,U,490518,334490,825008
4636,03/26/2017,U,340733,292995,633728
4637,09/27/2015,U,422542,406802,829344
4638,07/29/2022,W,430804,378849,809653
4639,07/31/2014,W,819409,785640,1605049
4640,03/24/2011,W,984660,671765,1656425
4641,02/15/2001,W,1028938,613323,1642261
4642,03/30/2002,A,616271,268843,885114
4643,03/07/2013,W,1039889,724517,1764406
4644,05/22/2005,U,436056,249081,685137
4645,04/21/2021,W,313705,173325,487030
4646,04/16/2002,W,899896,599906,1499802
4647,01/06/2019,U,318623,260556,579179
4648,08/28/2005,U,445633,273101,718734
4649,08/19/2009,W,917526,624721,1542247
4650,06/14/2008,A,785252,368109,1153361
4651,06/23/2020,W,299680,131100,430780
4652,11/07/2023,W,588549,424318,1012867
4653,08/31/2018,W,773345,726643,1499988
4654,03/31/2018,A,428294,349132,777426
4655,11/03/2018,A,513626,428523,942149
4656,12/23/2020,W,283137,138325,421462
4657,03/11/2006,A,614019,386305,1000324
4658,09/04/2020,W,339339,176834,516173
4659,05/02/2007,W,1067338,617675,1685013
4660,07/29/2003,W,903830,615414,1519244
4661,02/09/2021,W,260772,137064,397836
4662,12/05/2006,W,992857,620241,1613098
4663,03/06/2018,W,818087,723274,1541361
4664,02/20/2024,W,591252,389327,980579
4665,07/13/2021,W,375230,250575,625805
4666,04/30/2020,W,224948,79783,304731
4667,02/21/2009,A,578539,329252,907791
4668,04/04/2013,W,1015284,759059,1774343
4669,02/04/2021,W,278515,147593,426108
4670,05/06/2019,W,803622,724230,1527852
4671,10/30/2001,W,994503,629005,1623508
4672,10/02/2024,W,663546,452173,1115719
4673,02/21/2007,W,1036604,631249,1667853
4674,10/07/2022,W,497726,385824,883550
4675,06/06/2024,W,606273,440625,1046898
4676,06/09/2003,W,987516,590887,1578403
4677,09/27/2001,W,1024125,642860,1666985
4678,10/12/2010,W,1068010,736048,1804058
4679,10/07/2001,U,404926,287483,692409
4680,10/25/2016,W,876768,801123,1677891
4681,09/12/2002,W,1059762,645114,1704876
4682,05/01/2020,W,272700,89139,361839
4683,01/18/2009,U,397317,224910,622227
4684,08/02/2016,W,795778,779493,1575271
4685,01/19/2020,U,256029,219005,475034
4686,02/13/2020,W,746798,689019,1435817
4687,05/14/2005,A,615871,324491,940362
4688,02/02/2001,W,966701,577767,1544468
4689,03/24/2024,U,279349,206108,485457
4690,01/11/2021,W,262355,129615,391970
4691,11/20/2020,W,297292,149612,446904
4692,12/07/2015,W,898172,758242,1656414
4693,09/04/2002,W,1087925,634665,1722590
4694,08/20/2005,A,659629,361304,1020933
4695,11/08/2023,W,578329,422082,1000411
4696,07/17/2021,A,296714,245066,541780
4697,12/14/2006,W,1007667,626704,1634371
4698,01/20/2021,W,257638,131313,388951
4699,08/02/2005,W,939108,600448,1539556
4700,05/05/2017,W,840819,771492,1612311
4701,05/10/2024,W,591810,378284,970094
4702,09/24/2007,W,1065887,649262,1715149
4703,02/03/2006,W,1020411,627330,1647741
4704,01/13/2021,W,282529,140007,422536
4705,07/06/2009,W,966889,643223,1610112
4706,01/08/2021,W,272827,137181,410008
4707,12/14/2001,W,982986,600798,1583784
4708,08/30/2017,W,801205,779477,1580682
4709,01/19/2005,W,947581,583108,1530689
4710,10/21/2019,W,739027,727743,1466770
4711,02/06/2005,U,413456,196102,609558
4712,04/17/2017,W,809433,738426,1547859
4713,02/24/2006,W,987623,615401,1603024
4714,10/27/2008,W,1085873,677343,1763216
4715,11/02/2020,W,301558,154284,455842
4716,08/27/2002,W,923644,596884,1520528
4717,02/23/2020,U,357784,260505,618289
4718,11/01/2013,W,937537,783970,1721507
4719,03/21/2012,W,1050000,723631,1773631
4720,11/18/2017,A,426814,429256,856070
4721,04/23/2010,W,996166,671480,1667646
4722,03/01/2012,W,1075076,739664,1814740
4723,01/13/2003,W,973653,585781,1559434
4724,11/11/2013,W,727925,671720,1399645
4725,04/03/2016,U,396042,345432,741474
4726,07/13/2015,W,784509,727235,1511744
4727,10/07/2024,W,623133,406230,1029363
4728,06/25/2024,W,537591,390929,928520
4729,06/05/2016,U,415836,395977,811813
4730,11/27/2012,W,1016872,734908,1751780
4731,11/29/2012,W,1028698,752188,1780886
4732,12/09/2003,W,959147,594395,1553542
4733,06/19/2023,W,384578,261569,646147
4734,04/30/2004,W,988876,579995,1568871
4735,12/31/2014,W,599316,642981,1242297
4736,11/07/2012,W,1053498,782333,1835831
4737,08/15/2011,W,936932,668224,1605156
4738,11/05/2001,W,1057697,629864,1687561
4739,12/11/2021,A,253954,221509,475463
4740,09/27/2017,W,882592,796822,1679414
4741,07/01/2004,W,953538,646062,1599600
4742,01/03/2008,W,783950,517492,1301442
4743,10/26/2006,W,994421,659139,1653560
4744,01/09/2013,W,989291,697979,1687270
4745,04/14/2017,W,692506,676016,1368522
4746,05/10/2020,U,134047,43773,177820
4747,10/29/2024,W,652674,444706,1097380
4748,01/13/2022,W,364235,218508,582743
4749,08/20/2002,W,918696,586734,1505430
4750,12/05/2001,W,1039940,622264,1662204
4751,01/27/2011,W,994412,685346,1679758
4752,02/21/2004,A,585429,288901,874330
4753,12/21/2024,A,346988,234439,581427
4754,08/23/2018,W,751380,748147,1499527
4755,05/10/2015,U,385323,315215,700538
4756,06/06/2014,W,906586,796373,1702959
4757,03/22/2002,W,961386,564876,1526262
4758,09/20/2007,W,1085299,682588,1767887
4759,08/14/2001,W,866757,598019,1464776
4760,04/15/2001,U,364972,163191,528163
4761,04/10/2004,A,568003,263036,831039
4762,05/30/2008,W,1079526,637842,1717368
4763,11/01/2007,W,1102515,662120,1764635
4764,02/19/2017,U,383581,328391,711972
4765,07/03/2014,W,856556,727253,1583809
4766,09/08/2024,U,320438,267262,587700
4767,01/29/2015,W,898174,760217,1658391
4768,01/28/2009,W,1044085,653089,1697174
4769,05/30/2022,U,235865,210421,446286
4770,06/29/2009,W,961592,649188,1610780
4771,07/18/2015,A,529845,515769,1045614
4772,01/22/2010,W,1061872,642443,1704315
4773,03/30/2008,U,442777,233663,676440
4774,01/19/2009,W,665251,409551,1074802
4775,01/20/2018,A,438286,449322,887608
4776,08/05/2023,A,338701,346075,684776
4777,07/08/2019,W,738529,696647,1435176
4778,08/04/2005,W,941632,597051,1538683
4779,09/25/2011,U,448547,333394,781941
4780,07/18/2013,W,904388,720245,1624633
4781,10/22/2021,W,446072,328904,774976
4782,05/29/2024,W,612055,423439,1035494
4783,02/24/2022,W,417551,290246,707797
4784,06/11/2020,W,282597,110709,393306
4785,11/20/2015,W,894949,812590,1707539
4786,02/26/2024,W,560355,347691,908046
4787,06/17/2006,A,616266,384541,1000807
4788,10/01/2009,W,1092443,714559,1807002
4789,10/07/2008,W,1133103,689214,1822317
4790,06/20/2021,U,194025,158875,352900
4791,01/26/2005,W,947433,581016,1528449
4792,05/06/2018,U,359516,315030,674546
4793,11/05/2011,A,686104,513654,1199758
4794,01/16/2013,W,1000782,726032,1726814
4795,11/04/2018,U,322036,291311,613347
4796,10/25/2014,A,586281,500235,1086516
4797,05/24/2009,U,511582,288558,800140
4798,09/11/2022,U,180862,175036,355898
4799,06/12/2021,A,265224,224185,489409
4800,01/16/2011,U,386280,260631,646911
4801,06/22/2014,U,452933,427533,880466
4802,08/21/2002,W,904673,572717,1477390
4803,07/22/2023,A,360932,312905,673837
4804,04/22/2010,W,976688,683400,1660088
4805,06/16/2008,W,999214,614395,1613609
4806,07/27/2020,W,295579,144168,439747
4807,06/05/2007,W,1067413,643474,1710887
4808,04/01/2020,W,235503,100042,335545
4809,03/20/2014,W,957032,786292,1743324
4810,06/13/2005,W,973038,628857,1601895
4811,10/04/2006,W,1026517,675804,1702321
4812,07/25/2017,W,765040,772350,1537390
4813,11/17/2018,A,437661,453688,891349
4814,02/06/2022,U,179811,125211,305022
4815,04/26/2007,W,954930,604957,1559887
4816,11/08/2002,W,995294,646927,1642221
4817,11/16/2017,W,831869,773696,1605565
4818,05/19/2013,U,485211,363850,849061
4819,10/09/2006,W,806458,572361,1378819
4820,03/21/2011,W,1009091,661503,1670594
4821,07/14/2001,A,629660,333365,963025
4822,02/07/2024,W,595233,389227,984460
4823,02/06/2013,W,1035100,739979,1775079
4824,04/17/2020,W,205280,77935,283215
4825,05/24/2023,W,535858,401039,936897
4826,07/05/2016,W,769179,735491,1504670
4827,04/09/2002,W,1013106,607047,1620153
4828,02/16/2014,U,401088,324457,725545
4829,09/19/2011,W,1056731,758422,1815153
4830,04/01/2004,W,1000741,592854,1593595
4831,11/26/2012,W,1006387,717499,1723886
4832,05/21/2014,W,925959,790957,1716916
4833,05/01/2012,W,1073425,743154,1816579
4834,02/23/2015,W,857014,700742,1557756
4835,04/08/2013,W,977325,737437,1714762
4836,06/08/2009,W,1003036,633669,1636705
4837,04/13/2006,W,871878,634065,1505943
4838,12/13/2008,A,625939,350799,976738
4839,04/27/2016,W,856722,782591,1639313
4840,10/09/2020,W,335842,183544,519386
4841,05/01/2005,U,406509,215144,621653
4842,05/15/2006,W,961857,601838,1563695
4843,10/04/2002,W,1024955,626723,1651678
4844,08/05/2017,A,503623,546783,1050406
4845,06/29/2005,W,871256,638601,1509857
4846,06/11/2021,W,375533,271425,646958
4847,12/01/2001,A,640965,307646,948611
4848,10/13/2022,W,533103,420167,953270
4849,05/31/2010,U,347857,243566,591423
4850,02/14/2023,W,510605,355572,866177
4851,10/06/2012,A,670397,522379,1192776
4852,12/02/2011,W,1095431,757734,1853165
4853,02/16/2019,A,438454,362613,801067
4854,12/19/2008,W,894131,596207,1490338
4855,11/09/2021,W,465479,324645,790124
4856,07/01/2011,W,940403,723107,1663510
4857,11/14/2010,U,483592,306831,790423
4858,08/28/2023,W,567171,371199,938370
4859,01/15/2003,W,928578,583104,1511682
4860,07/10/2016,U,409685,397778,807463
4861,08/01/2021,U,223161,244404,467565
4862,11/24/2023,W,323157,227199,550356
4863,10/16/2011,U,457725,351070,808795
4864,04/07/2009,W,948719,636189,1584908
4865,01/29/2001,W,953532,587052,1540584
4866,09/21/2001,W,967583,626032,1593615
4867,02/13/2018,W,832686,743502,1576188
4868,06/09/2009,W,1017857,645412,1663269
4869,07/12/2017,W,694204,702581,1396785
4870,05/15/2001,W,1035512,633053,1668565
4871,05/26/2007,A,556682,307727,864409
4872,12/03/2013,W,1011416,772345,1783761
4873,04/22/2002,W,974101,583247,1557348
4874,06/01/2010,W,1024767,669261,1694028
4875,06/04/2016,A,504778,462308,967086
4876,04/07/2006,W,880902,634777,1515679
4877,08/08/2024,W,555177,415675,970852
4878,12/10/2008,W,1041145,640709,1681854
4879,06/02/2019,U,370049,319334,689383
4880,08/30/2002,W,987793,608056,1595849
4881,07/14/2021,W,396163,262113,658276
4882,01/25/2009,U,376302,215452,591754
4883,05/07/2004,W,960594,591026,1551620
4884,02/25/2015,W,905748,752497,1658245
4885,08/19/2011,W,981727,751679,1733406
4886,12/30/2021,W,295024,194851,489875
4887,04/21/2012,A,656064,471715,1127779
4888,08/05/2024,W,501014,373023,874037
4889,04/04/2006,W,1042810,660381,1703191
4890,03/03/2018,A,489631,400158,889789
4891,07/05/2014,A,513494,439422,952916
4892,05/12/2009,W,1070549,675570,1746119
4893,03/13/2011,U,429046,284406,713452
4894,05/23/2009,A,700549,367228,1067777
4895,03/04/2002,W,726815,493625,1220440
4896,08/23/2012,W,996707,730663,1727370
4897,08/24/2016,W,751955,721826,1473781
4898,09/08/2004,W,1050697,637961,1688658
4899,03/02/2024,A,389713,252550,642263
4900,08/21/2005,U,511141,292892,804033
4901,12/31/2024,W,386206,281447,667653
4902,04/15/2008,W,1127401,649135,1776536
4903,10/04/2005,W,1099740,677721,1777461
4904,04/11/2006,W,885029,628374,1513403
4905,08/12/2022,W,430652,320260,750912
4906,11/15/2019,W,794430,732607,1527037
4907,10/14/2014,W,914687,814971,1729658
4908,06/29/2011,W,966399,754551,1720950
4909,03/31/2001,A,626223,280950,907173
4910,01/02/2005,U,373512,183672,557184
4911,11/28/2005,W,964783,610273,1575056
4912,10/27/2011,W,1061301,771358,1832659
4913,01/14/2006,A,558211,309983,868194
4914,07/07/2009,W,977293,670829,1648122
4915,10/10/2017,W,874192,822023,1696215
4916,02/13/2004,W,958969,580969,1539938
4917,10/05/2002,A,672805,338207,1011012
4918,09/12/2023,W,603242,432403,1035645
4919,11/12/2022,A,283958,233513,517471
4920,07/23/2021,W,386289,298869,685158
4921,02/21/2024,W,600241,395915,996156
4922,01/31/2018,W,815252,729419,1544671
4923,01/23/2005,U,345136,188044,533180
4924,08/22/2021,U,231270,202393,433663
4925,05/10/2023,W,544618,397870,942488
4926,01/11/2018,W,774197,695496,1469693
4927,01/24/2010,U,416766,239968,656734
4928,05/15/2005,U,400447,218269,618716
4929,03/25/2002,W,895573,544841,1440414
4930,09/01/2022,W,526641,371181,897822
4931,05/01/2013,W,1077184,762553,1839737
4932,08/05/2009,W,965266,653026,1618292
4933,01/13/2020,W,775861,699927,1475788
4934,03/07/2005,W,814934,533210,1348144
4935,09/10/2017,U,383625,375160,758785
4936,05/27/2004,W,960973,583639,1544612
4937,03/05/2013,W,915814,662182,1577996
4938,03/05/2022,A,291281,221714,512995
4939,07/17/2020,W,315882,161335,477217
4940,12/18/2016,U,270767,253184,523951
4941,10/24/2001,W,867027,625218,1492245
4942,06/27/2023,W,496729,395754,892483
4943,10/03/2001,W,1018388,657170,1675558
4944,03/17/2020,W,390091,217294,607385
4945,11/02/2023,W,579094,419780,998874
4946,08/02/2018,W,743458,861954,1605412
4947,11/08/2003,A,566334,320811,887145
4948,05/14/2020,W,211894,76152,288046
4949,06/24/2017,A,504647,482168,986815
4950,09/24/2020,W,321314,169953,491267
4951,05/30/2004,U,327264,185353,512617
4952,07/28/2003,W,849172,562933,1412105
4953,02/25/2007,U,331808,195652,527460
4954,04/10/2024,W,604655,405524,1010179
4955,01/24/2023,W,505791,355136,860927
4956,10/13/2019,U,319885,522816,842701
4957,05/31/2013,W,1044620,719350,1763970
4958,12/13/2017,W,800995,715178,1516173
4959,04/20/2013,A,615433,448035,1063468
4960,06/22/2009,W,957022,623252,1580274
4961,03/18/2024,W,535201,346463,881664
4962,03/29/2006,W,987756,636692,1624448
4963,10/10/2001,W,898767,637568,1536335
4964,12/28/2005,W,711850,462580,1174430
4965,06/06/2002,W,1044279,611344,1655623
4966,10/19/2011,W,987878,738984,1726862
4967,10/02/2003,W,1016259,641608,1657867
4968,10/18/2001,W,1017434,646140,1663574
4969,02/28/2008,W,1028392,620602,1648994
4970,05/04/2014,U,429710,356412,786122
4971,04/25/2010,U,387151,264966,652117
4972,08/25/2022,W,491181,367289,858470
4973,05/13/2011,W,1005681,728981,1734662
4974,10/26/2021,W,476997,320974,797971
4975,07/31/2020,W,338021,164604,502625
4976,01/06/2001,A,577401,255356,832757
4977,05/23/2020,A,198708,59164,257872
4978,10/29/2005,A,646559,378146,1024705
4979,11/05/2024,W,519574,379110,898684
4980,02/15/2007,W,933588,604415,1538003
4981,01/09/2015,W,715334,639901,1355235
4982,03/22/2009,U,471865,260374,732239
4983,05/18/2009,W,1045190,623839,1669029
4984,11/25/2012,U,417727,304336,722063
4985,04/19/2005,W,1011163,622316,1633479
4986,10/01/2001,W,1069361,639795,1709156
4987,09/05/2021,U,238982,232104,471086
4988,05/18/2006,W,987234,653070,1640304
4989,11/20/2002,W,1033748,630680,1664428
4990,08/05/2012,U,520813,454682,975495
4991,03/06/2008,W,1055418,624362,1679780
4992,04/17/2007,W,1058244,631795,1690039
4993,02/09/2003,U,367964,180861,548825
4994,01/26/2001,W,965324,597039,1562363
4995,09/29/2013,U,439655,360040,799695
4996,06/16/2020,W,301881,114566,416447
4997,12/24/2005,A,481238,198644,679882
4998,06/23/2006,W,905242,639365,1544607
4999,05/05/2021,W,346837,193605,540442
5000,08/07/2009,W,900717,695143,1595860
5001,03/18/2001,U,412146,194257,606403
5002,05/20/2020,W,253916,85596,339512
5003,04/18/2023,W,523866,378471,902337
5004,08/02/2023,W,519583,423358,942941
5005,01/01/2011,U,342872,239754,582626
5006,01/11/2005,W,954938,590368,1545306
5007,04/20/2007,W,1049980,647296,1697276
5008,08/28/2021,A,290939,232278,523217
5009,12/03/2021,W,460247,320326,780573
5010,12/21/2002,A,614025,284719,898744
5011,11/13/2009,W,1092994,693142,1786136
5012,03/15/2008,A,645518,407380,1052898
5013,02/12/2016,W,820833,706242,1527075
5014,10/07/2012,U,449748,512959,962707
5015,06/09/2011,W,925826,677601,1603427
5016,08/26/2021,W,417416,287640,705056
5017,02/12/2017,U,358101,296805,654906
5018,11/12/2024,W,640199,437888,1078087
5019,10/09/2024,W,661361,467517,1128878
5020,03/05/2023,U,246208,156086,402294
5021,01/24/2003,W,893501,546353,1439854
5022,07/20/2020,W,307261,149404,456665
5023,03/18/2013,W,971804,715696,1687500
5024,03/08/2009,U,367983,212484,580467
5025,03/31/2009,W,1007561,628945,1636506
5026,04/13/2007,W,946466,621763,1568229
5027,04/09/2005,A,645280,347387,992667
5028,01/08/2012,U,411272,275439,686711
5029,11/24/2021,W,359261,257882,617143
5030,06/30/2017,W,763402,760380,1523782
5031,09/20/2001,W,973094,646112,1619206
5032,04/05/2006,W,1020222,654034,1674256
5033,10/16/2018,W,856815,802082,1658897
5034,06/14/2016,W,834141,778823,1612964
5035,12/05/2019,W,833516,761399,1594915
5036,10/18/2004,W,996730,609460,1606190
5037,01/21/2014,W,855515,734096,1589611
5038,04/27/2009,W,972593,633164,1605757
5039,12/07/2023,W,580504,404303,984807
5040,03/25/2022,W,431829,290569,722398
5041,12/09/2002,W,994622,575116,1569738
5042,04/13/2017,W,723724,745720,1469444
5043,11/02/2014,U,416049,383910,799959
5044,01/01/2021,U,114115,62077,176192
5045,11/06/2017,W,866671,772803,1639474
5046,03/20/2003,W,936654,594341,1530995
5047,06/14/2017,W,786388,742346,1528734
5048,11/28/2003,W,557794,344266,902060
5049,11/22/2003,A,608476,361622,970098
5050,11/07/2010,U,453831,305880,759711
5051,09/18/2016,U,401077,402811,803888
5052,05/05/2023,W,518792,367635,886427
5053,06/08/2003,U,380953,229228,610181
5054,06/08/2019,A,517706,469189,986895
5055,02/21/2002,W,977261,603816,1581077
5056,01/26/2019,A,343625,296063,639688
5057,03/02/2020,W,785700,666046,1451746
5058,04/16/2019,W,725056,709023,1434079
5059,01/22/2019,W,757962,712125,1470087
5060,03/27/2023,W,493436,320115,813551
5061,10/01/2002,W,1098830,653561,1752391
5062,03/19/2018,W,807848,709194,1517042
5063,11/27/2008,U,350071,189458,539529
5064,05/12/2001,A,649008,289167,938175
5065,04/13/2023,W,541076,386440,927516
5066,08/30/2014,A,581944,520855,1102799
5067,07/27/2022,W,446320,340006,786326
5068,01/05/2001,W,890426,557917,1448343
5069,06/01/2015,W,942997,757975,1700972
5070,03/18/2009,W,1051328,653127,1704455
5071,03/12/2009,W,1039462,646252,1685714
5072,03/15/2018,W,829652,754110,1583762
5073,06/19/2017,W,755955,739609,1495564
5074,09/22/2020,W,324554,166852,491406
5075,07/22/2020,W,306629,152652,459281
5076,10/11/2023,W,598019,442594,1040613
5077,01/01/2007,U,326042,219953,545995
5078,05/01/2024,W,644438,416920,1061358
5079,01/16/2018,W,779194,710906,1490100
5080,05/09/2023,W,548033,396388,944421
5081,03/04/2019,W,699086,635353,1334439
5082,08/29/2010,U,471725,334378,806103
5083,05/31/2007,W,997007,612977,1609984
5084,08/08/2002,W,945096,589840,1534936
5085,10/16/2021,A,301890,266017,567907
5086,07/05/2003,A,549605,363309,912914
5087,09/14/2018,W,841332,833730,1675062
5088,12/26/2005,U,437677,224784,662461
5089,12/24/2017,U,275937,205801,481738
5090,10/23/2022,U,239284,189552,428836
5091,06/06/2005,W,1012097,619504,1631601
5092,06/19/2008,W,1037717,659852,1697569
5093,03/30/2014,U,432880,379220,812100
5094,07/01/2018,U,353385,329670,683055
5095,11/25/2001,U,373755,186416,560171
5096,03/11/2024,W,567851,351801,919652
5097,01/30/2010,A,636005,358140,994145
5098,10/24/2019,W,790853,766559,1557412
5099,09/24/2023,U,290336,234578,524914
5100,08/11/2018,A,498035,485775,983810
5101,04/15/2004,W,864352,601171,1465523
5102,10/17/2024,W,650082,466090,1116172
5103,11/28/2023,W,522935,368618,891553
5104,01/27/2013,U,360109,261812,621921
5105,06/16/2017,W,785270,739069,1524339
5106,01/04/2007,W,814984,548904,1363888
5107,07/16/2008,W,1063054,651228,1714282
5108,08/23/2013,W,932928,715975,1648903
5109,09/07/2005,W,1090847,664041,1754888
5110,11/09/2020,W,308098,157126,465224
5111,11/24/2017,W,503847,415069,918916
5112,08/23/2011,W,914499,688649,1603148
5113,11/02/2019,A,467877,381954,849831
5114,09/23/2009,W,1102842,718424,1821266
5115,04/30/2001,W,1008390,600424,1608814
5116,12/13/2009,U,457587,265706,723293
5117,09/12/2007,W,1090043,680733,1770776
5118,12/31/2013,W,595963,565346,1161309
5119,08/19/2007,U,384648,241159,625807
5120,12/07/2017,W,794129,741934,1536063
5121,02/13/2010,A,641619,385945,1027564
5122,11/23/2002,A,631388,353053,984441
5123,03/15/2023,W,535449,367880,903329
5124,04/06/2009,W,878367,593691,1472058
5125,05/14/2011,A,574990,412250,987240
5126,05/04/2024,A,418067,299808,717875
5127,11/05/2003,W,1015157,639104,1654261
5128,08/20/2007,W,869663,597026,1466689
5129,06/07/2007,W,1041490,656169,1697659
5130,08/06/2013,W,914261,698763,1613024
5131,03/24/2006,W,978424,597943,1576367
5132,08/25/2014,W,787836,712661,1500497
5133,12/26/2004,U,327069,152351,479420
5134,11/06/2014,W,941564,821892,1763456
5135,04/03/2012,W,972756,720709,1693465
5136,12/29/2010,W,731000,513271,1244271
5137,06/23/2003,W,855955,568379,1424334
5138,03/01/2001,W,1051889,618440,1670329
5139,03/17/2012,A,755574,708351,1463925
5140,12/16/2008,W,906945,632719,1539664
5141,01/21/2007,U,364130,214796,578926
5142,02/17/2020,W,567523,502927,1070450
5143,03/02/2011,W,1038790,702291,1741081
5144,09/07/2001,W,1070339,659824,1730163
5145,04/13/2015,W,908654,767492,1676146
5146,01/16/2023,W,295880,196321,492201
5147,04/30/2005,A,635054,315323,950377
5148,01/04/2024,W,460277,317437,777714
5149,11/20/2011,U,456466,328721,785187
5150,07/10/2024,W,560627,409640,970267
5151,12/12/2017,W,783312,709949,1493261
5152,08/27/2011,A,691082,463528,1154610
5153,04/23/2003,W,923474,613127,1536601
5154,04/07/2014,W,913081,753038,1666119
5155,04/25/2004,U,373444,218019,591463
5156,02/05/2016,W,785587,731495,1517082
5157,02/09/2007,W,944364,582089,1526453
5158,06/09/2001,A,639444,358013,997457
5159,11/01/2020,U,149896,85934,235830
5160,12/09/2019,W,786431,690443,1476874
5161,09/28/2007,W,1080223,680820,1761043
5162,03/14/2003,W,1009566,615377,1624943
5163,10/26/2003,U,395925,231808,627733
5164,04/29/2023,A,331120,224434,555554
5165,05/04/2012,W,1054307,778105,1832412
5166,04/03/2024,W,572710,395413,968123
5167,08/14/2008,W,993155,638565,1631720
5168,10/30/2003,W,1006074,652674,1658748
5169,01/01/2003,U,325478,169985,495463
5170,04/06/2020,W,199323,89714,289037
5171,04/25/2019,W,820219,770006,1590225
5172,11/08/2001,W,1004574,636400,1640974
5173,03/11/2020,W,767610,660739,1428349
5174,07/13/2011,W,968000,712673,1680673
5175,08/11/2012,A,634529,525198,1159727
5176,06/05/2006,W,1005516,625171,1630687
5177,11/09/2022,W,524300,382075,906375
5178,09/22/2010,W,1038052,751724,1789776
5179,01/27/2001,A,590836,268078,858914
5180,08/05/2021,W,401248,283716,684964
5181,03/24/2020,W,220319,105312,325631
5182,01/04/2005,W,972798,559563,1532361
5183,04/27/2002,A,513069,272746,785815
5184,02/14/2002,W,1014122,609706,1623828
5185,02/22/2016,W,869531,745072,1614603
5186,12/22/2017,W,727262,586190,1313452
5187,02/06/2018,W,783522,708071,1491593
5188,06/05/2019,W,817943,764911,1582854
5189,04/06/2018,W,792532,721169,1513701
5190,07/09/2023,U,281445,205204,486649
5191,10/30/2011,U,433281,318565,751846
5192,01/20/2017,W,798511,731616,1530127
5193,02/15/2019,W,754152,687932,1442084
5194,08/29/2015,A,520511,468675,989186
5195,06/02/2022,W,492400,355544,847944
5196,06/20/2013,W,974707,724184,1698891
5197,12/31/2023,U,250204,187144,437348
5198,09/24/2021,W,463710,365392,829102
5199,02/19/2022,A,228190,179991,408181
5200,02/25/2020,W,781725,693749,1475474
5201,03/12/2024,W,599389,411314,1010703
5202,02/09/2001,W,970826,593354,1564180
5203,10/17/2014,W,949303,844701,1794004
5204,10/22/2003,W,1003925,640420,1644345
5205,11/27/2023,W,505729,325992,831721
5206,09/26/2014,W,957961,814285,1772246
5207,02/19/2020,W,804097,707598,1511695
5208,01/02/2021,A,186877,91034,277911
5209,10/30/2022,U,217204,177961,395165
5210,05/22/2016,U,393684,357897,751581
5211,07/31/2011,U,491214,372586,863800
5212,05/21/2018,W,709633,669968,1379601
5213,08/24/2020,W,295919,152126,448045
5214,09/22/2014,W,947353,819134,1766487
5215,12/01/2006,W,912314,629776,1542090
5216,04/07/2004,W,975244,592042,1567286
5217,08/20/2021,W,399149,298535,697684
5218,12/07/2009,W,1034149,643604,1677753
5219,08/03/2008,U,549191,403165,952356
5220,02/01/2002,W,954707,585087,1539794
5221,09/02/2018,U,393446,368715,762161
5222,02/02/2013,A,554095,378484,932579
5223,07/13/2006,W,922492,644488,1566980
5224,11/01/2005,W,1104565,668971,1773536
5225,06/17/2013,W,969085,692856,1661941
5226,03/06/2005,U,451472,218330,669802
5227,09/22/2015,W,947566,842632,1790198
5228,10/22/2012,W,1003315,769024,1772339
5229,08/07/2007,W,930259,609984,1540243
5230,12/10/2003,W,945145,597600,1542745
5231,01/05/2012,W,841665,652474,1494139
5232,09/04/2023,U,293106,220411,513517
5233,01/19/2022,W,373531,235997,609528
5234,08/15/2010,U,507105,359893,866998
5235,08/20/2006,U,481484,321400,802884
5236,09/06/2020,U,161152,98132,259284
5237,11/28/2018,W,804497,749760,1554257
5238,08/14/2019,W,708180,698339,1406519
5239,07/10/2015,W,858745,851630,1710375
5240,03/23/2008,U,401640,192284,593924
5241,04/29/2001,U,423377,200002,623379
5242,02/07/2022,W,405768,257867,663635
5243,06/01/2013,A,631022,445218,1076240
5244,02/19/2010,W,1030451,658459,1688910
5245,12/20/2013,W,885107,706214,1591321
5246,10/05/2009,W,1110701,690993,1801694
5247,04/26/2014,A,580601,499576,1080177
5248,03/21/2013,W,999714,729901,1729615
5249,07/06/2005,W,926125,590642,1516767
5250,01/02/2018,W,507648,514174,1021822
5251,01/09/2009,W,985250,625043,1610293
5252,04/22/2005,W,926157,588764,1514921
5253,06/15/2021,W,372531,238872,611403
5254,05/23/2021,U,184730,129720,314450
5255,03/21/2019,W,795501,719946,1515447
5256,09/07/2024,A,409867,335343,745210
5257,11/25/2019,W,810928,721624,1532552
5258,07/08/2014,W,836929,725372,1562301
5259,03/02/2007,W,961731,596551,1558282
5260,08/13/2011,A,627401,457851,1085252
5261,07/07/2004,W,885461,568101,1453562
5262,07/06/2022,W,438241,315347,753588
5263,03/01/2017,W,863043,742729,1605772
5264,01/19/2015,W,597347,502376,1099723
5265,08/08/2021,U,223653,187344,410997
5266,07/06/2006,W,925381,678340,1603721
5267,09/14/2001,W,1034666,613645,1648311
5268,04/09/2008,W,1092341,646940,1739281
5269,04/27/2008,U,481571,225896,707467
5270,10/13/2005,W,1068998,665605,1734603
5271,06/04/2013,W,1044555,716102,1760657
5272,10/15/2007,W,1087003,651751,1738754
5273,11/21/2005,W,1023750,627654,1651404
5274,08/15/2022,W,422612,312773,735385
5275,06/29/2022,W,448310,350300,798610
5276,06/07/2024,W,538174,384835,923009
5277,10/15/2019,W,844826,788101,1632927
5278,08/28/2006,W,792601,587722,1380323
5279,06/29/2024,A,426204,296659,722863
5280,07/09/2004,W,869159,560395,1429554
5281,01/10/2014,W,872079,725812,1597891
5282,12/05/2012,W,1054367,754701,1809068
5283,05/30/2014,W,934382,782522,1716904
5284,04/25/2011,W,970581,685301,1655882
5285,08/01/2007,W,974958,643448,1618406
5286,01/30/2014,W,902855,751471,1654326
5287,11/01/2012,W,1092827,795031,1887858
5288,05/29/2011,U,392008,306407,698415
5289,04/25/2002,W,1000933,626040,1626973
5290,06/26/2006,W,852939,626802,1479741
5291,02/05/2012,U,462359,289438,751797
5292,08/10/2002,A,667701,340015,1007716
5293,08/30/2010,W,960273,673150,1633423
5294,01/28/2018,U,320779,268995,589774
5295,11/24/2010,W,898974,621938,1520912
5296,07/09/2013,W,928137,708853,1636990
5297,11/01/2024,W,618998,381782,1000780
5298,06/30/2003,W,884729,611874,1496603
5299,04/08/2021,W,302569,171140,473709
5300,09/09/2018,U,361946,329445,691391
5301,08/21/2019,W,732929,724089,1457018
5302,09/17/2001,W,919985,609381,1529366
5303,06/28/2011,W,974240,768178,1742418
5304,10/02/2007,W,1129578,669817,1799395
5305,11/28/2013,U,316200,238112,554312
5306,01/15/2012,U,402980,276691,679671
5307,06/11/2007,W,1000007,645161,1645168
5308,08/08/2022,W,381427,286194,667621
5309,01/19/2018,W,784287,701290,1485577
5310,08/11/2007,A,710009,379200,1089209
5311,03/21/2018,W,815911,715243,1531154
5312,10/28/2001,U,405374,208481,613855
5313,05/26/2022,W,467853,332069,799922
5314,12/25/2014,U,238015,159831,397846
5315,10/25/2018,W,846179,802796,1648975
5316,01/06/2007,A,580851,305019,885870
5317,12/13/2024,W,521773,360766,882539
5318,12/01/2010,W,999878,678039,1677917
5319,06/14/2009,U,519510,372743,892253
5320,10/14/2023,A,338320,266624,604944
5321,04/15/2024,W,588349,369259,957608
5322,01/07/2017,A,362508,319746,682254
5323,12/16/2005,W,952574,605734,1558308
5324,04/24/2020,W,225498,78966,304464
5325,02/13/2012,W,882797,653118,1535915
5326,11/09/2008,U,475132,267029,742161
5327,02/03/2010,W,1114266,661280,1775546
5328,08/22/2022,W,484550,322408,806958
5329,11/16/2015,W,908305,797597,1705902
5330,02/21/2005,W,723673,445742,1169415
5331,01/16/2020,W,774375,715978,1490353
5332,10/18/2012,W,1059957,806783,1866740
5333,04/12/2011,W,1036334,717458,1753792
5334,07/11/2017,W,771348,735051,1506399
5335,06/17/2019,W,739714,684609,1424323
5336,12/12/2003,W,912540,575833,1488373
5337,06/30/2002,U,441101,309418,750519
5338,07/04/2015,A,508110,545727,1053837
5339,09/02/2010,W,964759,679832,1644591
5340,01/05/2016,W,846789,727716,1574505
5341,09/25/2006,W,1041474,666046,1707520
5342,03/03/2014,W,900837,709629,1610466
5343,09/18/2008,W,1169932,739141,1909073
5344,10/21/2003,W,958546,644683,1603229
5345,03/11/2015,W,955083,778171,1733254
5346,06/23/2008,W,1019631,625987,1645618
5347,10/25/2004,W,1026913,612489,1639402
5348,05/28/2009,W,1038163,663980,1702143
5349,11/04/2007,U,491005,224395,715400
5350,03/06/2020,W,767084,655010,1422094
5351,04/24/2012,W,1003275,750511,1753786
5352,03/15/2006,W,1005800,632700,1638500
5353,12/09/2021,W,441609,310636,752245
5354,12/05/2023,W,556584,384481,941065
5355,12/12/2023,W,556451,378617,935068
5356,04/13/2016,W,850705,796616,1647321
5357,04/27/2011,W,960037,712176,1672213
5358,09/30/2003,W,1000725,637394,1638119
5359,03/13/2006,W,968366,609970,1578336
5360,12/11/2015,W,912854,801907,1714761
5361,06/29/2001,W,996694,666587,1663281
5362,12/17/2009,W,995849,624996,1620845
5363,07/11/2021,U,189913,165360,355273
5364,01/13/2010,W,1031317,632953,1664270
5365,04/26/2005,W,1002029,620181,1622210
5366,03/29/2004,W,949103,573929,1523032
5367,01/10/2001,W,984884,602052,1586936
5368,12/15/2015,W,884506,755882,1640388
5369,02/22/2001,W,986399,606302,1592701
5370,03/07/2019,W,790299,711428,1501727
5371,06/11/2011,A,639456,452885,1092341
5372,12/23/2017,A,438917,324065,762982
5373,09/30/2009,W,1092412,723123,1815535
5374,12/24/2006,U,391926,175847,567773
5375,05/10/2001,W,1018705,614067,1632772
5376,04/01/2001,U,417716,192717,610433
5377,08/05/2014,W,824134,737875,1562009
5378,07/19/2009,U,493670,311785,805455
5379,07/23/2015,W,844483,783822,1628305
5380,02/07/2011,W,996782,693321,1690103
5381,07/08/2003,W,846175,579733,1425908
5382,10/26/2004,W,1022142,621378,1643520
5383,04/16/2001,W,859713,564614,1424327
5384,05/27/2020,W,258713,86518,345231
5385,07/22/2009,W,973865,654420,1628285
5386,05/13/2003,W,981698,602563,1584261
5387,03/04/2020,W,815420,699192,1514612
5388,10/26/2018,W,842904,777822,1620726
5389,06/01/2002,A,667264,371223,1038487
5390,10/04/2016,W,919088,799529,1718617
5391,10/01/2004,W,1093423,654384,1747807
5392,07/26/2020,U,163332,90069,253401
5393,08/21/2013,W,894827,704103,1598930
5394,08/02/2001,W,790639,549367,1340006
5395,05/12/2018,A,440554,392468,833022
5396,08/26/2010,W,978212,694660,1672872
5397,12/15/2021,W,441500,299691,741191
5398,04/27/2020,W,230903,77830,308733
5399,11/04/2019,W,848867,749735,1598602
5400,01/26/2021,W,233767,127803,361570
5401,11/13/2007,W,1095253,660671,1755924
5402,07/26/2019,W,728460,713766,1442226
5403,10/26/2008,U,492388,269253,761641
5404,05/01/2008,W,1129443,680679,1810122
5405,01/25/2010,W,1039778,645886,1685664
5406,03/31/2004,W,943445,579344,1522789
5407,02/13/2015,W,911949,740559,1652508
5408,03/28/2006,W,981183,619650,1600833
5409,07/30/2019,W,744356,721545,1465901
5410,10/12/2017,W,870996,810442,1681438
5411,09/26/2008,W,1090515,708141,1798656
5412,02/01/2017,W,883845,750500,1634345
5413,10/18/2010,W,1038903,717627,1756530
5414,05/04/2001,W,1046692,621087,1667779
5415,02/25/2001,U,351637,172132,523769
5416,07/14/2006,W,889540,669868,1559408
5417,11/14/2006,W,1047208,669094,1716302
5418,10/19/2003,U,422713,241241,663954
5419,01/06/2002,U,370508,177606,548114
5420,08/03/2019,A,497883,512548,1010431
5421,09/24/2013,W,1041341,805859,1847200
5422,07/19/2010,W,927114,681084,1608198
5423,07/29/2010,W,933636,684987,1618623
5424,03/15/2017,W,822423,748703,1571126
5425,02/20/2017,W,623736,557822,1181558
5426,07/26/2015,U,419005,402975,821980
5427,05/06/2004,W,994277,614497,1608774
5428,03/12/2023,U,215765,159274,375039
5429,06/23/2021,W,362682,239858,602540
5430,06/28/2022,W,445097,348827,793924
5431,10/25/2005,W,1034930,653259,1688189
5432,06/24/2022,W,429666,353308,782974
5433,12/02/2016,W,882063,780569,1662632
5434,05/02/2010,U,458651,314736,773387
5435,08/10/2016,W,777389,765854,1543243
5436,10/07/2013,W,1033503,748714,1782217
5437,02/02/2008,A,627807,320544,948351
5438,04/12/2015,U,410420,332334,742754
5439,12/07/2004,W,948268,587165,1535433
5440,01/26/2002,A,611356,283489,894845
5441,12/20/2016,W,758686,668762,1427448
5442,08/02/2002,W,1004199,612785,1616984
5443,01/12/2017,W,777149,714212,1491361
5444,01/18/2010,W,672311,416744,1089055
5445,07/11/2019,W,761712,767177,1528889
5446,02/02/2021,W,288369,146050,434419
5447,11/16/2006,W,998140,658701,1656841
5448,10/15/2013,W,1005851,764848,1770699
5449,01/09/2010,A,550886,310265,861151
5450,10/24/2022,W,499098,342781,841879
5451,01/22/2022,A,213615,153452,367067
5452,11/12/2007,W,843086,551847,1394933
5453,04/27/2012,W,1026691,745495,1772186
5454,04/02/2014,W,952475,784201,1736676
5455,12/12/2018,W,809305,727070,1536375
5456,10/11/2018,W,860410,817569,1677979
5457,08/07/2014,W,827473,745930,1573403
5458,02/08/2003,A,563430,270521,833951
5459,08/13/2018,W,705028,681926,1386954
5460,07/28/2001,A,607195,357848,965043
5461,05/19/2005,W,951340,593341,1544681
5462,01/18/2007,W,982237,620579,1602816
5463,03/03/2015,W,904439,735951,1640390
5464,06/01/2023,W,544178,393187,937365
5465,07/28/2023,W,446842,334517,781359
5466,09/22/2022,W,530009,398846,928855
5467,05/02/2018,W,834718,752143,1586861
5468,08/27/2005,A,632625,364516,997141
5469,11/01/2014,A,556675,491328,1048003
5470,09/19/2018,W,844257,786851,1631108
5471,03/06/2009,W,1106466,653708,1760174
5472,09/20/2015,U,433770,428858,862628
5473,08/29/2016,W,781400,750329,1531729
5474,04/27/2003,U,403462,210716,614178
5475,09/03/2001,U,448248,213584,661832
5476,04/05/2016,W,898889,774877,1673766
5477,03/15/2011,W,1025714,699145,1724859
5478,06/26/2002,W,879533,601333,1480866
5479,11/29/2021,W,421322,276090,697412
5480,03/04/2006,A,609288,322365,931653
5481,08/20/2013,W,894283,699558,1593841
5482,09/22/2012,A,669729,507218,1176947
5483,04/22/2014,W,938052,794547,1732599
5484,11/23/2001,W,641780,356646,998426
5485,02/14/2003,W,985806,594045,1579851
5486,10/25/2022,W,478171,370030,848201
5487,06/18/2008,W,1043814,654284,1698098
5488,08/19/2001,U,439920,235842,675762
5489,03/28/2020,A,144561,68572,213133
5490,03/06/2002,W,1008215,593126,1601341
5491,03/25/2012,U,470355,355696,826051
5492,02/04/2018,U,279353,232906,512259
5493,06/15/2016,W,845450,786422,1631872
5494,08/28/2024,W,637588,442189,1079777
5495,05/16/2019,W,768250,714282,1482532
5496,01/31/2020,W,735622,665472,1401094
5497,11/09/2017,W,860819,800535,1661354
5498,11/16/2010,W,1041704,720439,1762143
5499,02/21/2021,U,146116,81211,227327
5500,03/05/2010,W,1036156,664445,1700601
5501,03/05/2016,A,503983,421193,925176
5502,11/14/2016,W,862939,775439,1638378
5503,01/20/2008,U,291354,168692,460046
5504,08/30/2005,W,931235,625509,1556744
5505,07/04/2003,U,471591,347887,819478
5506,11/27/2001,W,985583,613858,1599441
5507,01/11/2008,W,1022368,602428,1624796
5508,03/25/2007,U,442112,267216,709328
5509,10/06/2006,W,1055911,691122,1747033
5510,11/14/2015,A,545554,475091,1020645
5511,07/01/2016,W,798706,726939,1525645
5512,05/02/2004,U,417360,203143,620503
5513,03/23/2001,W,1030685,605605,1636290
5514,01/08/2006,U,367927,199691,567618
5515,08/08/2015,A,577878,534305,1112183
5516,12/28/2010,W,717933,490978,1208911
5517,05/21/2021,W,353721,226276,579997
5518,11/22/2014,A,534874,525065,1059939
5519,11/07/2015,A,573470,496404,1069874
5520,06/15/2004,W,973303,591145,1564448
5521,12/23/2023,A,341975,206358,548333
5522,06/09/2022,W,488146,359630,847776
5523,07/29/2014,W,810857,746646,1557503
5524,03/08/2023,W,521850,359517,881367
5525,03/04/2009,W,1098350,648398,1746748
5526,10/03/2002,W,1100107,655905,1756012
5527,02/13/2006,W,799595,546148,1345743
5528,05/04/2021,W,330540,183621,514161
5529,08/08/2019,W,746213,735310,1481523
5530,12/05/2009,A,671524,385396,1056920
5531,08/03/2018,W,765341,831628,1596969
5532,12/10/2001,W,1005376,597416,1602792
5533,02/24/2008,U,439134,222548,661682
5534,10/05/2023,W,584937,447707,1032644
5535,07/26/2023,W,478350,371278,849628
5536,06/06/2019,W,819351,773638,1592989
5537,09/23/2006,A,584517,349931,934448
5538,12/31/2016,A,433952,361268,795220
5539,09/13/2011,W,1101495,775124,1876619
5540,06/19/2014,W,803296,742211,1545507
5541,01/11/2006,W,927898,602096,1529994
5542,02/12/2020,W,785838,697300,1483138
5543,01/18/2006,W,954238,621428,1575666
5544,06/11/2004,W,951407,584390,1535797
5545,01/03/2022,W,308893,184727,493620
5546,03/29/2007,W,1014456,626073,1640529
5547,12/14/2023,W,558905,384778,943683
5548,06/14/2014,A,581799,556285,1138084
5549,03/01/2019,W,812238,682969,1495207
5550,06/06/2012,W,1033815,753512,1787327
5551,06/28/2010,W,911187,698735,1609922
5552,02/23/2024,W,551392,336416,887808
5553,09/28/2019,A,476234,401745,877979
5554,11/21/2012,W,990069,705800,1695869
5555,03/10/2010,W,1030470,670440,1700910
5556,03/10/2023,W,466305,312533,778838
5557,08/28/2020,W,313712,163890,477602
5558,09/27/2012,W,1082616,810524,1893140
5559,12/30/2001,U,306871,160102,466973
5560,12/02/2007,U,423280,219797,643077
5561,03/26/2010,W,971169,632589,1603758
5562,11/29/2024,W,344005,224635,568640
5563,01/07/2013,W,951511,672001,1623512
5564,11/09/2010,W,1058688,721276,1779964
5565,04/30/2015,W,923564,817167,1740731
5566,03/26/2021,W,321386,175255,496641
5567,05/16/2012,W,1013654,734234,1747888
5568,03/07/2015,A,585771,427330,1013101
5569,03/02/2015,W,912384,715945,1628329
5570,04/24/2002,W,918721,602085,1520806
5571,01/28/2020,W,802484,715500,1517984
5572,08/26/2002,W,920546,572967,1493513
5573,01/30/2003,W,993731,601060,1594791
5574,12/21/2012,W,871165,634264,1505429
5575,03/08/2020,U,343291,269577,612868
5576,04/23/2001,W,979788,590446,1570234
5577,12/16/2009,W,968963,614739,1583702
5578,05/22/2020,W,255894,86436,342330
5579,01/24/2007,W,1006911,629208,1636119
5580,08/24/2024,A,404561,296195,700756
5581,09/27/2007,W,1093222,675936,1769158
5582,07/02/2005,A,686826,463297,1150123
5583,02/17/2023,W,447365,297527,744892
5584,06/22/2022,W,444712,335641,780353
5585,09/23/2013,W,1026469,780751,1807220
5586,10/20/2014,W,939282,801698,1740980
5587,02/04/2002,W,988315,576117,1564432
5588,01/29/2007,W,945286,594742,1540028
5589,06/24/2024,W,535003,366575,901578
5590,10/06/2023,W,559485,428321,987806
5591,03/04/2016,W,883059,754750,1637809
5592,06/07/2008,A,708308,358623,1066931
5593,09/13/2022,W,527850,390462,918312
5594,12/20/2019,W,731997,640236,1372233
5595,05/04/2003,U,395799,214366,610165
5596,11/21/2020,A,206379,100672,307051
5597,10/28/2005,W,1050188,734562,1784750
5598,12/12/2001,W,981259,609660,1590919
5599,09/29/2009,W,1070466,701863,1772329
5600,06/25/2008,W,1005969,662936,1668905
5601,11/30/2012,W,1075641,776494,1852135
5602,10/26/2022,W,539425,393904,933329
5603,06/26/2014,W,883107,779277,1662384
5604,06/05/2004,A,664804,350348,1015152
5605,04/29/2024,W,556233,349857,906090
5606,07/24/2021,A,280927,250014,530941
5607,08/17/2014,U,422345,382210,804555
5608,03/12/2021,W,323199,172476,495675
5609,03/20/2010,A,505581,325253,830834
5610,08/12/2019,W,672626,659442,1332068
5611,08/25/2008,W,1012339,631974,1644313
5612,07/31/2006,W,831261,608739,1440000
5613,01/23/2023,W,468304,307836,776140
5614,08/12/2011,W,955597,709694,1665291
5615,10/30/2002,W,1036745,639993,1676738
5616,10/09/2019,W,857532,766121,1623653
5617,08/08/2006,W,916905,646778,1563683
5618,04/24/2019,W,813407,759394,1572801
5619,03/04/2018,U,360783,288394,649177
5620,12/23/2015,W,654312,571814,1226126
5621,12/09/2004,W,1006857,607436,1614293
5622,08/14/2007,W,905711,605080,1510791
5623,11/17/2014,W,863661,758113,1621774
5624,02/28/2015,A,542479,405241,947720
5625,05/12/2007,A,660001,329029,989030
5626,09/30/2016,W,889641,787112,1676753
5627,07/13/2009,W,975656,638789,1614445
5628,02/08/2014,A,513518,416614,930132
5629,04/02/2022,A,264044,194383,458427
5630,12/29/2013,U,335610,292169,627779
5631,06/07/2020,U,143697,53232,196929
5632,04/20/2012,W,994547,737187,1731734
5633,04/10/2020,W,202934,85608,288542
5634,11/04/2024,W,553515,383217,936732
5635,11/22/2011,W,986650,714844,1701494
5636,07/18/2011,W,912074,708169,1620243
5637,11/18/2020,W,285245,143331,428576
5638,11/30/2010,W,970873,672281,1643154
5639,03/07/2018,W,829608,731992,1561600
5640,10/30/2023,W,551840,367453,919293
5641,04/03/2011,U,450017,305328,755345
5642,07/18/2009,A,711371,421356,1132727
5643,09/07/2007,W,1043967,668804,1712771
5644,04/25/2007,W,927830,604311,1532141
5645,03/14/2002,W,1010579,607626,1618205
5646,03/27/2004,A,585553,300842,886395
5647,03/05/2024,W,570139,383689,953828
5648,11/27/2016,U,343504,302029,645533
5649,08/28/2015,W,841111,770482,1611593
5650,06/28/2006,W,886828,649479,1536307
5651,10/23/2011,U,476507,341626,818133
5652,11/12/2021,W,381722,302454,684176
5653,12/25/2020,U,80783,40861,121644
5654,08/07/2024,W,572289,435129,1007418
5655,06/04/2020,W,236590,83605,320195
5656,06/09/2008,W,1032999,630410,1663409
5657,12/27/2005,W,735303,457726,1193029
5658,02/02/2014,U,377994,299870,677864
5659,12/02/2006,A,595637,338009,933646
5660,06/20/2017,W,801344,781004,1582348
5661,11/14/2008,W,1133869,683123,1816992
5662,10/05/2011,W,1083300,774142,1857442
5663,03/23/2004,W,966919,579228,1546147
5664,05/26/2017,W,779960,691687,1471647
5665,07/10/2007,W,939774,610001,1549775
5666,07/14/2022,W,459272,364927,824199
5667,04/16/2017,U,339738,293545,633283
5668,12/09/2012,U,418807,295147,713954
5669,05/08/2019,W,822516,755171,1577687
5670,01/03/2002,W,838088,523292,1361380
5671,02/27/2005,U,386996,200694,587690
5672,12/15/2010,W,922552,640490,1563042
5673,01/24/2001,W,991661,606835,1598496
5674,11/13/2008,W,1074912,684049,1758961
5675,03/14/2022,W,448558,294168,742726
5676,04/20/2009,W,1007645,629066,1636711
5677,12/28/2009,W,740043,469843,1209886
5678,09/19/2019,W,845624,816086,1661710
5679,02/28/2013,W,1011461,741077,1752538
5680,02/22/2005,W,1002989,600405,1603394
5681,03/03/2013,U,451612,290260,741872
5682,12/18/2001,W,1014592,608735,1623327
5683,12/30/2007,U,412003,232213,644216
5684,01/02/2017,U,371865,314798,686663
5685,04/18/2003,W,769997,482196,1252193
5686,04/25/2017,W,860569,761180,1621749
5687,04/27/2013,A,654086,460650,1114736
5688,06/05/2002,W,1005307,602096,1607403
5689,11/08/2013,W,974269,808267,1782536
5690,04/16/2004,W,861336,600132,1461468
5691,06/29/2002,A,636792,369705,1006497
5692,04/12/2005,W,938160,597721,1535881
5693,12/10/2020,W,297368,144459,441827
5694,01/27/2015,W,913448,764457,1677905
5695,05/05/2009,W,1091934,680732,1772666
5696,01/20/2011,W,975376,674347,1649723
5697,09/20/2024,W,622603,444850,1067453
5698,03/27/2024,W,515194,364672,879866
5699,05/16/2002,W,906240,579727,1485967
5700,06/13/2014,W,881991,810893,1692884
5701,01/01/2005,U,334140,196267,530407
5702,12/19/2014,W,857137,716221,1573358
5703,08/19/2014,W,787767,727891,1515658
5704,09/14/2007,W,1070397,669129,1739526
5705,04/04/2001,W,1047634,625348,1672982
5706,12/15/2022,W,479951,357938,837889
5707,08/13/2013,W,883243,712564,1595807
5708,03/08/2015,U,399324,309962,709286
5709,10/29/2010,W,1027443,725760,1753203
5710,03/13/2015,W,950690,801547,1752237
5711,07/01/2007,U,495101,354648,849749
5712,03/15/2021,W,265818,144990,410808
5713,10/20/2020,W,310091,163811,473902
5714,07/06/2015,W,816338,770918,1587256
5715,03/10/2019,U,310427,250702,561129
5716,08/31/2021,W,457408,294988,752396
5717,10/17/2010,U,470817,337407,808224
5718,02/01/2012,W,1111421,736252,1847673
5719,01/15/2024,W,206791,127069,333860
5720,07/01/2014,W,855553,753101,1608654
5721,12/18/2009,W,1005529,623684,1629213
5722,09/11/2006,W,981275,656692,1637967
5723,08/03/2022,W,430236,321771,752007
5724,11/04/2015,W,956176,842035,1798211
5725,05/15/2012,W,1023348,720962,1744310
5726,02/01/2023,W,488390,332706,821096
5727,07/18/2008,W,1050847,664271,1715118
5728,04/08/2015,W,822289,750275,1572564
5729,10/28/2010,W,1023047,735281,1758328
5730,12/31/2008,W,743027,480797,1223824
5731,12/29/2017,W,552051,466865,1018916
5732,01/09/2005,U,358628,177968,536596
5733,08/26/2013,W,1020173,696403,1716576
5734,05/22/2024,W,621123,450124,1071247
5735,02/03/2022,W,342011,232018,574029
5736,08/10/2021,W,372961,264354,637315
5737,10/15/2014,W,956165,826620,1782785
5738,02/27/2001,W,1000630,609305,1609935
5739,10/01/2022,A,331991,278557,610548
5740,04/11/2015,A,586791,469045,1055836
5741,02/14/2017,W,870130,752585,1622715
5742,05/03/2019,W,834369,750517,1584886
5743,09/15/2002,U,421429,221310,642739
5744,01/15/2001,W,675845,412149,1087994
5745,06/17/2017,A,486358,419764,906122
5746,12/10/2013,W,884567,726111,1610678
5747,02/11/2019,W,779386,704667,1484053
5748,04/04/2023,W,428000,325448,753448
5749,09/27/2003,A,591935,358390,950325
5750,01/18/2021,W,227108,113727,340835
5751,06/11/2015,W,898644,811432,1710076
5752,02/27/2022,U,197978,139377,337355
5753,06/02/2016,W,873112,815928,1689040
5754,04/10/2022,U,221977,184272,406249
5755,11/20/2009,W,1105710,692325,1798035
5756,08/13/2023,U,279218,225085,504303
5757,05/11/2007,W,1050841,668098,1718939
5758,12/23/2021,W,311895,192858,504753
5759,04/23/2017,U,373492,330832,704324
5760,09/21/2007,W,1077275,697999,1775274
5761,04/06/2003,U,370275,188467,558742
5762,01/10/2007,W,968643,599118,1567761
5763,06/26/2022,U,228786,301320,530106
5764,03/26/2022,A,242199,191025,433224
5765,03/10/2006,W,1015665,721158,1736823
5766,03/10/2016,W,888084,780687,1668771
5767,08/16/2009,U,473628,338169,811797
5768,08/13/2007,W,901029,574616,1475645
5769,10/08/2011,A,692368,523113,1215481
5770,05/05/2015,W,918652,769751,1688403
5771,05/27/2005,W,987014,616101,1603115
5772,03/13/2010,A,593823,443491,1037314
5773,03/16/2006,W,953483,630443,1583926
5774,11/27/2021,A,237839,187065,424904
5775,05/07/2009,W,1071031,675865,1746896
5776,12/30/2009,W,760344,500436,1260780
5777,09/21/2011,W,1090762,780222,1870984
5778,08/03/2023,W,521191,480968,1002159
5779,12/15/2013,U,357251,317666,674917
5780,10/12/2016,W,847394,785404,1632798
5781,08/07/2010,A,668567,551140,1219707
5782,04/06/2021,W,338664,181795,520459
5783,11/10/2009,W,1090758,686972,1777730
5784,10/01/2005,A,708008,373322,1081330
5785,08/31/2011,W,1011858,728047,1739905
5786,05/12/2020,W,244938,81217,326155
5787,09/18/2018,W,846003,796654,1642657
5788,04/14/2011,W,1016435,720731,1737166
5789,12/29/2001,A,473194,224772,697966
5790,05/25/2001,W,988982,597892,1586874
5791,10/22/2007,W,1056369,648233,1704602
5792,02/03/2005,W,1061904,607326,1669230
5793,04/29/2021,W,327089,184416,511505
5794,02/25/2009,W,1082105,650665,1732770
5795,07/02/2021,W,389185,254956,644141
5796,06/01/2019,A,473204,379044,852248
5797,07/19/2023,W,515105,402686,917791
5798,02/21/2011,W,706507,504444,1210951
5799,03/27/2015,W,888293,726738,1615031
5800,11/05/2007,W,1074116,645467,1719583
5801,07/28/2009,W,956278,667503,1623781
5802,04/30/2014,W,925494,772097,1697591
5803,08/26/2004,W,860869,586981,1447850
5804,09/10/2022,A,328476,293144,621620
5805,02/05/2011,A,615765,400440,1016205
5806,10/16/2001,W,1022047,634396,1656443
5807,11/09/2005,W,1034556,655614,1690170
5808,10/29/2002,W,1025525,636398,1661923
5809,02/26/2009,W,981515,624424,1605939
5810,02/13/2016,A,438203,392095,830298
5811,04/10/2002,W,1020986,618972,1639958
5812,08/26/2018,U,358918,344736,703654
5813,06/16/2001,A,675335,340782,1016117
5814,11/30/2019,A,386439,302733,689172
5815,02/06/2008,W,925504,609115,1534619
5816,01/19/2011,W,1006033,679355,1685388
5817,12/19/2003,W,926113,555922,1482035
5818,08/17/2023,W,484256,366327,850583
5819,09/15/2004,W,1024350,640279,1664629
5820,01/15/2019,W,783113,720095,1503208
5821,02/27/2010,A,603577,372769,976346
5822,08/11/2019,U,376464,321310,697774
5823,08/24/2009,W,966314,634030,1600344
5824,12/01/2024,U,251107,175212,426319
5825,09/13/2008,A,597639,317145,914784
5826,05/20/2016,W,834308,756160,1590468
5827,02/25/2008,W,1003187,602866,1606053
5828,04/04/2003,W,912458,572837,1485295
5829,11/14/2011,W,1047638,741813,1789451
5830,09/23/2016,W,880748,832417,1713165
5831,05/28/2015,W,925094,787104,1712198
5832,01/25/2005,W,995268,592253,1587521
5833,09/26/2022,W,497354,338256,835610
5834,11/26/2020,U,119470,56839,176309
5835,04/04/2009,A,696212,390735,1086947
5836,08/11/2016,W,767967,775031,1542998
5837,12/18/2022,U,205652,168395,374047
5838,05/04/2020,W,244960,79706,324666
5839,01/08/2017,U,290096,244060,534156
5840,12/28/2006,W,758151,487441,1245592
5841,01/13/2014,W,948883,762345,1711228
5842,02/21/2010,U,418101,256673,674774
5843,05/11/2008,U,409987,193452,603439
5844,09/06/2004,U,409232,232087,641319
5845,07/10/2014,W,854968,782968,1637936
5846,10/19/2013,A,599201,498671,1097872
5847,07/20/2002,A,635657,339113,974770
5848,05/24/2017,W,820511,762453,1582964
5849,08/04/2020,W,326128,157759,483887
5850,03/28/2003,W,815984,552242,1368226
5851,09/17/2019,W,856186,797063,1653249
5852,05/12/2013,U,414976,313848,728824
5853,06/12/2017,W,808630,753763,1562393
5854,12/09/2014,W,911402,758780,1670182
5855,01/19/2007,W,978490,617473,1595963
5856,07/10/2017,W,719494,695215,1414709
5857,03/15/2019,W,769660,716230,1485890
5858,01/16/2006,W,605772,399562,1005334
5859,05/29/2004,A,556778,288249,845027
5860,06/20/2019,W,754094,755009,1509103
5861,10/11/2017,W,850229,817909,1668138
5862,02/10/2005,W,1012514,596286,1608800
5863,07/12/2002,W,963191,618865,1582056
5864,08/12/2009,W,951988,666879,1618867
5865,03/07/2004,U,370231,186924,557155
5866,03/05/2011,A,581121,375814,956935
5867,08/01/2011,W,951492,707492,1658984
5868,03/12/2002,W,1021380,612457,1633837
5869,03/02/2010,W,1032445,666762,1699207
5870,05/13/2024,W,550608,349237,899845
5871,02/19/2018,W,569983,523621,1093604
5872,03/18/2020,W,320242,179316,499558
5873,05/25/2007,W,995233,611019,1606252
5874,08/05/2001,U,453344,225172,678516
5875,12/28/2011,W,747970,535232,1283202
5876,05/10/2011,W,1050936,734088,1785024
5877,06/23/2013,U,479321,394460,873781
5878,02/25/2022,W,411882,278287,690169
5879,06/19/2003,W,946693,596124,1542817
5880,02/18/2018,U,345438,299983,645421
5881,08/15/2018,W,710743,720004,1430747
5882,03/21/2016,W,845669,707127,1552796
5883,12/28/2004,W,698229,438802,1137031
5884,12/25/2012,U,242609,143166,385775
5885,11/19/2010,W,1038686,715507,1754193
5886,05/29/2015,W,892551,800510,1693061
5887,12/25/2018,U,188696,127994,316690
5888,06/25/2022,A,276951,259318,536269
5889,10/24/2009,A,672636,394925,1067561
5890,12/11/2024,W,580091,398016,978107
5891,12/29/2019,U,315428,251105,566533
5892,12/13/2011,W,1002723,691649,1694372
5893,01/03/2004,A,560436,250130,810566
5894,04/29/2011,W,1083692,738332,1822024
5895,04/10/2015,W,828661,757159,1585820
5896,12/26/2001,W,619967,380064,1000031
5897,06/08/2001,W,1012502,642049,1654551
5898,08/18/2023,W,490626,366654,857280
5899,11/13/2021,A,263401,221836,485237
5900,12/05/2020,A,206508,100869,307377
5901,09/23/2008,W,1163232,707370,1870602
5902,04/10/2006,W,880692,601070,1481762
5903,07/17/2002,W,931752,595378,1527130
5904,04/27/2005,W,932943,620361,1553304
5905,10/20/2019,U,377822,340156,717978
5906,03/25/2014,W,928067,719323,1647390
5907,12/10/2017,U,336156,295505,631661
5908,01/04/2023,W,398456,292474,690930
5909,07/14/2004,W,906552,581198,1487750
5910,06/27/2013,W,913619,723050,1636669
5911,05/11/2021,W,338523,189589,528112
5912,03/30/2018,W,672341,608535,1280876
5913,06/30/2005,W,878941,646980,1525921
5914,10/03/2023,W,619488,434467,1053955
5915,02/26/2012,U,448512,298409,746921
5916,06/15/2018,W,775628,735211,1510839
5917,01/12/2020,U,294457,237736,532193
5918,04/05/2018,W,817204,753661,1570865
5919,11/30/2008,U,384770,217697,602467
5920,03/12/2011,A,630826,500559,1131385
5921,05/20/2010,W,982640,667152,1649792
5922,06/21/2020,U,165913,70884,236797
5923,02/19/2015,W,576326,575180,1151506
5924,01/27/2017,W,792183,715515,1507698
5925,04/04/2021,U,178580,105039,283619
5926,06/12/2004,A,626396,347638,974034
5927,05/08/2021,A,255252,161702,416954
5928,08/27/2006,U,417115,276143,693258
5929,08/01/2024,W,554928,506493,1061421
5930,02/10/2007,A,546086,292046,838132
5931,08/11/2015,W,823620,770361,1593981
5932,12/04/2003,W,962556,610322,1572878
5933,03/17/2013,U,433504,338473,771977
5934,07/26/2021,W,373206,260296,633502
5935,03/08/2021,W,317267,159512,476779
5936,06/30/2008,W,1037295,679631,1716926
5937,10/07/2010,W,1048120,753345,1801465
5938,08/10/2009,W,920020,624034,1544054
5939,10/26/2012,W,1039677,796666,1836343
5940,07/10/2018,W,766160,742163,1508323
5941,09/03/2023,U,309758,248524,558282
5942,10/19/2016,W,895104,807016,1702120
5943,07/30/2014,W,815885,760415,1576300
5944,02/11/2003,W,928346,592292,1520638
5945,03/28/2019,W,782670,692421,1475091
5946,05/02/2024,W,600203,409105,1009308
5947,12/29/2011,W,767769,553630,1321399
5948,06/13/2017,W,817478,764155,1581633
5949,06/05/2012,W,1048003,749888,1797891
5950,06/28/2008,A,730245,483016,1213261
5951,02/13/2008,W,1039517,630232,1669749
5952,05/31/2011,W,976956,683927,1660883
5953,05/10/2004,W,939473,558691,1498164
5954,04/05/2005,W,1048343,612259,1660602
5955,08/11/2009,W,950753,672387,1623140
5956,04/12/2019,W,795077,731825,1526902
5957,07/05/2015,U,427090,435680,862770
5958,12/08/2023,W,561665,372605,934270
5959,10/16/2005,U,456332,268898,725230
5960,02/19/2008,W,967658,595964,1563622
5961,11/15/2002,W,1042694,630267,1672961
5962,12/18/2004,A,587269,302065,889334
5963,04/10/2001,W,1024817,613311,1638128
5964,09/28/2001,W,1024142,645884,1670026
5965,05/30/2009,A,695552,385727,1081279
5966,09/12/2020,A,213040,118325,331365
5967,11/10/2016,W,842332,807250,1649582
5968,08/06/2001,W,907499,585919,1493418
5969,06/06/2001,W,1004243,627572,1631815
5970,05/22/2019,W,811376,756639,1568015
5971,10/30/2007,W,1088015,654838,1742853
5972,07/29/2004,W,881356,574372,1455728
5973,03/31/2006,W,1028124,641079,1669203
5974,05/16/2013,W,982565,746034,1728599
5975,12/29/2002,U,380197,181081,561278
5976,11/17/2009,W,1060364,677993,1738357
5977,02/09/2024,W,515769,333453,849222
5978,11/23/2003,U,352918,202523,555441
5979,04/03/2005,U,440189,229712,669901
5980,02/20/2012,W,761004,543889,1304893
5981,02/20/2009,W,1032282,632936,1665218
5982,09/06/2021,U,231171,190360,421531
5983,10/10/2016,W,714940,708958,1423898
5984,03/18/2011,W,1028193,706274,1734467
5985,09/04/2005,U,504460,323512,827972
5986,08/11/2004,W,848020,581158,1429178
5987,05/03/2021,W,334667,174120,508787
5988,09/13/2017,W,876445,813293,1689738
5989,07/26/2005,W,876111,588210,1464321
5990,05/30/2021,U,209937,177745,387682
5991,11/19/2002,W,1058349,638719,1697068
5992,12/19/2004,U,320403,181261,501664
5993,01/30/2023,W,420711,284230,704941
5994,10/22/2011,A,678136,497703,1175839
5995,05/13/2006,A,587533,340904,928437
5996,07/23/2008,W,1082583,672801,1755384
5997,10/25/2006,W,1057646,663754,1721400
5998,06/30/2012,A,683644,485188,1168832
5999,01/18/2002,W,967930,581331,1549261
6000,03/06/2023,W,470524,303195,773719
6001,08/01/2012,W,993124,746620,1739744
6002,05/27/2003,W,961009,597804,1558813
6003,11/07/2020,A,226237,126890,353127
6004,08/23/2020,U,167737,93123,260860
6005,01/17/2003,W,973358,584772,1558130
6006,07/19/2004,W,898918,593573,1492491
6007,12/01/2011,W,1089263,747269,1836532
6008,05/28/2003,W,910537,586704,1497241
6009,02/23/2010,W,1015116,659707,1674823
6010,03/18/2007,U,420366,236110,656476
6011,10/10/2005,W,811357,562228,1373585
6012,09/06/2008,A,778425,416356,1194781
6013,08/18/2015,W,782272,745246,1527518
6014,08/07/2023,W,467465,346627,814092
6015,01/20/2015,W,913930,754946,1668876
6016,03/14/2005,W,980033,583024,1563057
6017,09/19/2001,W,939442,625612,1565054
6018,06/12/2019,W,768907,722333,1491240
6019,09/10/2013,W,1034136,762582,1796718
6020,01/12/2016,W,760149,705694,1465843
6021,03/12/2017,U,336952,292240,629192
6022,06/17/2007,U,464411,257682,722093
6023,07/15/2019,W,733408,723684,1457092
6024,11/09/2018,W,796310,751427,1547737
6025,01/20/2001,A,582348,263815,846163
6026,02/25/2016,W,855117,762858,1617975
6027,06/19/2012,W,934909,725980,1660889
6028,10/15/2003,W,1026737,711785,1738522
6029,05/17/2018,W,807735,743467,1551202
6030,11/24/2001,A,504548,253414,757962
6031,09/28/2016,W,855499,787727,1643226
6032,11/21/2017,W,825182,745801,1570983
6033,01/18/2020,A,371460,319878,691338
6034,03/23/2015,W,817246,693264,1510510
6035,03/15/2022,W,463215,322609,785824
6036,04/27/2022,W,473316,325530,798846
6037,07/18/2022,W,432780,299248,732028
6038,11/20/2014,W,899732,786919,1686651
6039,05/25/2013,A,600972,369584,970556
6040,10/20/2008,W,1092061,674708,1766769
6041,03/12/2013,W,1017656,738907,1756563
6042,07/26/2022,W,460649,352662,813311
6043,01/11/2011,W,923590,654856,1578446
6044,01/29/2010,W,918474,610943,1529417
6045,04/03/2006,W,985177,616386,1601563
6046,01/29/2014,W,889744,733780,1623524
6047,06/24/2004,W,828438,571439,1399877
6048,11/26/2004,W,591445,345213,936658
6049,02/28/2023,W,516342,350093,866435
6050,02/21/2014,W,926827,766802,1693629
6051,11/04/2021,W,463508,333562,797070
6052,06/17/2002,W,980090,576747,1556837
6053,08/13/2016,A,522972,488035,1011007
6054,02/12/2013,W,901097,687334,1588431
6055,12/17/2001,W,995060,593314,1588374
6056,03/18/2003,W,963349,596226,1559575
6057,08/11/2014,W,772003,718836,1490839
6058,06/04/2010,W,1013014,679386,1692400
6059,12/21/2008,U,280044,172052,452096
6060,09/12/2022,W,480954,342767,823721
6061,07/31/2022,U,224307,252781,477088
6062,03/04/2021,W,309302,159889,469191
6063,07/30/2010,W,943778,683141,1626919
6064,04/13/2005,W,1016213,630756,1646969
6065,09/17/2012,W,972361,749237,1721598
6066,06/22/2020,W,260524,114622,375146
6067,09/29/2023,W,578054,401168,979222
6068,09/19/2016,W,894210,816014,1710224
6069,06/21/2004,W,783458,540333,1323791
6070,03/31/2003,W,973924,577834,1551758
6071,07/08/2002,W,929870,575055,1504925
6072,02/23/2005,W,996383,601647,1598030
6073,10/05/2022,W,535091,386695,921786
6074,08/17/2007,W,940525,629675,1570200
6075,11/20/2024,W,625498,428958,1054456
6076,04/13/2018,W,729175,716600,1445775
6077,11/10/2005,W,1049433,672627,1722060
6078,04/26/2003,A,588057,300728,888785
6079,01/11/2020,A,345787,281493,627280
6080,03/20/2002,W,993245,591401,1584646
6081,01/21/2024,U,227288,147028,374316
6082,11/19/2012,W,1047309,759037,1806346
6083,05/28/2022,A,299533,280228,579761
6084,08/02/2013,W,918087,795020,1713107
6085,01/04/2021,W,282862,132124,414986
6086,05/19/2007,A,684079,343947,1028026
6087,05/19/2004,W,1010917,613954,1624871
6088,12/03/2017,U,378519,338558,717077
6089,04/19/2008,A,686540,340662,1027202
6090,06/19/2019,W,762852,735207,1498059
6091,04/27/2021,W,352388,193712,546100
6092,08/22/2013,W,855068,697777,1552845
6093,09/08/2008,W,1058699,651127,1709826
6094,04/18/2009,A,690066,421519,1111585
6095,06/15/2008,U,495972,235961,731933
6096,11/12/2023,U,294251,195035,489286
6097,09/26/2024,W,659106,474890,1133996
6098,11/16/2021,W,463846,321135,784981
6099,01/29/2018,W,774310,699889,1474199
6100,01/18/2005,W,907849,569801,1477650
6101,11/18/2019,W,807951,731335,1539286
6102,03/09/2002,A,493346,254471,747817
6103,02/24/2007,A,544391,302947,847338
6104,04/23/2006,U,415959,248173,664132
6105,12/31/2022,A,257498,181031,438529
6106,02/19/2012,U,475445,322414,797859
6107,02/19/2023,U,241433,167599,409032
6108,12/06/2011,W,1035064,712288,1747352
6109,08/14/2002,W,893558,586107,1479665
6110,07/31/2018,W,733107,729861,1462968
6111,12/27/2009,U,368183,207527,575710
6112,04/01/2019,W,825150,707874,1533024
6113,10/10/2018,W,831398,794576,1625974
6114,07/25/2016,W,757860,744827,1502687
6115,08/31/2022,W,521586,366459,888045
6116,07/07/2021,W,371601,261796,633397
6117,07/31/2019,W,738630,739592,1478222
6118,07/09/2005,A,623556,331017,954573
6119,09/22/2023,W,525718,400937,926655
6120,09/30/2008,W,1137377,706085,1843462
6121,03/05/2021,W,317629,167771,485400
6122,10/05/2005,W,1099507,689759,1789266
6123,04/16/2021,W,334144,199086,533230
6124,10/23/2019,W,789783,791468,1581251
6125,09/14/2010,W,1073013,743702,1816715
6126,06/20/2003,W,938177,611219,1549396
6127,04/20/2006,W,938226,641954,1580180
6128,05/21/2002,W,1008846,613667,1622513
6129,02/18/2012,A,666760,454131,1120891
6130,03/05/2014,W,918971,769178,1688149
6131,07/09/2020,W,301260,149971,451231
6132,12/04/2011,U,454576,327051,781627
6133,04/07/2008,W,1084375,638419,1722794
6134,08/07/2002,W,940727,585313,1526040
6135,05/11/2013,A,603110,435938,1039048
6136,05/27/2022,W,435553,299737,735290
6137,04/30/2019,W,757497,707685,1465182
6138,11/26/2024,W,518470,356826,875296
6139,02/21/2019,W,813056,727504,1540560
6140,07/20/2021,W,390578,264471,655049
6141,07/11/2004,U,418827,228013,646840
6142,02/27/2012,W,1023956,703435,1727391
6143,05/26/2018,A,474011,472471,946482
6144,01/26/2024,W,534739,329826,864565
6145,10/23/2009,W,932000,664168,1596168
6146,05/09/2021,U,158199,108981,267180
6147,06/03/2019,W,814607,731571,1546178
6148,10/22/2013,W,948098,785501,1733599
6149,11/11/2005,W,862413,587641,1450054
6150,01/15/2009,W,755677,532219,1287896
6151,03/03/2008,W,890785,556767,1447552
6152,07/23/2004,W,912722,590514,1503236
6153,07/12/2016,W,782892,749136,1532028
6154,04/22/2008,W,1085729,671423,1757152
6155,06/09/2010,W,1032439,707821,1740260
6156,03/18/2017,A,473609,404779,878388
6157,07/01/2009,W,1003064,680635,1683699
6158,07/22/2016,W,745409,747479,1492888
6159,06/04/2011,A,660496,465907,1126403
6160,05/09/2011,W,996746,680206,1676952
6161,04/06/2001,W,1015046,611352,1626398
6162,01/05/2021,W,281724,134514,416238
6163,03/21/2024,W,564484,383735,948219
6164,12/27/2020,U,139350,72363,211713
6165,10/10/2009,A,676836,433332,1110168
6166,01/17/2011,W,613773,422788,1036561
6167,04/02/2015,W,897550,761806,1659356
6168,09/15/2014,W,924594,804175,1728769
6169,07/28/2018,A,484064,453186,937250
6170,11/27/2007,W,1044685,629784,1674469
6171,12/03/2003,W,1002993,613563,1616556
6172,11/19/2019,W,822152,755257,1577409
6173,12/12/2016,W,787062,702745,1489807
6174,08/27/2019,W,776670,740341,1517011
6175,12/20/2009,U,441105,257984,699089
6176,09/10/2011,A,665138,486616,1151754
6177,01/30/2024,W,571297,388718,960015
6178,09/06/2024,W,616701,434618,1051319
6179,02/24/2010,W,996077,660548,1656625
6180,03/13/2023,W,459265,307389,766654
6181,08/14/2009,W,969081,683249,1652330
6182,08/06/2014,W,827073,741608,1568681
6183,03/06/2001,W,1013530,603561,1617091
6184,08/08/2014,W,836918,787177,1624095
6185,12/20/2022,W,458350,301658,760008
6186,02/10/2021,W,267271,141210,408481
6187,06/01/2014,U,445596,376894,822490
6188,06/22/2012,W,958498,755020,1713518
6189,02/27/2014,W,876615,728137,1604752
6190,04/22/2024,W,576206,353190,929396
6191,01/01/2008,U,295571,174243,469814
6192,07/30/2003,W,880392,616406,1496798
6193,11/23/2011,W,992006,680837,1672843
6194,07/16/2010,W,928476,753901,1682377
6195,05/06/2007,U,470694,266988,737682
6196,08/27/2009,W,934232,664531,1598763
6197,02/21/2015,A,565948,410400,976348
6198,01/04/2003,A,570941,255217,826158
6199,09/09/2005,W,1092990,672572,1765562
6200,10/28/2003,W,978501,631318,1609819
6201,09/27/2013,W,1034355,797916,1832271
6202,04/09/2013,W,999444,740720,1740164
6203,09/11/2010,A,620475,438303,1058778
6204,11/23/2021,W,437577,300261,737838
6205,01/20/2013,U,372131,275860,647991
6206,09/14/2011,W,1068594,768114,1836708
6207,11/17/2002,U,393692,204651,598343
6208,10/27/2016,W,892963,822190,1715153
6209,11/05/2015,W,942300,851684,1793984
6210,06/18/2020,W,305028,119506,424534
6211,07/30/2011,A,677527,472828,1150355
6212,11/19/2003,W,1011052,632045,1643097
6213,09/07/2019,A,486423,420502,906925
6214,08/21/2018,W,714668,705759,1420427
6215,05/03/2007,W,1102282,631926,1734208
6216,12/02/2022,W,490109,327826,817935
6217,11/09/2006,W,1001116,668263,1669379
6218,09/22/2006,W,993335,668669,1662004
6219,01/13/2001,A,591791,270056,861847
6220,11/29/2011,W,991030,708638,1699668
6221,10/20/2011,W,1019401,763556,1782957
6222,11/20/2007,W,1055688,638081,1693769
6223,12/23/2016,W,676407,516584,1192991
6224,08/27/2016,A,501883,451497,953380
6225,01/29/2006,U,380026,223196,603222
6226,09/17/2004,W,1047045,625246,1672291
6227,08/13/2002,W,871791,578996,1450787
6228,06/15/2005,W,941737,637318,1579055
6229,01/26/2020,U,318824,241153,559977
6230,12/12/2009,A,653142,371427,1024569
6231,01/02/2012,U,427028,300131,727159
6232,02/23/2011,W,1026312,701009,1727321
6233,06/12/2016,U,409577,414048,823625
6234,11/01/2010,W,1050239,702890,1753129
6235,04/27/2001,W,1034472,610723,1645195
6236,04/07/2015,W,813597,727328,1540925
6237,06/20/2005,W,880325,591715,1472040
6238,04/02/2009,W,1017567,649643,1667210
6239,11/08/2004,W,1033733,615996,1649729
6240,01/24/2017,W,834979,742724,1577703
6241,04/10/2018,W,798350,748682,1547032
6242,06/24/2014,W,859711,755376,1615087
6243,01/07/2008,W,988485,588092,1576577
6244,12/05/2002,W,1005218,607822,1613040
6245,08/21/2004,A,660686,360597,1021283
6246,07/23/2016,A,472199,457178,929377
6247,01/22/2017,U,331138,272268,603406
6248,06/09/2015,W,932006,792806,1724812
6249,08/13/2006,U,433792,268208,702000
6250,06/28/2020,U,171693,86966,258659
6251,09/29/2011,W,1051634,753753,1805387
6252,09/27/2014,A,592901,515308,1108209
6253,04/15/2002,W,926258,586214,1512472
6254,12/22/2020,W,289292,140759,430051
6255,08/18/2017,W,741688,751342,1493030
6256,06/29/2003,U,421380,329753,751133
6257,10/31/2010,U,451532,321535,773067
6258,06/14/2005,W,955995,635882,1591877
6259,12/30/2006,A,589298,310684,899982
6260,08/14/2011,U,470358,358606,828964
6261,06/13/2006,W,961923,664539,1626462
6262,12/10/2009,W,875574,598439,1474013
6263,06/09/2007,A,661835,402393,1064228
6264,10/06/2009,W,1071550,693172,1764722
6265,09/12/2010,U,478785,343875,822660
6266,05/03/2006,W,1060500,663686,1724186
6267,03/27/2016,U,342269,278098,620367
6268,07/16/2009,W,990574,683021,1673595
6269,06/18/2018,W,742447,722983,1465430
6270,01/04/2016,W,829429,703185,1532614
6271,03/17/2003,W,976703,597982,1574685
6272,03/05/2017,U,364977,298189,663166
6273,11/11/2018,U,344050,304712,648762
6274,03/07/2017,W,862784,751315,1614099
6275,10/22/2024,W,642373,451887,1094260
6276,10/21/2024,W,619582,403752,1023334
6277,04/19/2004,W,951686,592025,1543711
6278,06/08/2020,W,263520,100516,364036
6279,12/10/2015,W,909606,796080,1705686
6280,07/09/2008,W,1093064,686636,1779700
6281,06/10/2008,W,1117614,685952,1803566
6282,05/03/2015,U,435591,379014,814605
6283,05/23/2015,A,575386,501879,1077265
6284,10/26/2015,W,929741,805144,1734885
6285,09/13/2014,A,584842,525886,1110728
6286,07/21/2012,A,682249,467138,1149387
6287,04/28/2007,A,657645,320088,977733
6288,03/29/2005,W,1001423,598783,1600206
6289,04/28/2022,W,461751,329024,790775
6290,11/03/2009,W,1136686,697012,1833698
6291,07/21/2023,W,485225,389288,874513
6292,06/13/2003,W,976147,592987,1569134
6293,01/28/2014,W,519517,485867,1005384
6294,05/29/2010,A,645684,455979,1101663
6295,05/02/2016,W,878407,751259,1629666
6296,05/01/2021,A,266141,170503,436644
6297,07/20/2022,W,455439,338205,793644
6298,07/13/2014,U,437544,429753,867297
6299,11/04/2004,W,1018608,623937,1642545
6300,12/17/2021,W,405415,282060,687475
6301,03/11/2003,W,971894,601034,1572928
6302,10/29/2003,W,986799,637933,1624732
6303,06/09/2019,U,372952,329388,702340
6304,01/13/2005,W,931709,582596,1514305
6305,04/05/2004,W,971292,571811,1543103
6306,03/19/2010,W,1022766,663983,1686749
6307,04/23/2015,W,935537,799888,1735425
6308,12/19/2022,W,422466,271588,694054
6309,06/02/2012,A,698536,489792,1188328
6310,10/30/2004,A,594150,318073,912223
6311,07/27/2002,A,595484,327980,923464
6312,05/01/2006,W,997873,738966,1736839
6313,01/30/2008,W,882014,580657,1462671
6314,08/09/2016,W,781438,769199,1550637
6315,01/10/2004,A,526469,261687,788156
6316,09/06/2007,W,1068817,689347,1758164
6317,04/23/2018,W,810268,712596,1522864
6318,11/30/2006,W,985569,649626,1635195
6319,04/26/2024,W,554146,355278,909424
6320,05/20/2023,A,354750,241214,595964
6321,12/07/2024,A,384908,286352,671260
6322,09/07/2011,W,1079256,773670,1852926
6323,02/23/2012,W,1033787,734839,1768626
6324,09/25/2007,W,1064946,664976,1729922
6325,03/22/2005,W,861916,553996,1415912
6326,08/31/2023,W,579376,413083,992459
6327,03/19/2012,W,1015401,707467,1722868
6328,08/22/2010,U,470110,336654,806764
6329,07/09/2024,W,543503,400891,944394
6330,06/25/2020,W,304522,139288,443810
6331,08/03/2024,A,424966,401995,826961
6332,01/05/2020,U,314424,234155,548579
6333,04/12/2010,W,1008809,689027,1697836
6334,05/17/2023,W,527429,382604,910033
6335,10/07/2014,W,971693,814006,1785699
6336,11/01/2006,W,1053237,673789,1727026
6337,10/26/2017,W,872176,805362,1677538
6338,01/20/2010,W,1069450,657695,1727145
6339,07/27/2021,W,387327,279049,666376
6340,05/15/2018,W,809607,728488,1538095
6341,08/03/2005,W,950814,598977,1549791
6342,08/17/2013,A,634078,506124,1140202
6343,12/19/2006,W,1019785,596338,1616123
6344,01/16/2005,U,314149,169880,484029
6345,02/28/2010,U,418652,259369,678021
6346,07/25/2021,U,221645,198799,420444
6347,09/12/2012,W,1024605,785316,1809921
6348,10/13/2007,A,657864,338481,996345
6349,04/16/2005,A,637641,331817,969458
6350,12/01/2009,W,1130467,682786,1813253
6351,07/07/2017,W,749664,780389,1530053
6352,03/11/2001,U,410081,188228,598309
6353,10/24/2017,W,812947,769526,1582473
6354,05/09/2013,W,1003192,721753,1724945
6355,03/06/2006,W,794246,550369,1344615
6356,07/30/2021,W,402364,362949,765313
6357,12/31/2019,W,511289,431677,942966
6358,10/07/2015,W,970204,854361,1824565
6359,05/26/2009,W,998498,634549,1633047
6360,06/12/2018,W,807427,750111,1557538
6361,03/28/2022,W,443113,283316,726429
6362,01/23/2001,W,1019983,610352,1630335
6363,06/03/2011,W,1084952,753705,1838657
6364,04/03/2007,W,932688,564461,1497149
6365,06/14/2023,W,493401,392696,886097
6366,05/27/2012,U,502724,392936,895660
6367,04/06/2012,W,861696,642047,1503743
6368,09/03/2007,U,461629,275023,736652
6369,12/04/2001,W,1049416,613294,1662710
6370,12/15/2018,A,481485,425132,906617
6371,07/23/2003,W,906650,622160,1528810
6372,09/06/2017,W,854979,785896,1640875
6373,01/04/2015,U,330082,267676,597758
6374,02/10/2017,W,832724,720483,1553207
6375,03/02/2016,W,878633,760062,1638695
6376,02/28/2022,W,437269,272433,709702
6377,11/05/2008,W,1156522,715659,1872181
6378,01/14/2003,W,940805,594400,1535205
6379,07/17/2013,W,922657,706991,1629648
6380,05/14/2021,W,353950,222830,576780
6381,11/24/2014,W,857759,746052,1603811
6382,01/31/2023,W,428116,311121,739237
6383,05/29/2021,A,266944,208819,475763
6384,03/23/2019,A,472376,386972,859348
6385,12/18/2010,A,570331,370965,941296
6386,02/15/2006,W,988045,626072,1614117
6387,12/30/2019,W,544713,480721,1025434
6388,12/24/2015,W,531521,378784,910305
6389,10/09/2009,W,1023705,689843,1713548
6390,09/26/2023,W,565172,416619,981791
6391,10/13/2018,A,494592,466427,961019
6392,10/02/2008,W,1180204,731452,1911656
6393,10/09/2001,W,1055377,645072,1700449
6394,09/10/2014,W,898549,788458,1687007
6395,05/14/2004,W,899684,566238,1465922
6396,11/29/2005,W,964736,621228,1585964
6397,12/10/2016,A,472855,424387,897242
6398,05/27/2023,A,340968,290957,631925
6399,02/12/2019,W,741083,698387,1439470
6400,09/13/2005,W,1081012,691104,1772116
6401,11/17/2022,W,489196,368122,857318
6402,05/30/2011,U,512702,387955,900657
6403,07/07/2006,W,928760,702727,1631487
6404,08/18/2003,W,821919,559214,1381133
6405,08/22/2019,W,739175,741995,1481170
6406,11/27/2009,W,647293,378145,1025438
6407,07/05/2023,W,448241,324432,772673
6408,11/05/2006,U,435747,266756,702503
6409,10/03/2014,W,954675,811571,1766246
6410,07/22/2003,W,889426,590880,1480306
6411,03/02/2012,W,1031215,705878,1737093
6412,09/01/2024,U,344967,290763,635730
6413,04/23/2004,W,977752,615945,1593697
6414,10/07/2018,U,325617,510071,835688
6415,10/15/2009,W,1052994,712178,1765172
6416,12/23/2013,W,691365,545145,1236510
6417,05/06/2009,W,1040297,650834,1691131
6418,04/12/2020,U,117907,46243,164150
6419,09/16/2007,U,455579,272814,728393
6420,05/14/2022,A,303044,249361,552405
6421,02/28/2011,W,1007930,681614,1689544
6422,06/11/2010,W,979074,845329,1824403
6423,05/21/2004,W,945657,592577,1538234
6424,11/29/2017,W,850702,761131,1611833
6425,07/03/2006,W,802169,684040,1486209
6426,04/01/2023,A,315267,235235,550502
6427,07/02/2018,W,734869,678249,1413118
6428,04/06/2005,W,1005400,610876,1616276
6429,07/25/2022,W,423680,314719,738399
6430,10/22/2001,W,1012782,621894,1634676
6431,07/01/2013,W,946062,681252,1627314
6432,12/05/2024,W,564481,401576,966057
6433,02/13/2023,W,477325,298814,776139
6434,03/17/2009,W,1110747,683241,1793988
6435,04/26/2018,W,837802,777534,1615336
6436,10/25/2017,W,876000,794572,1670572
6437,08/14/2010,A,688021,460503,1148524
6438,12/06/2020,U,144322,74099,218421
6439,01/26/2011,W,1014944,681652,1696596
6440,02/05/2014,W,828739,753984,1582723
6441,04/20/2021,W,310048,170031,480079
6442,08/23/2016,W,784341,744176,1528517
6443,01/08/2018,W,755777,664263,1420040
6444,11/15/2022,W,482772,363154,845926
6445,08/09/2017,W,759657,732813,1492470
6446,10/28/2014,W,953363,812867,1766230
6447,10/20/2002,U,424767,222167,646934
6448,10/23/2024,W,653689,461471,1115160
6449,09/29/2005,W,1065350,668926,1734276
6450,11/13/2019,W,762247,729140,1491387
6451,01/01/2009,U,338779,238590,577369
6452,09/29/2003,W,1001427,637350,1638777
6453,01/01/2002,U,294360,122471,416831
6454,05/20/2001,U,427040,217899,644939
6455,01/08/2011,A,540394,333951,874345
6456,05/11/2001,W,1004068,600295,1604363
6457,09/21/2008,U,551489,317922,869411
6458,07/14/2012,A,662503,539189,1201692
6459,07/05/2002,W,807831,500685,1308516
6460,10/04/2014,A,557711,482714,1040425
6461,05/14/2002,W,1009365,598752,1608117
6462,06/06/2022,W,437910,291922,729832
6463,12/16/2007,U,412777,215055,627832
6464,02/05/2001,W,1045944,600588,1646532
6465,08/11/2017,W,746418,756699,1503117
6466,09/25/2003,W,1006367,648354,1654721
6467,12/31/2001,W,650794,321388,972182
6468,09/19/2007,W,1098945,692726,1791671
6469,02/22/2002,W,1016162,592329,1608491
6470,11/05/2005,A,624689,351850,976539
6471,09/03/2013,W,1089544,761455,1850999
6472,12/02/2009,W,1094833,673684,1768517
6473,10/16/2009,W,1067868,708838,1776706
6474,06/15/2019,A,447116,419997,867113
6475,07/21/2010,W,951550,705647,1657197
6476,01/15/2004,W,962171,590965,1553136
6477,12/16/2002,W,1003932,577286,1581218
6478,03/22/2017,W,816876,706282,1523158
6479,02/10/2009,W,1121451,666014,1787465
6480,10/24/2023,W,598773,434867,1033640
6481,02/01/2009,U,459271,242773,702044
6482,06/13/2015,A,590950,566965,1157915
6483,11/03/2007,A,718550,331447,1049997
6484,04/07/2001,A,642265,297971,940236
6485,12/16/2011,W,1006755,703365,1710120
6486,11/04/2011,W,1093806,785515,1879321
6487,07/23/2024,W,563934,431681,995615
6488,06/11/2009,W,881200,627380,1508580
6489,12/27/2007,W,773602,462843,1236445
6490,06/22/2008,U,531761,282226,813987
6491,06/21/2022,W,427588,321100,748688
6492,10/04/2024,W,619444,409598,1029042
6493,11/03/2019,U,356367,310621,666988
6494,03/18/2019,W,786322,711535,1497857
6495,06/01/2005,W,1041992,613034,1655026
6496,11/26/2016,A,441384,383042,824426
6497,11/09/2012,W,1065181,798839,1864020
6498,07/19/2007,W,935717,648112,1583829
6499,10/24/2010,U,443462,319622,763084
6500,02/22/2006,W,999636,629122,1628758
6501,12/27/2019,W,552198,445835,998033
6502,12/05/2011,W,1051712,698735,1750447
6503,07/09/2007,W,896820,587889,1484709
6504,01/06/2021,W,278317,136069,414386
6505,04/02/2018,W,782016,688114,1470130
6506,12/01/2019,U,315646,257317,572963
6507,06/10/2016,W,862529,853441,1715970
6508,10/12/2007,W,1081900,669582,1751482
6509,02/20/2016,A,566721,464149,1030870
6510,03/01/2008,A,668866,322061,990927
6511,11/12/2006,U,417471,251876,669347
6512,10/16/2020,W,324544,178507,503051
6513,05/21/2005,A,647441,353375,1000816
6514,08/08/2009,A,714606,503501,1218107
6515,05/28/2019,W,769069,694292,1463361
6516,03/13/2021,A,247738,148004,395742
6517,05/25/2002,A,558891,270672,829563
6518,10/03/2017,W,921022,794082,1715104
6519,02/06/2012,W,1038157,699926,1738083
6520,03/25/2015,W,916538,734311,1650849
6521,06/28/2012,W,880771,702116,1582887
6522,05/03/2008,A,716121,344446,1060567
6523,07/26/2004,W,852027,565461,1417488
6524,05/10/2005,W,1033686,634549,1668235
6525,10/10/2004,U,421756,350585,772341
6526,09/18/2024,W,655614,467380,1122994
6527,02/10/2019,U,296809,251192,548001
6528,07/02/2003,W,936777,640212,1576989
6529,01/04/2001,W,870021,550011,1420032
6530,08/09/2014,A,582607,552265,1134872
6531,05/17/2016,W,839788,748287,1588075
6532,10/07/2009,W,1111089,714396,1825485
6533,06/03/2015,W,964899,794693,1759592
6534,01/16/2015,W,898222,748177,1646399
6535,12/05/2013,W,956982,782864,1739846
6536,11/16/2018,W,816628,783218,1599846
6537,03/19/2008,W,945983,608639,1554622
6538,03/03/2009,W,1095720,642501,1738221
6539,02/09/2005,W,989259,595976,1585235
6540,09/25/2020,W,338121,180938,519059
6541,11/27/2017,W,839274,726945,1566219
6542,04/10/2019,W,760548,731858,1492406
6543,01/27/2014,W,502031,472484,974515
6544,12/11/2011,U,442689,306703,749392
6545,05/13/2020,W,259169,83529,342698
6546,11/02/2012,W,1087124,793396,1880520
6547,01/09/2011,U,380762,237361,618123
6548,03/13/2020,W,674594,496474,1171068
6549,08/03/2007,W,976842,692273,1669115
6550,03/11/2012,U,482075,316828,798903
6551,05/12/2006,W,958553,639308,1597861
6552,11/06/2011,U,477456,331327,808783
6553,09/06/2018,W,819596,786139,1605735
6554,11/30/2016,W,852623,768149,1620772
6555,03/18/2016,W,875707,765919,1641626
6556,09/01/2005,W,1019495,643731,1663226
6557,10/09/2018,W,882871,813161,1696032
6558,03/16/2014,U,371881,349484,721365
6559,03/18/2004,W,934303,588303,1522606
6560,01/14/2007,U,368736,217983,586719
6561,03/29/2001,W,1020098,605027,1625125
6562,10/16/2024,W,652964,462121,1115085
6563,10/09/2013,W,1056846,774550,1831396
6564,01/18/2017,W,835362,742180,1577542
6565,09/02/2005,W,1015964,632104,1648068
6566,06/19/2013,W,990561,718139,1708700
6567,06/23/2015,W,840211,794064,1634275
6568,02/02/2019,A,435441,345650,781091
6569,05/22/2001,W,1019568,637152,1656720
6570,09/24/2008,W,1148720,713572,1862292
6571,04/02/2008,W,1118495,661969,1780464
6572,10/02/2016,U,391845,351589,743434
6573,05/10/2022,W,487603,334899,822502
6574,07/06/2003,U,389816,269228,659044
6575,06/27/2018,W,734332,744015,1478347
6576,08/26/2024,W,596306,376308,972614
6577,10/21/2006,A,631254,403698,1034952
6578,12/16/2016,W,744691,690845,1435536
6579,01/04/2013,W,875485,635401,1510886
6580,06/01/2018,W,851045,773824,1624869
6581,10/04/2015,U,417529,371950,789479
6582,07/23/2005,A,604287,361618,965905
6583,05/28/2010,W,994671,694492,1689163
6584,09/18/2021,A,297188,295961,593149
6585,04/07/2017,W,765361,741568,1506929
6586,08/17/2003,U,462931,290507,753438
6587,07/07/2016,W,769513,774128,1543641
6588,10/11/2005,W,1076154,687202,1763356
6589,03/06/2010,A,662470,399749,1062219
6590,12/07/2012,W,1038662,764843,1803505
6591,08/31/2007,W,1012720,674373,1687093
6592,07/20/2017,W,716096,726632,1442728
6593,05/16/2016,W,836089,730287,1566376
6594,01/30/2016,A,510514,427874,938388
6595,05/03/2004,W,1028235,580844,1609079
6596,02/15/2008,W,1036232,618258,1654490
6597,10/02/2006,W,981933,635901,1617834
6598,07/05/2008,A,675949,409554,1085503
6599,08/06/2006,U,451477,357797,809274
6600,02/10/2011,W,940692,676869,1617561
6601,05/19/2006,W,994011,651428,1645439
6602,07/20/2003,U,403847,224010,627857
6603,06/06/2023,W,522067,389250,911317
6604,05/07/2017,U,370985,334930,705915
6605,01/03/2001,W,824923,536432,1361355
6606,02/24/2016,W,795160,725712,1520872
6607,12/02/2021,W,466625,323958,790583
6608,11/11/2012,U,479696,353062,832758
6609,05/18/2020,W,242568,80822,323390
6610,08/21/2017,W,707640,675484,1383124
6611,04/17/2024,W,600084,408474,1008558
6612,07/01/2012,U,474631,350123,824754
6613,02/06/2020,W,761859,701795,1463654
6614,07/14/2016,W,794813,775495,1570308
6615,07/25/2012,W,930185,724487,1654672
6616,10/23/2015,W,915489,828812,1744301
6617,04/14/2014,W,792277,697727,1490004
6618,12/31/2007,W,669463,405727,1075190
6619,12/20/2020,U,157805,80063,237868
6620,05/25/2018,W,797393,730669,1528062
6621,07/02/2012,W,929572,676617,1606189
6622,04/22/2017,A,493687,467485,961172
6623,06/17/2010,W,954409,719629,1674038
6624,12/02/2018,U,339157,285153,624310
6625,11/13/2017,W,846572,758107,1604679
6626,11/29/2001,W,972155,613392,1585547
6627,05/29/2009,W,1064215,677893,1742108
6628,04/30/2024,W,632501,409097,1041598
6629,12/09/2010,W,957337,667827,1625164
6630,12/03/2005,A,602909,343944,946853
6631,02/18/2010,W,1026992,673127,1700119
6632,12/18/2012,W,950660,693703,1644363
6633,10/27/2010,W,1051715,739161,1790876
6634,05/13/2007,U,446076,224489,670565
6635,11/11/2001,U,416118,218931,635049
6636,03/07/2007,W,1000287,611040,1611327
6637,08/27/2013,W,1032675,721814,1754489
6638,07/17/2010,A,653987,518643,1172630
6639,12/31/2005,A,526241,307444,833685
6640,06/03/2020,W,207502,68423,275925
6641,09/26/2021,U,214958,195380,410338
6642,06/01/2009,W,1011224,619841,1631065
6643,03/17/2002,U,390344,189640,579984
6644,08/25/2021,W,398464,278830,677294
6645,04/01/2014,W,986346,772459,1758805
6646,11/07/2011,W,1061041,749043,1810084
6647,08/06/2009,W,958790,673897,1632687
6648,11/13/2022,U,216386,184686,401072
6649,01/22/2002,W,1012565,603877,1616442
6650,03/02/2014,U,371300,304402,675702
6651,02/10/2016,W,850090,742445,1592535
6652,02/03/2014,W,931825,729128,1660953
6653,02/10/2006,W,1003608,623814,1627422
6654,08/23/2019,W,720876,723775,1444651
6655,10/17/2003,W,1023752,651230,1674982
6656,08/11/2010,W,902498,661211,1563709
6657,05/15/2020,W,261148,82454,343602
6658,05/18/2015,W,908842,761991,1670833
6659,04/13/2010,W,1031798,679327,1711125
6660,06/20/2015,A,563855,500734,1064589
6661,12/24/2021,U,215369,118922,334291
6662,11/09/2019,A,479816,386355,866171
6663,07/24/2017,W,744976,765597,1510573
6664,06/19/2015,W,893122,813552,1706674
6665,12/14/2004,W,934042,574048,1508090
6666,11/11/2007,U,462568,216467,679035
6667,06/20/2024,W,548449,411020,959469
6668,04/19/2002,W,905545,591974,1497519
6669,08/18/2013,U,472515,384202,856717
6670,11/22/2012,U,363466,255982,619448
6671,04/06/2011,W,1032831,725191,1758022
6672,10/07/2006,A,641240,373957,1015197
6673,05/10/2019,W,816268,749306,1565574
6674,04/05/2002,W,1014222,613919,1628141
6675,11/09/2014,U,411806,379597,791403
6676,02/12/2014,W,842139,713255,1555394
6677,06/17/2008,W,1033341,643362,1676703
6678,07/29/2001,U,432534,236416,668950
6679,08/23/2002,W,903292,570031,1473323
6680,11/17/2020,W,279757,140971,420728
6681,11/16/2007,W,1063833,645494,1709327
6682,05/29/2018,W,797433,716137,1513570
6683,07/05/2005,W,913873,569757,1483630
6684,03/31/2007,A,608037,323073,931110
6685,04/01/2024,W,478962,333881,812843
6686,10/01/2013,W,1100251,760127,1860378
6687,08/27/2020,W,307570,159603,467173
6688,10/26/2011,W,1055199,756804,1812003
6689,05/14/2009,W,1074183,690670,1764853
6690,11/14/2013,W,968420,806089,1774509
6691,06/15/2011,W,927263,708511,1635774
6692,07/04/2014,U,478993,473842,952835
6693,04/03/2001,W,1057275,613993,1671268
6694,09/06/2014,A,593846,534590,1128436
6695,09/30/2006,A,636906,394280,1031186
6696,07/21/2004,W,857917,590615,1448532
6697,09/10/2021,W,469400,355788,825188
6698,05/13/2014,W,904717,735362,1640079
6699,10/04/2013,W,1055644,763663,1819307
6700,09/30/2022,W,517079,372584,889663
6701,08/19/2019,W,697759,669727,1367486
6702,02/04/2016,W,901406,778227,1679633
6703,10/06/2016,W,858960,817595,1676555
6704,06/19/2004,A,621841,336481,958322
6705,05/31/2017,W,827890,745189,1573079
6706,05/09/2008,W,1117011,659889,1776900
6707,02/14/2007,W,884567,596676,1481243
6708,10/04/2019,W,851906,740946,1592852
6709,04/05/2003,A,593273,293496,886769
6710,05/02/2009,A,764832,399421,1164253
6711,11/30/2020,W,255801,130426,386227
6712,10/29/2008,W,1123289,696994,1820283
6713,02/25/2019,W,762857,680844,1443701
6714,03/18/2012,U,504213,359041,863254
6715,06/30/2006,W,950077,716112,1666189
6716,02/12/2008,W,819820,553554,1373374
6717,05/08/2006,W,1010412,624197,1634609
6718,04/17/2005,U,428663,225292,653955
6719,11/01/2009,U,494777,290701,785478
6720,02/25/2005,W,1002592,590287,1592879
6721,05/07/2003,W,977279,610370,1587649
6722,09/08/2001,A,645427,341332,986759
6723,12/28/2013,A,506219,405004,911223
6724,09/20/2018,W,840571,812664,1653235
6725,12/11/2004,A,602774,318757,921531
6726,10/04/2003,A,651128,383554,1034682
6727,03/22/2015,U,383134,306283,689417
6728,10/10/2019,W,855556,803767,1659323
6729,06/19/2001,W,944122,613028,1557150
6730,06/21/2024,W,539303,406032,945335
6731,12/20/2007,W,1016117,578637,1594754
6732,01/17/2004,A,534831,278142,812973
6733,11/05/2023,U,296526,200577,497103
6734,08/14/2003,W,857542,592601,1450143
6735,02/05/2019,W,808858,734181,1543039
6736,05/28/2011,A,586663,420778,1007441
6737,11/02/2022,W,532834,379413,912247
6738,01/07/2019,W,723023,662470,1385493
6739,01/05/2015,W,753918,657877,1411795
6740,04/30/2002,W,1000608,604417,1605025
6741,04/07/2021,W,340512,181069,521581
6742,06/01/2011,W,1077060,728801,1805861
6743,07/03/2023,W,444738,293378,738116
6744,04/23/2024,W,600004,410045,1010049
6745,08/28/2011,U,488275,339049,827324
6746,08/16/2002,W,903666,592393,1496059
6747,02/23/2022,W,434639,288569,723208
6748,08/26/2015,W,860821,774429,1635250
6749,08/11/2011,W,957398,709254,1666652
6750,12/25/2015,U,231718,162100,393818
6751,11/11/2017,A,461927,427100,889027
6752,12/26/2021,U,160349,106278,266627
6753,01/12/2010,W,1012053,626651,1638704
6754,04/09/2003,W,986992,611985,1598977
6755,11/15/2017,W,826138,770507,1596645
6756,11/17/2023,W,544624,418827,963451
6757,07/15/2002,W,949705,608087,1557792
6758,10/07/2021,W,447936,323569,771505
6759,09/02/2009,W,1032505,682877,1715382
6760,07/11/2011,W,899672,654659,1554331
6761,05/26/2005,W,995429,632007,1627436
6762,01/10/2003,W,963808,567691,1531499
6763,11/25/2016,W,496285,411245,907530
6764,03/14/2024,W,539322,393348,932670
6765,11/15/2014,A,532937,458706,991643
6766,02/17/2008,U,411858,218846,630704
6767,02/23/2004,W,954873,577436,1532309
6768,10/31/2016,W,860741,797545,1658286
6769,05/29/2023,U,269683,209702,479385
6770,12/22/2021,W,314359,209334,523693
6771,07/02/2011,A,701711,514859,1216570
6772,12/30/2011,W,762618,528085,1290703
6773,11/09/2011,W,1036190,759696,1795886
6774,04/14/2004,W,859829,593419,1453248
6775,02/06/2017,W,838312,713858,1552170
6776,11/15/2003,A,567411,334186,901597
6777,07/15/2014,W,828927,739993,1568920
6778,09/12/2009,A,728447,482038,1210485
6779,08/13/2009,W,946370,674767,1621137
6780,09/30/2024,W,619994,406220,1026214
6781,05/25/2010,W,1005290,690144,1695434
6782,12/19/2009,A,612039,350048,962087
6783,12/18/2008,W,995662,618571,1614233
6784,06/25/2018,W,730834,709948,1440782
6785,04/01/2008,W,1114418,637976,1752394
6786,01/13/2019,U,301855,250222,552077
6787,05/15/2014,W,890597,751405,1642002
6788,01/01/2019,U,248879,245852,494731
6789,02/24/2014,W,925043,739926,1664969
6790,02/17/2003,W,709845,447938,1157783
6791,03/29/2013,W,829810,621657,1451467
6792,11/13/2006,W,1007564,643008,1650572
6793,05/14/2010,W,1022640,708596,1731236
6794,10/10/2020,A,248858,137846,386704
6795,05/26/2014,U,413568,345231,758799
6796,12/24/2020,W,201261,92528,293789
6797,02/09/2014,U,385739,301471,687210
6798,05/06/2006,A,637405,368890,1006295
6799,01/06/2009,W,1006184,600314,1606498
6800,05/05/2024,U,317248,226928,544176
6801,04/24/2016,U,397080,343644,740724
6802,11/12/2001,W,812747,527242,1339989
6803,11/24/2011,U,340929,235194,576123
6804,03/21/2002,W,930667,574802,1505469
6805,05/28/2008,W,1105899,647402,1753301
6806,01/21/2013,W,549385,422125,971510
6807,05/25/2021,W,345371,205679,551050
6808,04/02/2021,W,329144,180602,509746
6809,07/31/2013,W,898783,707557,1606340
6810,03/14/2017,W,712423,727042,1439465
6811,09/11/2002,W,1045640,631554,1677194
6812,11/21/2022,W,423423,299744,723167
6813,06/16/2004,W,948614,584517,1533131
6814,01/02/2002,W,766853,491630,1258483
6815,03/07/2020,A,455672,366530,822202
6816,08/26/2016,W,797432,768053,1565485
6817,04/20/2015,W,907393,762726,1670119
6818,10/08/2018,W,700116,719617,1419733
6819,08/03/2002,A,674990,325279,1000269
6820,06/29/2021,W,346254,229881,576135
6821,01/26/2010,W,1037134,653753,1690887
6822,06/24/2007,U,451145,346881,798026
6823,11/17/2003,W,996959,618428,1615387
6824,09/02/2023,A,384728,291029,675757
6825,11/02/2003,U,397515,215452,612967
6826,05/19/2019,U,332006,295929,627935
6827,03/10/2009,W,1026177,636119,1662296
6828,08/06/2005,A,648849,357240,1006089
6829,09/23/2022,W,458882,354789,813671
6830,01/02/2020,W,651421,565139,1216560
6831,11/19/2015,W,884290,811595,1695885
6832,02/01/2016,W,926781,759849,1686630
6833,12/11/2014,W,922765,774798,1697563
6834,12/29/2007,A,546998,277819,824817
6835,02/17/2015,W,912529,745575,1658104
6836,02/04/2013,W,983474,710890,1694364
6837,06/16/2024,U,314305,239123,553428
6838,01/24/2016,U,352859,293804,646663
6839,03/10/2015,W,953173,767551,1720724
6840,07/02/2013,W,911309,677994,1589303
6841,06/22/2004,W,959598,597441,1557039
6842,01/21/2004,W,949321,576593,1525914
6843,03/28/2002,W,965734,571056,1536790
6844,08/14/2020,W,315311,155653,470964
6845,04/19/2011,W,862770,627085,1489855
6846,11/29/2007,W,1015386,625742,1641128
6847,11/15/2001,W,983434,615519,1598953
6848,12/18/2011,U,455044,325822,780866
6849,02/20/2015,W,847700,697600,1545300
6850,01/30/2007,W,952201,604145,1556346
6851,06/14/2002,W,980140,605447,1585587
6852,10/24/2004,U,436838,227357,664195
6853,01/07/2001,U,375831,169825,545656
6854,09/18/2022,U,237991,241024,479015
6855,01/21/2015,W,905178,756860,1662038
6856,08/17/2011,W,943997,692781,1636778
6857,01/19/2004,W,557712,353859,911571
6858,12/01/2008,W,1060059,635852,1695911
6859,04/29/2012,U,445246,322436,767682
6860,08/08/2011,W,912362,692657,1605019
6861,09/10/2007,W,1072218,676612,1748830
6862,10/24/2018,W,855770,795929,1651699
6863,12/29/2023,W,415822,261610,677432
6864,11/10/2014,W,938000,786491,1724491
6865,09/11/2012,W,1026114,789589,1815703
6866,06/25/2012,W,933417,725550,1658967
6867,11/12/2012,W,823600,666802,1490402
6868,10/01/2014,W,1010778,825205,1835983
6869,09/08/2007,A,700510,374022,1074532
6870,03/05/2018,W,793241,686228,1479469
6871,09/25/2013,W,1055790,810826,1866616
6872,02/21/2003,W,1005940,601156,1607096
6873,10/29/2017,U,355321,320982,676303
6874,12/01/2007,A,606838,307004,913842
6875,12/10/2012,W,973051,690186,1663237
6876,05/31/2022,W,468550,326376,794926
6877,12/22/2019,U,350959,283094,634053
6878,12/24/2013,W,474089,341784,815873
6879,04/17/2009,W,1087613,695313,1782926
6880,08/27/2010,W,991691,700296,1691987
6881,09/24/2024,W,582939,434551,1017490
6882,06/28/2021,W,337566,218776,556342
6883,01/29/2004,W,855905,553448,1409353
6884,06/12/2007,W,1015390,660899,1676289
6885,07/13/2020,W,309700,149117,458817
6886,09/17/2005,A,677602,404143,1081745
6887,02/25/2003,W,897857,572520,1470377
6888,03/01/2010,W,893861,606818,1500679
6889,04/21/2011,W,919676,685284,1604960
6890,09/06/2003,A,625347,334013,959360
6891,05/01/2002,W,1031532,605198,1636730
6892,08/02/2007,W,944912,650901,1595813
6893,12/27/2022,W,315154,202638,517792
6894,03/20/2018,W,808168,710058,1518226
6895,02/20/2019,W,779660,717172,1496832
6896,04/08/2016,W,782419,753786,1536205
6897,12/21/2014,U,397000,332367,729367
6898,10/26/2010,W,948119,691241,1639360
6899,12/13/2003,A,544810,305519,850329
6900,08/02/2003,A,678701,399990,1078691
6901,03/14/2013,W,1033042,755471,1788513
6902,04/09/2006,U,426567,258613,685180
6903,01/22/2006,U,371481,208257,579738
6904,12/22/2015,W,722061,664559,1386620
6905,02/17/2010,W,1028817,663479,1692296
6906,09/02/2001,U,470771,243520,714291
6907,05/21/2022,A,258763,218972,477735
6908,05/14/2008,W,1083589,650904,1734493
6909,04/11/2008,W,999556,629067,1628623
6910,12/24/2012,W,545733,313210,858943
6911,04/08/2002,W,937560,578417,1515977
6912,08/23/2021,W,389873,263283,653156
6913,08/07/2006,W,905263,633078,1538341
6914,09/05/2005,U,469528,274053,743581
6915,09/28/2021,W,474767,315354,790121
6916,01/14/2012,A,557653,377455,935108
6917,08/05/2008,W,997379,673384,1670763
6918,04/18/2022,W,416359,279342,695701
6919,06/20/2016,W,785446,762810,1548256
6920,06/16/2021,W,374362,242785,617147
6921,12/22/2003,W,797301,508014,1305315
6922,09/30/2015,W,946374,835001,1781375
6923,11/12/2005,A,626889,351085,977974
6924,11/27/2024,W,477247,308919,786166
6925,11/26/2023,U,219912,160320,380232
6926,07/08/2009,W,954018,667258,1621276
6927,03/30/2005,W,942056,580582,1522638
6928,02/23/2001,W,1024235,602352,1626587
6929,09/30/2018,U,365436,362732,728168
6930,02/15/2009,U,466104,262442,728546
6931,01/11/2019,W,763718,679115,1442833
6932,12/11/2010,A,573203,388409,961612
6933,10/05/2012,W,1069580,808343,1877923
6934,08/26/2020,W,311882,158419,470301
6935,07/30/2018,W,718899,721661,1440560
6936,04/26/2002,W,1026348,615024,1641372
6937,07/29/2024,W,499487,347579,847066
6938,07/13/2023,W,505564,394862,900426
6939,06/23/2018,A,487366,452638,940004
6940,07/23/2010,W,879035,677196,1556231
6941,10/20/2001,A,632093,319399,951492
6942,07/23/2014,W,838958,777929,1616887
6943,06/21/2015,U,439513,390557,830070
6944,09/22/2008,W,1140486,690356,1830842
6945,01/03/2018,W,598578,587740,1186318
6946,03/17/2011,W,1039329,730561,1769890
6947,10/10/2008,W,1169810,716085,1885895
6948,05/06/2012,U,434634,343213,777847
6949,02/04/2004,W,947079,581672,1528751
6950,07/21/2009,W,986777,683790,1670567
6951,01/17/2007,W,977527,618895,1596422
6952,07/31/2021,A,292772,310759,603531
6953,12/12/2019,W,787393,716707,1504100
6954,07/05/2006,W,901332,661426,1562758
6955,08/21/2014,W,771537,739451,1510988
6956,07/22/2015,W,844761,785763,1630524
6957,12/27/2006,W,732919,460703,1193622
6958,10/22/2023,U,288942,219804,508746
6959,06/08/2013,A,661759,537485,1199244
6960,10/03/2008,W,1211992,706967,1918959
6961,12/05/2005,W,959432,591559,1550991
6962,12/12/2021,U,200373,165296,365669
6963,06/28/2017,W,722682,733693,1456375
6964,03/15/2010,W,996747,648605,1645352
6965,06/02/2024,U,347275,256837,604112
6966,01/04/2014,A,469542,361203,830745
6967,03/23/2024,A,373194,249326,622520
6968,08/07/2017,W,733495,704247,1437742
6969,06/14/2021,W,362267,227377,589644
6970,11/22/2021,W,428156,288075,716231
6971,04/12/2021,W,326192,170290,496482
6972,12/13/2004,W,922941,562847,1485788
6973,04/24/2001,W,1031150,618513,1649663
6974,06/27/2008,W,1019687,693555,1713242
6975,08/05/2018,U,368543,423810,792353
6976,11/07/2004,U,427407,222194,649601
6977,07/23/2012,W,915219,695786,1611005
6978,09/24/2017,U,378420,351102,729522
6979,06/04/2007,W,988557,611310,1599867
6980,05/11/2002,A,492841,252501,745342
6981,11/12/2011,A,660488,474088,1134576
6982,03/14/2014,W,955810,819256,1775066
6983,12/06/2013,W,933388,766511,1699899
6984,03/30/2024,A,375490,244072,619562
6985,05/08/2020,W,242402,82107,324509
6986,12/27/2010,W,673638,435925,1109563
6987,01/25/2013,W,920833,707962,1628795
6988,05/18/2004,W,957288,600273,1557561
6989,01/24/2019,W,745872,711300,1457172
6990,11/15/2023,W,587609,422609,1010218
6991,10/09/2007,W,1119151,673318,1792469
6992,02/01/2004,U,355491,170793,526284
6993,01/31/2007,W,943384,598814,1542198
6994,05/18/2002,A,638862,298727,937589
6995,04/28/2008,W,1009567,606882,1616449
6996,01/28/2011,W,930518,655861,1586379
6997,12/14/2020,W,269583,135394,404977
6998,07/25/2019,W,746240,746890,1493130
6999,07/01/2008,W,1098281,694175,1792456
7000,03/08/2002,W,993813,587766,1581579
7001,07/20/2015,W,819425,749387,1568812
7002,01/13/2008,U,391645,202380,594025
7003,10/09/2023,W,452540,366694,819234
7004,08/07/2013,W,898114,694946,1593060
7005,08/15/2024,W,519903,391361,911264
7006,06/05/2024,W,602717,450039,1052756
7007,04/11/2017,W,736309,720080,1456389
7008,10/20/2023,W,562941,395292,958233
7009,06/07/2014,A,585247,524812,1110059
7010,10/13/2011,W,1011085,773498,1784583
7011,07/09/2009,W,1002646,673821,1676467
7012,08/02/2015,U,425896,469421,895317
7013,09/29/2012,A,715790,512833,1228623
7014,12/23/2011,W,855427,539186,1394613
7015,01/15/2020,W,794821,720057,1514878
7016,08/07/2019,W,745371,746207,1491578
7017,02/04/2019,W,808055,718764,1526819
7018,11/19/2014,W,889137,774198,1663335
7019,12/14/2024,A,347954,262799,610753
7020,02/17/2002,U,423922,209261,633183
7021,03/23/2012,W,945472,685518,1630990
7022,09/15/2007,A,642789,378741,1021530
7023,01/25/2007,W,988347,630002,1618349
7024,03/27/2002,W,989393,580724,1570117
7025,09/08/2006,W,985806,708845,1694651
7026,12/11/2009,W,980494,627993,1608487
7027,05/20/2006,A,619536,365397,984933
7028,07/17/2007,W,945057,637429,1582486
7029,02/08/2004,U,369314,185893,555207
7030,12/07/2003,U,393784,214938,608722
7031,10/10/2007,W,1075443,666054,1741497
7032,04/09/2023,U,237320,168475,405795
7033,09/26/2011,W,1028362,733053,1761415
7034,03/22/2014,A,597815,452237,1050052
7035,08/11/2023,W,472150,370307,842457
7036,12/29/2009,W,753943,488944,1242887
7037,05/17/2003,A,614484,304723,919207
7038,09/26/2019,W,853333,791418,1644751
7039,02/20/2014,W,893699,759455,1653154
7040,01/24/2008,W,910998,588279,1499277
7041,03/16/2008,U,447363,243823,691186
7042,12/09/2013,W,904306,745781,1650087
7043,05/18/2001,W,1027834,628829,1656663
7044,03/27/2012,W,1024173,723040,1747213
7045,08/23/2006,W,891561,632682,1524243
7046,11/16/2009,W,1061332,668884,1730216
7047,11/07/2019,W,821063,768460,1589523
7048,05/19/2002,U,419434,204421,623855
7049,12/17/2016,A,445779,394366,840145
7050,08/18/2002,U,490868,285298,776166
7051,10/22/2022,A,328599,254638,583237
7052,09/15/2024,U,308413,257266,565679
7053,09/22/2021,W,450883,322522,773405
7054,11/14/2005,W,1021597,637498,1659095
7055,09/19/2006,W,1041255,690760,1732015
7056,05/05/2008,W,1111775,633266,1745041
7057,07/26/2017,W,769890,755604,1525494
7058,12/16/2001,U,407448,213347,620795
7059,10/11/2024,W,624145,456909,1081054
7060,08/29/2002,W,808555,532322,1340877
7061,11/18/2009,W,1043248,676849,1720097
7062,04/23/2020,W,214131,77918,292049
7063,02/22/2019,W,798311,702988,1501299
7064,07/03/2012,W,976022,710361,1686383
7065,04/05/2009,U,394704,236381,631085
7066,12/05/2021,U,175680,150682,326362
7067,02/27/2009,W,1045953,631269,1677222
7068,03/20/2015,W,932331,760906,1693237
7069,08/05/2020,W,319021,157695,476716
7070,05/06/2013,W,1017895,729615,1747510
7071,05/01/2023,W,482348,315630,797978
7072,04/16/2022,A,274093,216395,490488
7073,03/31/2020,W,200537,94709,295246
7074,04/01/2009,W,1103516,658559,1762075
7075,11/23/2023,U,187931,128326,316257
7076,03/01/2005,W,1012943,591771,1604714
7077,12/06/2002,W,1018401,602004,1620405
7078,03/15/2002,W,1005654,591415,1597069
7079,11/08/2017,W,875619,796870,1672489
7080,02/11/2009,W,1001838,637558,1639396
7081,11/17/2012,A,675393,567804,1243197
7082,12/04/2019,W,837738,739104,1576842
7083,11/06/2020,W,318896,167110,486006
7084,06/08/2018,W,779201,766692,1545893
7085,09/29/2016,W,870533,799130,1669663
7086,10/06/2014,W,957372,798793,1756165
7087,08/22/2004,U,475738,271487,747225
7088,08/24/2007,W,886880,605153,1492033
7089,12/06/2001,W,1020021,623428,1643449
7090,08/30/2023,W,589901,420080,1009981
7091,04/11/2009,A,641437,349911,991348
7092,09/12/2006,W,1030796,694780,1725576
7093,06/20/2023,W,488457,375171,863628
7094,03/08/2011,W,1054432,710380,1764812
7095,03/10/2001,A,633472,283251,916723
7096,07/04/2018,U,384885,366963,751848
7097,06/04/2019,W,797511,749759,1547270
7098,12/27/2012,W,710150,514627,1224777
7099,01/16/2008,W,1041939,626138,1668077
7100,11/21/2021,U,214017,179537,393554
7101,12/31/2021,U,227449,163183,390632
7102,12/17/2015,W,864846,752203,1617049
7103,02/11/2007,U,369026,201895,570921
7104,09/07/2002,A,643335,318886,962221
7105,04/20/2023,W,516298,393967,910265
7106,05/07/2018,W,821267,742969,1564236
7107,05/17/2010,W,951092,643233,1594325
7108,06/24/2015,W,821308,787858,1609166
7109,01/25/2019,W,568100,590674,1158774
7110,07/05/2011,W,944119,684091,1628210
7111,03/23/2006,W,979617,609325,1588942
7112,11/21/2002,W,983825,621257,1605082
7113,11/01/2015,U,436791,378873,815664
7114,10/21/2021,W,449160,330258,779418
7115,06/13/2019,W,784003,758006,1542009
7116,06/25/2015,W,808260,791423,1599683
7117,11/17/2006,W,1018763,664438,1683201
7118,08/10/2023,W,506343,383545,889888
7119,12/23/2010,W,740052,489295,1229347
7120,01/19/2003,U,327279,172937,500216
7121,07/28/2017,W,754679,738168,1492847
7122,01/14/2023,A,288502,201672,490174
7123,07/06/2001,W,958011,643965,1601976
7124,10/23/2017,W,802893,750619,1553512
7125,02/16/2005,W,1002714,602439,1605153
7126,07/27/2023,W,502581,385163,887744
7127,10/19/2018,W,814805,774539,1589344
7128,05/23/2003,W,969112,575372,1544484
7129,05/27/2013,U,415696,286211,701907
7130,03/29/2014,A,572055,438766,1010821
7131,02/01/2013,W,878531,659888,1538419
7132,01/12/2003,U,346918,171467,518385
7133,11/30/2004,W,970374,600955,1571329
7134,12/21/2015,W,696473,644071,1340544
7135,09/30/2021,W,469820,326450,796270
7136,08/16/2013,W,890423,730276,1620699
7137,03/27/2022,U,193217,147865,341082
7138,12/01/2012,A,686669,492263,1178932
7139,10/25/2009,U,471453,278478,749931
7140,07/08/2012,U,490561,341530,832091
7141,08/26/2005,W,916046,625532,1541578
7142,10/22/2015,W,942983,852957,1795940
7143,07/03/2016,U,415172,376896,792068
7144,12/09/2001,U,406917,207697,614614
7145,03/21/2022,W,459452,286077,745529
7146,04/21/2018,A,455577,392721,848298
7147,07/26/2008,A,733901,446775,1180676
7148,04/26/2023,W,539161,388688,927849
7149,04/29/2009,W,1045681,648841,1694522
7150,08/16/2007,W,910468,620464,1530932
7151,01/22/2012,U,392633,273772,666405
7152,07/24/2019,W,754694,737880,1492574
7153,01/12/2011,W,960115,657426,1617541
7154,04/27/2004,W,985057,588215,1573272
7155,11/21/2010,U,437682,295297,732979
7156,11/03/2013,U,430036,384737,814773
7157,09/12/2013,W,1050318,812163,1862481
7158,09/06/2012,W,1106785,787102,1893887
7159,12/22/2008,W,703302,474711,1178013
7160,12/28/2015,W,514171,484349,998520
7161,01/06/2011,W,939518,625246,1564764
7162,12/27/2002,W,744896,424575,1169471
7163,04/21/2003,W,925231,572442,1497673
7164,05/09/2002,W,1009271,614202,1623473
7165,07/15/2018,U,380142,378006,758148
7166,01/12/2006,W,955926,616251,1572177
7167,05/22/2012,W,1014156,721698,1735854
7168,10/08/2004,W,993752,633554,1627306
7169,08/23/2003,A,585510,313035,898545
7170,12/10/2018,W,794682,706501,1501183
7171,12/04/2024,W,600576,411039,1011615
7172,11/30/2005,W,975689,623427,1599116
7173,04/28/2016,W,851720,821158,1672878
7174,01/17/2006,W,948555,619527,1568082
7175,02/23/2003,U,377363,185905,563268
7176,02/18/2013,W,830133,567064,1397197
7177,09/10/2009,W,1099979,713849,1813828
7178,05/29/2020,W,265087,92565,357652
7179,05/08/2011,U,474170,325850,800020
7180,04/16/2016,A,554744,505299,1060043
7181,10/09/2017,W,712539,752125,1464664
7182,03/25/2013,W,828707,630136,1458843
7183,12/28/2001,W,739404,456879,1196283
7184,08/23/2015,U,412542,393966,806508
7185,08/17/2015,W,775836,708821,1484657
7186,02/27/2024,W,587359,392420,979779
7187,04/02/2017,U,357643,319046,676689
7188,08/31/2008,U,557427,325462,882889
7189,07/20/2016,W,788803,794496,1583299
7190,03/24/2014,W,923396,706637,1630033
7191,05/02/2020,A,210617,59142,269759
7192,10/08/2014,W,972010,822875,1794885
7193,12/21/2023,W,519383,325377,844760
7194,01/04/2019,W,668812,628514,1297326
7195,08/03/2015,W,833632,751771,1585403
7196,03/17/2005,W,989736,605564,1595300
7197,10/22/2014,W,959209,818395,1777604
7198,02/08/2016,W,856547,733387,1589934
7199,03/30/2006,W,996804,600724,1597528
7200,03/11/2002,W,1008613,591093,1599706
7201,01/24/2022,W,352311,235351,587662
7202,09/26/2007,W,1009515,660197,1669712
7203,10/16/2010,A,674323,477876,1152199
7204,07/26/2001,W,954848,636674,1591522
7205,04/21/2010,W,1010968,682322,1693290
7206,06/30/2009,W,962402,648809,1611211
7207,10/31/2012,W,1042048,780984,1823032
7208,05/26/2006,W,988688,657379,1646067
7209,12/02/2019,W,803894,702424,1506318
7210,12/15/2020,W,273075,137120,410195
7211,02/14/2012,W,1077348,738384,1815732
7212,05/13/2013,W,961814,713048,1674862
7213,08/18/2008,W,974311,621522,1595833
7214,03/16/2015,W,939583,768218,1707801
7215,08/26/2014,W,858520,757206,1615726
7216,06/17/2009,W,978050,671546,1649596
7217,10/02/2012,W,1108031,806945,1914976
7218,08/30/2006,W,913445,650359,1563804
7219,10/29/2022,A,311437,254149,565586
7220,06/16/2010,W,1003968,723671,1727639
7221,07/17/2008,W,1070349,656485,1726834
7222,05/16/2010,U,446820,316780,763600
7223,01/15/2005,A,481878,249401,731279
7224,12/19/2013,W,888294,715173,1603467
7225,11/10/2023,W,461731,351382,813113
7226,02/11/2021,W,269772,146284,416056
7227,05/09/2012,W,1041744,752170,1793914
7228,08/29/2011,W,988033,712733,1700766
7229,01/12/2014,U,387031,312663,699694
7230,07/30/2015,W,825894,811903,1637797
7231,05/28/2021,W,313635,217115,530750
7232,02/05/2007,W,761572,500675,1262247
7233,08/28/2022,U,219848,188705,408553
7234,09/06/2013,W,1067536,786864,1854400
7235,09/21/2019,A,489155,440464,929619
7236,07/05/2001,W,918500,606574,1525074
7237,10/14/2022,W,501494,372144,873638
7238,01/14/2008,W,996258,607357,1603615
7239,04/18/2012,W,1031225,736936,1768161
7240,12/19/2016,W,650356,607020,1257376
7241,10/24/2005,W,995935,637292,1633227
7242,06/11/2022,A,311911,264509,576420
7243,11/27/2013,W,785887,655899,1441786
7244,03/26/2003,W,968581,594924,1563505
7245,05/31/2020,U,86503,23544,110047
7246,05/31/2008,A,788945,374327,1163272
7247,04/30/2018,W,817980,746550,1564530
7248,11/30/2001,W,1039082,625037,1664119
7249,08/31/2013,A,596363,462487,1058850
7250,07/30/2013,W,894122,713697,1607819
7251,05/09/2018,W,803570,756378,1559948
7252,09/26/2009,A,702445,426960,1129405
7253,04/08/2006,A,607382,360442,967824
7254,02/08/2023,W,517223,348441,865664
7255,05/18/2005,W,1003414,604841,1608255
7256,05/16/2007,W,1028004,625297,1653301
7257,01/21/2019,W,445534,401503,847037
7258,11/10/2001,A,618184,322793,940977
7259,03/22/2020,U,113282,60490,173772
7260,07/23/2022,A,275396,265291,540687
7261,12/27/2016,W,575294,490822,1066116
7262,12/07/2010,W,954467,652015,1606482
7263,09/05/2002,W,1083538,634950,1718488
7264,11/04/2003,W,1003988,630296,1634284
7265,02/25/2010,W,1000799,668380,1669179
7266,07/11/2016,W,769128,739158,1508286
7267,09/19/2017,W,861844,786075,1647919
7268,12/31/2006,U,412048,293362,705410
7269,01/09/2022,U,139413,102330,241743
7270,04/16/2011,A,587114,398192,985306
7271,06/16/2007,A,633038,363871,996909
7272,04/20/2011,W,895201,684367,1579568
7273,09/14/2004,W,1046788,648153,1694941
7274,04/29/2010,W,971157,697327,1668484
7275,12/15/2023,W,535654,351722,887376
7276,11/13/2012,W,1004272,761630,1765902
7277,08/10/2010,W,909752,662126,1571878
7278,11/16/2013,A,548828,489767,1038595
7279,01/21/2012,A,552163,394407,946570
7280,11/03/2014,W,995821,805002,1800823
7281,03/19/2001,W,1021700,602469,1624169
7282,05/03/2013,W,1023402,730511,1753913
7283,05/19/2022,W,486489,351429,837918
7284,05/16/2018,W,824209,733303,1557512
7285,12/23/2001,U,393359,184628,577987
7286,10/25/2012,W,1027919,797938,1825857
7287,07/09/2022,A,314661,288100,602761
7288,05/11/2011,W,1022323,724069,1746392
7289,03/23/2021,W,303876,159635,463511
7290,02/08/2021,W,242899,128998,371897
7291,07/22/2011,W,890894,700452,1591346
7292,10/12/2005,W,1053577,685743,1739320
7293,12/12/2008,W,1016010,626638,1642648
7294,01/27/2012,W,968530,720988,1689518
7295,08/14/2005,U,437664,248325,685989
7296,02/03/2007,A,454188,247767,701955
7297,01/18/2015,U,391445,300710,692155
7298,10/12/2008,U,495211,436316,931527
7299,05/08/2007,W,1079400,648555,1727955
7300,08/21/2003,W,820578,562565,1383143
7301,06/10/2006,A,573542,349687,923229
7302,06/09/2024,U,338317,265680,603997
7303,10/06/2011,W,1076741,783363,1860104
7304,08/07/2021,A,301542,275050,576592
7305,02/19/2014,W,974552,783745,1758297
7306,04/07/2024,U,256839,185460,442299
7307,10/12/2002,A,612527,332781,945308
7308,08/28/2019,W,772893,736506,1509399
7309,12/12/2007,W,1051962,615293,1667255
7310,03/08/2004,W,969634,585973,1555607
7311,12/13/2016,W,785276,714038,1499314
7312,05/01/2009,W,1116163,677684,1793847
7313,08/02/2011,W,921043,682755,1603798
7314,08/27/2007,W,952232,609440,1561672
7315,01/27/2005,W,955413,587048,1542461
7316,11/20/2022,U,204456,163384,367840
7317,03/26/2007,W,1011806,604279,1616085
7318,01/20/2006,W,944694,615420,1560114
7319,03/01/2004,W,828169,534603,1362772
7320,10/18/2014,A,567859,525540,1093399
7321,10/02/2020,W,349664,182413,532077
7322,03/20/2023,W,478059,300593,778652
7323,11/26/2011,A,588157,348525,936682
7324,09/03/2009,W,1063234,714324,1777558
7325,02/22/2022,W,402852,275702,678554
7326,10/14/2003,W,928265,691539,1619804
7327,10/23/2010,A,624770,451848,1076618
7328,10/08/2009,W,1063003,714502,1777505
7329,02/18/2002,W,759013,458524,1217537
7330,08/28/2001,W,933626,628532,1562158
7331,05/20/2015,W,906942,760399,1667341
7332,07/07/2022,W,444168,331132,775300
7333,06/19/2024,W,482860,349203,832063
7334,06/23/2009,W,978739,644145,1622884
7335,09/27/2020,U,176943,102308,279251
7336,03/11/2011,W,1047012,708603,1755615
7337,07/15/2004,W,912348,615708,1528056
7338,09/28/2018,W,824823,816264,1641087
7339,10/16/2004,A,626844,326448,953292
7340,09/28/2005,W,1019140,668450,1687590
7341,04/02/2023,U,261251,191192,452443
7342,10/20/2004,W,1023397,623762,1647159
7343,06/26/2012,W,952845,746532,1699377
7344,08/17/2019,A,456968,396155,853123
7345,05/05/2005,W,1044204,621992,1666196
7346,05/02/2023,W,530573,372211,902784
7347,10/16/2017,W,867372,776457,1643829
7348,08/07/2011,U,479588,426721,906309
7349,11/07/2014,W,873365,802400,1675765
7350,10/12/2012,W,1067152,796441,1863593
7351,06/23/2002,U,444454,232456,676910
7352,06/13/2024,W,541343,414773,956116
7353,10/09/2010,A,683056,503343,1186399
7354,09/01/2018,A,457556,415563,873119
7355,02/17/2017,W,841425,738941,1580366
7356,11/05/2018,W,853379,770186,1623565
7357,10/09/2008,W,1161478,703190,1864668
7358,08/18/2024,U,319383,253295,572678
7359,06/30/2013,U,488073,543707,1031780
7360,12/05/2004,U,425127,231858,656985
7361,10/29/2009,W,1096369,715628,1811997
7362,08/17/2021,W,385106,259308,644414
7363,04/26/2013,W,999388,750687,1750075
7364,04/01/2007,U,425595,222200,647795
7365,01/30/2022,U,163483,115445,278928
7366,06/09/2014,W,878784,750337,1629121
7367,11/08/2015,U,414784,379185,793969
7368,01/27/2018,A,455974,384419,840393
7369,10/22/2020,W,318012,168824,486836
7370,09/15/2018,A,498240,505429,1003669
7371,07/30/2020,W,307576,156312,463888
7372,01/21/2020,W,789718,712386,1502104
7373,01/18/2022,W,394532,239770,634302
7374,10/03/2016,W,912435,775906,1688341
7375,03/31/2002,U,377026,158135,535161
7376,04/12/2022,W,426444,323042,749486
7377,06/29/2019,A,507082,438017,945099
7378,05/20/2008,W,1085719,634661,1720380
7379,01/20/2019,U,271961,236744,508705
7380,08/21/2010,A,662928,462355,1125283
7381,11/17/2004,W,1018184,620535,1638719
7382,03/24/2022,W,452116,279960,732076
7383,08/22/2017,W,741370,697126,1438496
7384,09/17/2022,A,333893,324035,657928
7385,01/10/2019,W,747850,690162,1438012
7386,12/19/2001,W,958790,591815,1550605
7387,08/25/2013,U,463843,353352,817195
7388,07/26/2013,W,890066,688728,1578794
7389,10/13/2017,W,879791,796714,1676505
7390,07/25/2008,W,1032058,683549,1715607
7391,02/28/2007,W,997324,617882,1615206
7392,02/16/2020,U,338343,267790,606133
7393,07/03/2019,W,761825,694945,1456770
7394,12/30/2018,U,314550,265310,579860
7395,02/20/2010,A,625306,379346,1004652
7396,12/09/2016,W,806718,730968,1537686
7397,12/23/2014,W,720116,617728,1337844
7398,04/05/2013,W,996072,746786,1742858
7399,07/20/2009,W,963999,643810,1607809
7400,06/25/2003,W,841205,603880,1445085
7401,09/04/2009,W,1020694,678461,1699155
7402,09/09/2008,W,1176865,712792,1889657
7403,02/28/2004,A,607923,310337,918260
7404,09/16/2019,W,825739,777685,1603424
7405,01/24/2012,W,1050018,732063,1782081
7406,03/16/2001,W,923613,583359,1506972
7407,03/02/2023,W,505862,352552,858414
7408,08/23/2017,W,763384,719511,1482895
7409,12/23/2006,A,578507,277455,855962
7410,10/28/2002,W,1041265,628314,1669579
7411,03/11/2016,W,886599,797977,1684576
7412,02/13/2014,W,975061,784280,1759341
7413,10/20/2006,W,1031742,705991,1737733
7414,04/29/2017,A,405068,364346,769414
7415,01/07/2023,A,272633,183930,456563
7416,10/13/2013,U,433578,528335,961913
7417,05/27/2007,U,451833,270636,722469
7418,06/18/2014,W,766725,717546,1484271
7419,07/02/2008,W,1043654,675750,1719404
7420,01/17/2016,U,266532,241160,507692
7421,01/13/2004,W,977382,596765,1574147
7422,09/11/2003,W,1018196,639732,1657928
7423,01/19/2023,W,479283,347238,826521
7424,06/15/2015,W,817931,774439,1592370
7425,06/21/2013,W,917934,724999,1642933
7426,05/18/2017,W,824327,775776,1600103
7427,10/14/2005,W,1091226,683174,1774400
7428,06/08/2015,W,891851,759176,1651027
7429,09/26/2017,W,877350,791462,1668812
7430,03/18/2022,W,404540,292739,697279
7431,07/09/2002,W,919623,579348,1498971
7432,11/09/2004,W,1035702,629375,1665077
7433,01/25/2016,W,865486,751104,1616590
7434,03/16/2007,W,1019835,638871,1658706
7435,01/16/2007,W,978082,620145,1598227
7436,05/29/2019,W,791059,717681,1508740
7437,07/12/2007,W,962640,631002,1593642
7438,08/21/2011,U,536280,420416,956696
7439,09/28/2010,W,1049114,732828,1781942
7440,09/23/2010,W,1067715,767134,1834849
7441,02/17/2016,W,889758,766940,1656698
7442,11/21/2023,W,465329,339605,804934
7443,05/16/2023,W,533948,384145,918093
7444,08/05/2004,W,918039,572708,1490747
7445,06/27/2015,A,570969,509237,1080206
7446,01/22/2018,W,781955,711848,1493803
7447,04/08/2004,W,967733,588420,1556153
7448,04/09/2001,W,998290,596418,1594708
7449,01/18/2023,W,495410,346875,842285
7450,03/29/2022,W,459127,310432,769559
7451,10/11/2020,U,181194,103244,284438
7452,08/07/2003,W,923161,584026,1507187
7453,05/06/2023,A,354490,259476,613966
7454,09/05/2017,W,893214,763159,1656373
7455,01/31/2011,W,1001892,670399,1672291
7456,07/17/2003,W,861722,579675,1441397
7457,01/23/2015,W,902567,747376,1649943
7458,02/10/2003,W,948507,584120,1532627
7459,12/16/2021,W,424823,297427,722250
7460,10/22/2002,W,1047657,645112,1692769
7461,11/10/2015,W,940362,832141,1772503
7462,12/26/2013,W,557420,438202,995622
7463,08/01/2001,W,873553,612734,1486287
7464,07/18/2018,W,770336,745511,1515847
7465,03/23/2007,W,997803,601679,1599482
7466,12/06/2008,A,596202,347667,943869
7467,03/22/2024,W,491011,318712,809723
7468,07/02/2014,W,824805,725327,1550132
7469,08/19/2006,A,612065,384987,997052
7470,01/16/2021,A,193303,96530,289833
7471,07/28/2024,U,305854,225835,531689
7472,11/21/2016,W,844666,758214,1602880
7473,12/09/2006,A,590225,344215,934440
7474,09/30/2001,U,412037,219852,631889
7475,06/16/2012,A,673257,513638,1186895
7476,05/03/2018,W,840135,744199,1584334
7477,03/18/2008,W,909978,593247,1503225
7478,08/04/2001,A,648406,319386,967792
7479,12/06/2021,W,419783,278439,698222
7480,05/30/2016,U,394914,389143,784057
7481,05/11/2004,W,965692,583729,1549421
7482,05/07/2023,U,281403,198280,479683
7483,10/30/2005,U,436487,251042,687529
7484,01/20/2020,W,477995,410324,888319
7485,11/20/2017,W,840370,747181,1587551
7486,11/18/2004,W,951154,610552,1561706
7487,05/14/2015,W,912634,795093,1707727
7488,07/29/2009,W,958820,672872,1631692
7489,06/06/2013,W,1021552,736943,1758495
7490,08/15/2015,A,567544,517393,1084937
7491,10/04/2012,W,1099004,810084,1909088
7492,12/31/2018,W,463165,386058,849223
7493,10/20/2018,A,464296,439297,903593
7494,05/03/2017,W,890581,778089,1668670
7495,12/17/2008,W,982687,615707,1598394
7496,07/03/2008,W,1143777,905742,2049519
7497,12/09/2015,W,916281,789224,1705505
7498,11/05/2022,A,271210,239302,510512
7499,04/05/2014,A,599182,531509,1130691
7500,03/05/2002,W,978944,588656,1567600
7501,11/19/2001,W,999890,600948,1600838
7502,11/06/2003,W,1015139,644961,1660100
7503,07/29/2002,W,893147,565324,1458471
7504,06/10/2014,W,859477,748307,1607784
7505,02/09/2022,W,433494,283336,716830
7506,04/14/2001,A,628526,279728,908254
7507,12/24/2014,W,549046,388742,937788
7508,10/23/2006,W,1018534,659505,1678039
7509,09/18/2010,A,602888,457774,1060662
7510,10/19/2005,W,1056343,666799,1723142
7511,02/14/2005,W,1015673,596928,1612601
7512,06/09/2016,W,828551,789678,1618229
7513,01/07/2016,W,846274,736809,1583083
7514,01/29/2024,W,545769,340556,886325
7515,04/26/2019,W,806103,731398,1537501
7516,05/09/2019,W,810976,751965,1562941
7517,09/25/2017,W,861042,767660,1628702
7518,09/11/2021,A,292316,276714,569030
7519,09/24/2019,W,850825,780378,1631203
7520,02/10/2004,W,948181,593014,1541195
7521,07/12/2012,W,973681,769452,1743133
7522,10/20/2007,A,731918,352442,1084360
7523,03/27/2017,W,825472,724012,1549484
7524,11/11/2015,W,755234,738828,1494062
7525,09/23/2018,U,373382,331323,704705
7526,04/12/2018,W,836193,775422,1611615
7527,11/15/2004,W,1006969,611786,1618755
7528,08/30/2016,W,791868,767220,1559088
7529,10/12/2006,W,998899,676609,1675508
7530,03/17/2016,W,891580,793590,1685170
7531,06/16/2016,W,832864,777260,1610124
7532,03/15/2005,W,1017371,606409,1623780
7533,10/18/2015,U,415455,392712,808167
7534,08/04/2011,W,953514,745527,1699041
7535,09/24/2003,W,973736,643836,1617572
7536,08/27/2021,W,411406,302286,713692
7537,10/09/2011,U,463310,519453,982763
7538,02/09/2011,W,941631,676705,1618336
7539,02/01/2015,U,293689,270615,564304
7540,07/09/2021,W,389894,302893,692787
7541,04/28/2010,W,981925,695381,1677306
7542,03/30/2015,W,903992,736692,1640684
7543,04/12/2013,W,994973,753498,1748471
7544,10/09/2005,U,427142,372438,799580
7545,03/05/2015,W,909192,744229,1653421
7546,11/04/2010,W,1036639,731024,1767663
7547,11/27/2011,U,397179,274323,671502
7548,07/17/2004,A,622104,365413,987517
7549,07/01/2001,U,435317,271052,706369
7550,01/30/2017,W,806014,715290,1521304
7551,07/06/2024,A,400805,322596,723401
7552,03/28/2011,W,1005055,674351,1679406
7553,05/10/2003,A,577508,301857,879365
7554,09/02/2008,W,1131494,681719,1813213
7555,11/29/2019,W,480801,373012,853813
7556,12/29/2003,W,732494,461979,1194473
7557,12/23/2002,W,827316,467245,1294561
7558,06/13/2008,W,1084190,655268,1739458
7559,11/13/2013,W,967800,783483,1751283
7560,05/06/2002,W,994227,598141,1592368
7561,06/05/2020,W,252137,90734,342871
7562,04/15/2003,W,894368,606461,1500829
7563,03/10/2024,U,280181,178611,458792
7564,08/04/2015,W,839704,762573,1602277
7565,05/17/2006,W,964565,640270,1604835
7566,10/27/2006,W,1007282,663912,1671194
7567,08/04/2022,W,449161,341966,791127
7568,12/19/2024,W,552524,373795,926319
7569,11/14/2012,W,1059509,775491,1835000
7570,06/18/2011,A,668147,502500,1170647
7571,11/13/2004,A,625173,331920,957093
7572,01/11/2013,W,991875,708901,1700776
7573,11/16/2004,W,1025607,623801,1649408
7574,09/27/2011,W,1059305,751659,1810964
7575,05/11/2010,W,948970,668287,1617257
7576,02/07/2002,W,1011915,600731,1612646
7577,07/20/2005,W,888241,597676,1485917
7578,02/18/2016,W,890627,773317,1663944
7579,07/19/2014,A,578126,559893,1138019
7580,02/09/2009,W,1061620,634229,1695849
7581,09/24/2001,W,940207,622061,1562268
7582,07/17/2019,W,751727,751160,1502887
7583,10/01/2008,W,1197836,724444,1922280
7584,02/19/2007,W,736322,466950,1203272
7585,12/25/2024,U,146592,86287,232879
7586,05/21/2023,U,273007,193053,466060
7587,04/10/2014,W,947682,806042,1753724
7588,08/13/2015,W,817948,790163,1608111
7589,06/03/2001,U,432408,204795,637203
7590,12/08/2015,W,910018,775695,1685713
7591,05/31/2001,W,965359,602748,1568107
7592,08/18/2014,W,786527,708188,1494715
7593,10/29/2001,W,1019942,623086,1643028
7594,06/23/2024,U,333514,259057,592571
7595,09/01/2013,U,493648,423770,917418
7596,01/26/2008,A,572085,293979,866064
7597,03/19/2020,W,305501,163013,468514
7598,12/06/2016,W,859470,745095,1604565
7599,02/02/2007,W,958446,584607,1543053
7600,09/24/2015,W,942518,835403,1777921
7601,08/22/2001,W,864392,599157,1463549
7602,09/09/2020,W,318510,162823,481333
7603,11/06/2015,W,925054,832872,1757926
7604,06/01/2006,W,1028046,638192,1666238
7605,12/04/2009,W,973336,652626,1625962
7606,11/10/2021,W,474682,332506,807188
7607,04/19/2019,W,643329,619953,1263282
7608,02/13/2001,W,1050834,622753,1673587
7609,04/11/2021,U,177686,105758,283444
7610,11/22/2017,W,677643,620904,1298547
7611,12/15/2009,W,988681,619534,1608215
7612,03/22/2022,W,432916,290803,723719
7613,07/05/2013,W,806355,592583,1398938
7614,08/08/2003,W,903597,583831,1487428
7615,01/11/2023,W,499126,343468,842594
7616,08/16/2005,W,904327,589228,1493555
7617,04/14/2024,U,327938,210780,538718
7618,08/07/2018,W,710000,702495,1412495
7619,11/29/2018,W,809744,764611,1574355
7620,09/29/2021,W,471319,323001,794320
7621,02/15/2016,W,605584,548390,1153974
7622,02/06/2003,W,981973,596888,1578861
7623,10/07/2005,W,1037669,663271,1700940
7624,05/10/2014,A,608188,468058,1076246
7625,09/17/2010,W,1070710,777601,1848311
7626,05/17/2021,W,333150,190203,523353
7627,04/07/2016,W,867670,786281,1653951
7628,08/22/2006,W,896666,628952,1525618
7629,04/24/2024,W,599179,416815,1015994
7630,05/02/2017,W,846717,762139,1608856
7631,02/09/2017,W,815353,726872,1542225
7632,12/20/2005,W,894974,534766,1429740
7633,08/16/2014,A,583313,501095,1084408
7634,03/16/2009,W,1040208,648040,1688248
7635,03/22/2007,W,1025487,620409,1645896
7636,06/29/2008,U,505046,412562,917608
7637,10/19/2006,W,1035827,689629,1725456
7638,06/10/2019,W,787528,717811,1505339
7639,05/15/2017,W,805190,709882,1515072
7640,08/01/2023,W,528437,389535,917972
7641,06/27/2022,W,416606,298347,714953
7642,05/07/2020,W,247597,83941,331538
7643,09/23/2014,W,960506,826655,1787161
7644,07/13/2018,W,753196,784018,1537214
7645,02/23/2019,A,406839,328179,735018
7646,07/20/2013,A,646339,546852,1193191
7647,08/23/2010,W,941694,650532,1592226
7648,08/05/2022,W,445484,357462,802946
7649,07/06/2012,W,852806,651815,1504621
7650,05/11/2019,A,456362,407442,863804
7651,01/19/2010,W,1083689,661331,1745020
7652,03/16/2024,A,399006,499424,898430
7653,11/25/2023,A,310164,213175,523339
7654,10/18/2021,W,447658,303246,750904
7655,11/11/2011,W,879535,681237,1560772
7656,11/24/2016,U,266241,219875,486116
7657,03/12/2018,W,798061,715220,1513281
7658,09/20/2014,A,566053,511922,1077975
7659,05/07/2010,W,959307,650935,1610242
7660,07/13/2012,W,918812,781300,1700112
7661,08/25/2010,W,973800,689560,1663360
7662,03/04/2008,W,1053813,619343,1673156
7663,09/02/2021,W,466988,316474,783462
7664,10/23/2008,W,1144729,703527,1848256
7665,12/16/2022,W,438828,317559,756387
7666,08/19/2012,U,526215,381863,908078
7667,07/14/2008,W,1058694,637119,1695813
7668,06/11/2024,W,556731,415884,972615
7669,07/25/2005,W,850441,580681,1431122
7670,04/02/2010,W,881173,601009,1482182
7671,02/06/2019,W,799164,727769,1526933
7672,09/12/2004,U,448166,258509,706675
7673,03/13/2024,W,597287,416180,1013467
7674,11/10/2004,W,1042750,635694,1678444
7675,04/17/2010,A,643599,438658,1082257
7676,02/27/2020,W,778992,698886,1477878
7677,07/17/2006,W,886469,626986,1513455
7678,04/03/2020,W,240528,101015,341543
7679,07/18/2023,W,512122,398713,910835
7680,03/06/2014,W,962802,775465,1738267
7681,01/29/2003,W,970605,594588,1565193
7682,02/04/2005,W,1062971,595511,1658482
7683,01/05/2014,U,268582,237067,505649
7684,01/10/2002,W,974188,591742,1565930
7685,06/03/2008,W,1073873,643040,1716913
7686,10/05/2019,A,492689,388710,881399
7687,01/03/2014,W,691262,598290,1289552
7688,02/16/2002,A,617307,292835,910142
7689,07/27/2012,W,947151,758858,1706009
7690,11/16/2020,W,282290,140661,422951
7691,10/05/2004,W,1061080,632144,1693224
7692,03/03/2019,U,313539,252150,565689
7693,08/12/2004,W,836018,586637,1422655
7694,10/14/2018,U,362011,332403,694414
7695,04/21/2009,W,1030738,659154,1689892
7696,03/22/2008,A,589688,288852,878540
7697,10/03/2007,W,1141300,678734,1820034
7698,12/10/2002,W,1030456,601656,1632112
7699,10/27/2024,U,312965,215594,528559
7700,01/30/2019,W,124154,97917,222071
7701,10/17/2012,W,1057430,792225,1849655
7702,05/04/2005,W,1036608,612365,1648973
7703,04/16/2008,W,1064026,661463,1725489
7704,09/09/2004,W,1045824,628271,1674095
7705,06/28/2001,W,942731,611002,1553733
7706,10/03/2013,W,1073368,776149,1849517
7707,03/30/2013,A,594213,395747,989960
7708,09/09/2012,U,491612,370846,862458
7709,05/31/2015,U,388866,351159,740025
7710,10/24/2024,W,654696,465121,1119817
7711,06/25/2014,W,874922,761775,1636697
7712,03/04/2023,A,332481,209545,542026
7713,08/05/2006,A,645372,472159,1117531
7714,12/01/2021,W,464613,309075,773688
7715,09/29/2008,W,1074139,671489,1745628
7716,04/25/2023,W,516696,378228,894924
7717,12/27/2001,W,690465,436814,1127279
7718,07/15/2011,W,960761,767058,1727819
7719,04/20/2019,A,462233,372841,835074
7720,02/09/2019,A,423681,338847,762528
7721,08/30/2020,U,172100,96089,268189
7722,07/27/2013,A,614357,461775,1076132
7723,09/02/2022,W,507102,361289,868391
7724,09/09/2013,W,1052783,752305,1805088
7725,11/02/2005,W,1077276,667966,1745242
7726,06/27/2009,A,692627,469970,1162597
7727,07/01/2023,A,335143,311337,646480
7728,02/24/2002,U,421160,199343,620503
7729,08/11/2020,W,309009,138581,447590
7730,07/04/2005,U,422316,278678,700994
7731,05/11/2016,W,873275,804156,1677431
7732,04/30/2006,U,345287,224122,569409
7733,02/09/2018,W,480347,490054,970401
7734,11/24/2009,W,1054145,665966,1720111
7735,12/01/2015,W,949925,794768,1744693
7736,06/17/2005,W,998232,611676,1609908
7737,03/19/2013,W,990010,723671,1713681
7738,06/10/2005,W,997687,654887,1652574
7739,07/11/2024,W,569850,418692,988542
7740,02/21/2001,W,986212,600133,1586345
7741,04/27/2015,W,925541,769888,1695429
7742,08/21/2015,W,829744,785707,1615451
7743,04/14/2019,U,240601,215007,455608
7744,06/05/2010,A,596776,390596,987372
7745,02/09/2013,A,611263,426081,1037344
7746,12/28/2017,W,509850,456611,966461
7747,03/31/2005,W,966045,589937,1555982
7748,05/31/2003,A,575015,318134,893149
7749,10/04/2023,W,610623,445787,1056410
7750,02/27/2013,W,1004620,732706,1737326
7751,08/02/2020,U,169536,89199,258735
7752,08/16/2016,W,762943,764267,1527210
7753,11/25/2011,W,652271,435428,1087699
7754,08/25/2018,A,472537,437488,910025
7755,12/13/2010,W,829736,598167,1427903
7756,02/15/2017,W,841181,735910,1577091
7757,06/28/2003,A,561500,350162,911662
7758,01/29/2020,W,793740,711177,1504917
7759,06/06/2007,W,1047624,641107,1688731
7760,07/12/2006,W,926286,615196,1541482
7761,12/25/2001,U,218872,93525,312397
7762,05/24/2001,W,973423,615727,1589150
7763,11/29/2020,U,145682,76276,221958
7764,05/24/2018,W,813320,757935,1571255
7765,11/26/2010,W,557867,369071,926938
7766,10/24/2007,W,1080803,662981,1743784
7767,11/06/2001,W,1044478,638448,1682926
7768,08/12/2012,U,485254,389752,875006
7769,01/25/2004,U,343967,176977,520944
7770,07/11/2012,W,982452,751429,1733881
7771,02/07/2012,W,1040979,721937,1762916
7772,07/07/2005,W,929359,578396,1507755
7773,11/12/2003,W,977852,627509,1605361
7774,05/18/2018,W,784606,717590,1502196
7775,05/05/2002,U,443915,207913,651828
7776,03/12/2008,W,1068268,640051,1708319
7777,11/22/2020,U,146562,74926,221488
7778,07/06/2002,A,597877,324834,922711
7779,12/13/2021,W,425654,272016,697670
7780,04/28/2011,W,972352,710559,1682911
7781,08/05/2019,W,727517,724021,1451538
7782,12/27/2003,A,507042,232980,740022
7783,03/30/2007,W,1037493,621496,1658989
7784,06/02/2006,W,1031966,647618,1679584
7785,03/11/2007,U,435861,237257,673118
7786,02/12/2002,W,811567,541814,1353381
7787,08/29/2024,W,644581,469123,1113704
7788,08/23/2022,W,510024,370191,880215
7789,02/16/2016,W,883108,764147,1647255
7790,11/19/2011,A,657115,530802,1187917
7791,12/15/2002,U,435253,216394,651647
7792,03/20/2004,A,607378,311130,918508
7793,04/13/2001,W,865706,527116,1392822
7794,09/24/2010,W,966185,750033,1716218
7795,08/31/2009,W,975508,658827,1634335
7796,10/05/2003,U,428277,236860,665137
7797,02/12/2004,W,796644,537211,1333855
7798,09/18/2003,W,1023301,647465,1670766
7799,10/16/2016,U,385574,403090,788664
7800,10/24/2002,W,1014798,642039,1656837
7801,02/25/2002,W,979843,581612,1561455
7802,12/02/2017,A,511676,461699,973375
7803,02/20/2001,W,1035400,610284,1645684
7804,09/22/2019,U,338418,299658,638076
7805,11/15/2018,W,768946,764868,1533814
7806,11/09/2007,W,1038131,658500,1696631
7807,04/24/2005,U,401026,221195,622221
7808,08/28/2002,W,922170,590348,1512518
7809,02/13/2007,W,805441,607127,1412568
7810,01/17/2002,W,968715,598282,1566997
7811,09/08/2016,W,882599,797585,1680184
7812,05/07/2021,W,351011,212194,563205
7813,11/04/2014,W,971255,805374,1776629
7814,04/13/2024,A,412391,281343,693734
7815,04/02/2004,W,1012716,589043,1601759
7816,06/16/2013,U,479896,369569,849465
7817,07/10/2022,U,228764,208566,437330
7818,10/06/2008,W,1166019,698883,1864902
7819,07/12/2018,W,755211,766466,1521677
7820,07/29/2016,W,739138,868062,1607200
7821,01/05/2013,A,549303,356383,905686
7822,07/30/2001,W,908372,586076,1494448
7823,02/03/2003,W,1039918,596186,1636104
7824,01/31/2005,W,992251,583230,1575481
7825,05/02/2022,W,456676,288292,744968
7826,03/14/2020,A,347925,235841,583766
7827,06/04/2005,A,621165,322782,943947
7828,09/03/2006,U,488706,320575,809281
7829,04/14/2005,W,1026667,616143,1642810
7830,01/30/2009,W,1059741,627734,1687475
7831,07/21/2019,U,360488,342739,703227
7832,03/10/2005,W,941999,585359,1527358
7833,06/21/2023,W,495689,401487,897176
7834,08/02/2021,W,374987,259408,634395
7835,02/08/2010,W,1006311,637392,1643703
7836,01/25/2011,W,1006376,680037,1686413
7837,06/14/2022,W,467146,345831,812977
7838,07/20/2014,U,423665,431674,855339
7839,08/23/2004,W,857805,566252,1424057
7840,11/20/2023,W,472022,334103,806125
7841,10/01/2018,W,878697,808415,1687112
7842,05/08/2018,W,841014,781451,1622465
7843,05/05/2003,W,1006467,608082,1614549
7844,05/18/2008,U,518114,248679,766793
7845,08/25/2003,W,850528,561134,1411662
7846,05/27/2016,W,808244,757981,1566225
7847,03/06/2019,W,790908,708876,1499784
7848,06/26/2020,W,275240,130402,405642
7849,01/12/2018,W,730031,643915,1373946
7850,05/19/2011,W,1014161,705964,1720125
7851,01/16/2014,W,927231,765910,1693141
7852,11/06/2013,W,965938,792044,1757982
7853,12/28/2012,W,753950,546312,1300262
7854,01/17/2010,U,437665,251971,689636
7855,04/11/2019,W,771911,746596,1518507
7856,11/03/2023,W,563943,373412,937355
7857,11/18/2006,A,620464,403175,1023639
7858,01/01/2017,U,277926,292472,570398
7859,09/07/2016,W,885587,785121,1670708
7860,03/23/2005,W,837601,544825,1382426
7861,11/19/2007,W,1045626,628079,1673705
7862,12/14/2010,W,888812,623467,1512279
7863,09/06/2011,W,1116811,746632,1863443
7864,09/23/2017,A,499368,464903,964271
7865,02/06/2016,A,522296,423602,945898
7866,06/25/2007,W,922491,619299,1541790
7867,11/28/2016,W,801243,720824,1522067
7868,09/07/2006,W,1043601,726551,1770152
7869,08/31/2017,W,791635,785637,1577272
7870,06/22/2024,A,430009,334791,764800
7871,06/24/2019,W,713826,694599,1408425
7872,11/06/2004,A,647460,331394,978854
7873,05/24/2005,W,1017021,636017,1653038
7874,03/25/2010,W,949845,629016,1578861
7875,04/12/2017,W,754940,757854,1512794
7876,02/13/2013,W,1070447,754178,1824625
7877,12/20/2003,A,564850,289142,853992
7878,04/06/2022,W,470573,327753,798326
7879,09/19/2015,A,558990,557919,1116909
7880,06/17/2003,W,965718,601420,1567138
7881,12/06/2006,W,1015490,629687,1645177
7882,10/20/2005,W,1057585,676430,1734015
7883,07/18/2010,U,453952,378151,832103
7884,03/09/2006,W,979823,627081,1606904
7885,10/22/2016,A,533242,566999,1100241
7886,03/09/2018,W,806152,712092,1518244
7887,12/16/2024,W,551435,342529,893964
7888,02/11/2015,W,966071,770885,1736956
7889,10/14/2013,W,836533,678287,1514820
7890,09/28/2013,A,635517,506929,1142446
7891,08/16/2024,W,526888,392699,919587
7892,09/13/2020,U,183881,104162,288043
7893,09/19/2008,W,1174967,743560,1918527
7894,09/24/2004,W,1036019,622291,1658310
7895,07/30/2007,W,917757,620439,1538196
7896,10/28/2020,W,318538,165838,484376
7897,02/08/2024,W,584729,391355,976084
7898,05/24/2003,A,591523,301068,892591
7899,04/24/2018,W,826998,743776,1570774
7900,06/25/2023,U,258229,295714,553943
7901,04/08/2022,W,398017,301320,699337
7902,08/13/2020,W,313917,150941,464858
7903,08/17/2005,W,909306,590352,1499658
7904,02/07/2009,A,722336,387825,1110161
7905,06/29/2016,W,774728,754918,1529646
7906,01/20/2003,W,604089,375958,980047
7907,01/02/2001,W,780827,501952,1282779
7908,06/24/2018,U,382787,515034,897821
7909,02/25/2017,A,449817,374595,824412
7910,10/26/2005,W,1041390,662049,1703439
7911,06/29/2004,W,911992,643017,1555009
7912,08/05/2003,W,918113,600556,1518669
7913,01/26/2012,W,1052929,739012,1791941
7914,11/02/2013,A,593170,483120,1076290
7915,08/08/2001,W,854367,596163,1450530
7916,09/30/2010,W,1040445,748851,1789296
7917,02/05/2018,W,734272,675368,1409640
7918,03/09/2013,A,619396,404506,1023902
7919,05/21/2012,W,884516,568256,1452772
7920,03/23/2018,W,789868,699928,1489796
7921,08/17/2010,W,909673,659235,1568908
7922,08/15/2021,U,221156,205673,426829
7923,03/08/2007,W,1019684,625383,1645067
7924,03/28/2004,U,377339,215088,592427
7925,03/23/2013,A,609394,425222,1034616
7926,10/30/2006,W,1033777,660257,1694034
7927,12/06/2024,W,559457,371522,930979
7928,04/22/2013,W,1001200,731504,1732704
7929,01/22/2009,W,1082611,657786,1740397
7930,03/22/2006,W,982523,605646,1588169
7931,10/02/2015,W,981039,837159,1818198
7932,07/17/2018,W,768143,739651,1507794
7933,03/28/2017,W,846658,748201,1594859
7934,10/05/2018,W,798129,781321,1579450
7935,06/15/2024,A,421892,329557,751449
7936,09/12/2001,W,931165,588507,1519672
7937,06/03/2021,W,382161,231398,613559
7938,05/30/2024,W,604848,424200,1029048
7939,11/23/2005,W,946475,594581,1541056
7940,05/04/2011,W,1068494,718706,1787200
7941,08/03/2011,W,984399,715612,1700011
7942,09/06/2006,W,1069326,706958,1776284
7943,01/10/2018,W,783008,695123,1478131
7944,03/03/2016,W,882188,764033,1646221
7945,01/09/2006,W,917702,588402,1506104
7946,10/05/2017,W,889166,816694,1705860
7947,06/04/2018,W,820746,726476,1547222
7948,02/22/2004,U,402374,187329,589703
7949,09/03/2020,W,347516,172408,519924
7950,01/31/2014,W,930172,754479,1684651
7951,06/21/2012,W,931983,728067,1660050
7952,10/05/2024,A,431370,318359,749729
7953,12/16/2023,A,321951,230799,552750
7954,04/23/2013,W,922329,715764,1638093
7955,05/13/2010,W,955701,664390,1620091
7956,04/18/2002,W,896865,594280,1491145
7957,11/22/2015,U,356953,338408,695361
7958,09/24/2022,A,320145,265000,585145
7959,12/12/2012,W,999666,720758,1720424
7960,03/01/2011,W,1064543,709683,1774226
7961,03/22/2021,W,319333,164624,483957
7962,10/22/2018,W,841090,769144,1610234
7963,02/18/2024,U,280002,189881,469883
7964,01/26/2022,W,313683,215518,529201
7965,05/20/2021,W,350455,215181,565636
7966,06/06/2017,W,845564,787009,1632573
7967,02/03/2011,W,732420,580480,1312900
7968,10/31/2019,W,698934,693962,1392896
7969,09/05/2013,W,1059826,763277,1823103
7970,11/07/2008,W,1040709,678770,1719479
7971,01/21/2003,W,954156,590827,1544983
7972,01/23/2014,W,825049,715759,1540808
7973,02/18/2004,W,957521,593575,1551096
7974,11/18/2015,W,893671,808901,1702572
7975,03/13/2014,W,940113,785327,1725440
7976,10/30/2015,W,949185,840246,1789431
7977,09/29/2022,W,521049,399396,920445
7978,11/12/2018,W,652992,652215,1305207
7979,02/22/2003,A,529921,276538,806459
7980,03/21/2005,W,849240,544264,1393504
7981,11/13/2020,W,305354,159535,464889
7982,06/25/2009,W,969861,659105,1628966
7983,02/04/2011,W,933210,715546,1648756
7984,02/19/2004,W,971162,601442,1572604
7985,08/30/2011,W,991793,719656,1711449
7986,11/25/2024,W,512387,344627,857014
7987,06/12/2009,W,1067730,722970,1790700
7988,08/01/2005,W,954299,574337,1528636
7989,06/21/2008,A,741561,399150,1140711
7990,03/12/2004,W,942238,580254,1522492
7991,03/16/2011,W,1057440,725095,1782535
7992,06/18/2003,W,897454,587986,1485440
7993,08/01/2022,W,433904,304820,738724
7994,05/24/2020,U,171095,53281,224376
7995,10/27/2005,W,1039411,669962,1709373
7996,12/01/2023,W,513523,339748,853271
7997,08/14/2004,A,659976,359470,1019446
7998,06/11/2017,U,406991,440096,847087
7999,05/04/2009,W,1081915,667219,1749134
8000,10/15/2005,A,670497,376816,1047313
8001,12/05/2015,A,566882,501339,1068221
8002,06/07/2015,U,388946,337748,726694
8003,05/23/2002,W,969174,606199,1575373
8004,09/14/2008,U,399483,231026,630509
8005,06/26/2023,W,445453,323554,769007
8006,12/20/2002,W,984913,565925,1550838
8007,03/11/2022,W,422764,294476,717240
8008,09/22/2007,A,678534,361587,1040121
8009,06/22/2006,W,872019,633021,1505040
8010,07/31/2010,A,657365,450680,1108045
8011,06/05/2023,W,511045,350028,861073
8012,10/23/2018,W,858222,793605,1651827
8013,01/23/2016,A,487975,416999,904974
8014,12/28/2007,W,747807,463830,1211637
8015,02/10/2010,W,939412,645430,1584842
8016,06/03/2009,W,1092082,659178,1751260
8017,01/05/2017,W,611987,629939,1241926
8018,03/17/2008,W,897500,584885,1482385
8019,11/23/2012,W,589493,413384,1002877
8020,12/18/2015,W,846033,738908,1584941
8021,03/27/2013,W,880496,670282,1550778
8022,10/12/2004,W,1049798,636093,1685891
8023,10/11/2019,W,776609,762011,1538620
8024,12/03/2008,W,1115007,658630,1773637
8025,09/17/2014,W,975664,832609,1808273
8026,07/23/2023,U,288305,247161,535466
8027,09/02/2012,U,522696,425857,948553
8028,01/31/2009,A,667780,340757,1008537
8029,05/18/2024,A,430341,315833,746174
8030,03/09/2011,W,1014632,697366,1711998
8031,12/23/2024,W,425982,267754,693736
8032,04/11/2007,W,921761,585857,1507618
8033,09/18/2006,W,1037929,688531,1726460
8034,07/20/2018,W,721413,762815,1484228
8035,09/21/2021,W,452211,319330,771541
8036,11/21/2001,W,988420,589664,1578084
8037,02/27/2016,A,536678,455421,992099
8038,06/18/2009,W,970757,684946,1655703
8039,09/28/2008,U,508469,280560,789029
8040,10/21/2008,W,1158146,701303,1859449
8041,05/02/2012,W,1060720,754536,1815256
8042,01/08/2001,W,985221,590706,1575927
8043,03/14/2001,W,1025283,619417,1644700
8044,09/20/2002,W,1019280,626196,1645476
8045,10/01/2020,W,336911,173387,510298
8046,01/10/2010,U,372942,216331,589273
8047,12/17/2024,W,582711,391307,974018
8048,04/29/2015,W,934550,793551,1728101
8049,12/24/2019,W,462098,310604,772702
8050,03/26/2002,W,938869,571086,1509955
8051,12/04/2020,W,297160,144348,441508
8052,02/10/2020,W,799851,694168,1494019
8053,10/27/2013,U,413217,346467,759684
8054,02/19/2009,W,1004978,639414,1644392
8055,07/01/2017,A,514092,488429,1002521
8056,11/02/2009,W,1099218,681759,1780977
8057,04/26/2017,W,838762,757859,1596621
8058,07/08/2022,W,414527,323371,737898
8059,07/22/2007,U,480317,266827,747144
8060,05/17/2004,W,961334,567520,1528854
8061,04/16/2010,W,1005953,706984,1712937
8062,04/16/2015,W,890058,791213,1681271
8063,08/25/2016,W,775862,737801,1513663
8064,05/02/2003,W,1039212,616460,1655672
8065,08/22/2018,W,747818,711067,1458885
8066,01/21/2016,W,873177,766262,1639439
8067,04/13/2020,W,199679,79074,278753
8068,04/14/2008,W,1088485,635754,1724239
8069,02/13/2024,W,598961,395880,994841
8070,05/09/2009,A,674760,343099,1017859
8071,05/29/2008,W,1090598,653634,1744232
8072,10/03/2018,W,910415,829500,1739915
8073,03/01/2009,U,385236,219552,604788
8074,09/11/2015,W,924272,872323,1796595
8075,03/18/2005,W,1017219,593449,1610668
8076,09/02/2003,W,1025978,648864,1674842
8077,03/03/2012,A,624519,416704,1041223
8078,01/23/2006,W,976988,626292,1603280
8079,02/06/2006,W,986048,612106,1598154
8080,04/01/2015,W,974353,784085,1758438
8081,11/23/2009,W,1073100,665885,1738985
8082,12/30/2022,W,364899,243067,607966
8083,10/21/2009,W,1110910,714863,1825773
8084,08/05/2013,W,885007,688747,1573754
8085,05/11/2015,W,869148,743353,1612501
8086,11/08/2009,U,512125,297504,809629
8087,10/18/2007,W,1056395,666975,1723370
8088,11/09/2024,A,391070,288855,679925
8089,09/11/2020,W,323815,172643,496458
8090,04/26/2016,W,862743,782134,1644877
8091,07/07/2003,W,852771,569437,1422208
8092,10/13/2020,W,334145,170998,505143
8093,09/12/2024,W,637736,454382,1092118
8094,12/02/2013,W,966367,745892,1712259
8095,08/06/2012,W,930469,718004,1648473
8096,12/17/2004,W,978842,572764,1551606
8097,12/26/2011,U,463630,297972,761602
8098,01/12/2012,W,950402,715474,1665876
8099,06/08/2011,W,1027909,731488,1759397
8100,07/22/2001,U,379766,200473,580239
8101,04/08/2024,W,560623,352426,913049
8102,09/09/2017,A,511569,488232,999801
8103,04/07/2020,W,202629,90824,293453
8104,10/17/2011,W,1060560,752887,1813447
8105,10/15/2020,W,323424,172888,496312
8106,02/11/2006,A,601208,327796,929004
8107,03/02/2021,W,308998,156140,465138
8108,12/10/2007,W,1036018,597674,1633692
8109,06/06/2009,A,676207,368951,1045158
8110,04/16/2009,W,1082379,692868,1775247
8111,01/01/2006,U,287126,203291,490417
8112,08/06/2015,W,825012,795399,1620411
8113,03/30/2009,W,1044468,628992,1673460
8114,12/19/2007,W,1027855,587683,1615538
8115,05/28/2014,W,905284,751880,1657164
8116,03/28/2007,W,981180,608639,1589819
8117,04/01/2010,W,949879,673448,1623327
8118,05/13/2009,W,979697,640084,1619781
8119,04/09/2007,W,1002171,601020,1603191
8120,05/17/2022,W,479630,337079,816709
8121,03/28/2013,W,893443,679530,1572973
8122,07/25/2007,W,939278,626658,1565936
8123,05/06/2017,A,502922,460695,963617
8124,06/26/2003,W,833307,600660,1433967
8125,12/28/2002,A,528087,236606,764693
8126,08/10/2024,A,429880,355517,785397
8127,11/20/2003,W,1006072,638332,1644404
8128,03/24/2008,W,1001268,570762,1572030
8129,03/28/2023,W,521594,365749,887343
8130,01/24/2005,W,957377,580140,1537517
8131,08/28/2003,W,857707,578781,1436488
8132,09/21/2004,W,1050001,632360,1682361
8133,03/28/2021,U,171037,101679,272716
8134,08/16/2019,W,699501,675393,1374894
8135,09/26/2001,W,1028542,639258,1667800
8136,03/02/2009,W,866001,570796,1436797
8137,09/03/2024,W,654167,437190,1091357
8138,04/22/2003,W,964240,617403,1581643
8139,08/04/2021,W,401665,271469,673134
8140,12/11/2005,U,384544,223869,608413
8141,06/15/2014,U,410273,388603,798876
8142,07/05/2009,U,507244,364973,872217
8143,08/28/2016,U,395954,343853,739807
8144,11/27/2019,W,669245,576379,1245624
8145,03/24/2005,W,848267,544242,1392509
8146,08/25/2006,W,895640,645738,1541378
8147,01/03/2019,W,664442,627781,1292223
8148,08/06/2010,W,947220,791899,1739119
8149,06/22/2007,W,915690,623048,1538738
8150,06/29/2012,W,925177,734451,1659628
8151,09/13/2013,W,1036536,803298,1839834
8152,09/02/2020,W,335025,167989,503014
8153,08/23/2024,W,519640,368235,887875
8154,06/14/2001,W,891710,602538,1494248
8155,09/16/2006,A,651694,421692,1073386
8156,04/12/2003,A,602670,321354,924024
8157,04/01/2002,W,971162,566861,1538023
8158,07/25/2010,U,472911,351173,824084
8159,04/04/2010,U,400341,234963,635304
8160,11/07/2024,W,644506,450680,1095186
8161,04/25/2001,W,977794,609447,1587241
8162,01/22/2016,W,841282,745168,1586450
8163,05/05/2010,W,1033684,692081,1725765
8164,02/06/2004,W,937566,572957,1510523
8165,02/26/2010,W,999789,649111,1648900
8166,03/08/2006,W,982979,623290,1606269
8167,08/23/2014,A,517416,459047,976463
8168,04/03/2018,W,816056,720417,1536473
8169,06/15/2023,W,482965,398441,881406
8170,07/09/2006,U,443095,313512,756607
8171,04/22/2022,W,414144,295319,709463
8172,12/05/2022,W,473036,301290,774326
8173,07/21/2003,W,883219,578363,1461582
8174,03/29/2016,W,891134,766072,1657206
8175,03/27/2007,W,1010067,606509,1616576
8176,05/20/2005,W,1028933,625628,1654561
8177,11/25/2017,A,425522,369396,794918
8178,01/15/2022,A,201975,153357,355332
8179,08/01/2019,W,763703,795333,1559036
8180,12/14/2014,U,418122,357042,775164
8181,02/03/2021,W,315672,152303,467975
8182,01/22/2024,W,518106,336751,854857
8183,07/16/2004,W,898626,610788,1509414
8184,05/08/2016,U,393146,357946,751092
8185,03/25/2021,W,316190,168278,484468
8186,11/26/2003,W,930556,579257,1509813
8187,10/01/2010,W,1095244,742857,1838101
8188,07/07/2008,W,990782,608485,1599267
8189,04/29/2019,W,729815,673476,1403291
8190,08/15/2016,W,718167,688590,1406757
8191,11/04/2023,A,401704,280222,681926
8192,10/18/2005,W,1071110,669214,1740324
8193,03/01/2002,W,973482,593596,1567078
8194,10/23/2013,W,993612,797121,1790733
8195,01/01/2022,A,115581,116473,232054
8196,03/13/2019,W,785256,727150,1512406
8197,09/30/2013,W,1007775,765034,1772809
8198,04/17/2002,W,892185,593532,1485717
8199,08/12/2020,W,313739,146680,460419
8200,11/21/2008,W,1087614,657879,1745493
8201,12/02/2010,W,1008349,688764,1697113
8202,09/27/2004,W,1027685,636750,1664435
8203,09/01/2019,U,379610,357032,736642
8204,10/16/2014,W,959217,848014,1807231
8205,10/27/2020,W,299100,158973,458073
8206,11/15/2010,W,1013081,704470,1717551
8207,04/09/2018,W,773663,708735,1482398
8208,01/31/2019,W,282336,243912,526248
8209,09/29/2017,W,898739,811721,1710460
8210,01/23/2011,U,375396,253697,629093
8211,04/29/2020,W,205453,74942,280395
8212,11/24/2006,W,628700,393228,1021928
8213,07/17/2001,W,920250,625940,1546190
8214,04/15/2022,W,367610,276605,644215
8215,08/01/2017,W,789859,773470,1563329
8216,07/15/2024,W,514909,360359,875268
8217,01/23/2019,W,764136,718899,1483035
8218,11/14/2009,A,694924,410234,1105158
8219,05/12/2005,W,976440,605243,1581683
8220,12/03/2023,U,268845,172945,441790
8221,11/23/2020,W,283365,138635,422000
8222,01/05/2023,W,384238,292708,676946
8223,02/01/2014,A,497989,405961,903950
8224,09/21/2018,W,829287,806274,1635561
8225,04/29/2008,W,1091930,652034,1743964
8226,01/25/2006,W,980770,634664,1615434
8227,11/18/2001,U,414683,201199,615882
8228,04/24/2015,W,912926,782626,1695552
8229,07/16/2022,A,306271,295499,601770
8230,12/12/2011,W,988026,673314,1661340
8231,10/08/2010,W,1060557,753053,1813610
8232,01/09/2020,W,758063,679244,1437307
8233,04/20/2022,W,453943,322677,776620
8234,10/06/2015,W,967808,831137,1798945
8235,03/28/2009,A,582316,331568,913884
8236,09/09/2011,W,1049654,754824,1804478
8237,07/27/2016,W,789537,831925,1621462
8238,04/13/2019,A,473087,417501,890588
8239,11/02/2017,W,864434,794788,1659222
8240,09/23/2024,W,613582,407176,1020758
8241,06/01/2022,W,496766,346924,843690
8242,02/08/2006,W,977974,629155,1607129
8243,03/30/2001,W,978244,590403,1568647
8244,02/10/2012,W,982329,715473,1697802
8245,08/08/2013,W,912994,702001,1614995
8246,02/28/2003,W,1011530,597504,1609034
8247,09/07/2014,U,427686,395246,822932
8248,06/18/2004,W,945720,600582,1546302
8249,03/27/2008,W,986130,588572,1574702
8250,08/27/2024,W,583649,409119,992768
8251,02/19/2011,A,675487,431010,1106497
8252,09/21/2014,U,417931,387673,805604
8253,10/30/2010,A,653147,447410,1100557
8254,03/25/2016,W,722960,650870,1373830
8255,10/29/2007,W,1049394,639837,1689231
8256,06/18/2002,W,996706,619540,1616246
8257,02/07/2020,W,778480,676805,1455285
8258,11/16/2024,A,399551,316374,715925
8259,10/29/2020,W,304342,165360,469702
8260,07/17/2016,U,372190,409174,781364
8261,12/10/2019,W,770888,697269,1468157
8262,09/15/2006,W,1060398,729995,1790393
8263,11/08/2007,W,1058758,663386,1722144
8264,04/22/2018,U,348195,294515,642710
8265,04/22/2009,W,1040599,679753,1720352
8266,04/03/2004,A,633629,304787,938416
8267,07/14/2011,W,963077,746693,1709770
8268,01/12/2001,W,1018985,605252,1624237
8269,06/11/2012,W,985578,726731,1712309
8270,04/10/2013,W,960903,717466,1678369
8271,12/19/2012,W,965895,691879,1657774
8272,06/16/2023,W,453530,361553,815083
8273,01/23/2004,W,903734,550366,1454100
8274,02/12/2010,W,886702,608456,1495158
8275,12/18/2019,W,734493,658439,1392932
8276,04/22/2023,A,329493,240134,569627
8277,12/18/2002,W,939870,571921,1511791
8278,04/24/2013,W,952859,736305,1689164
8279,07/25/2023,W,508517,383391,891908
8280,11/19/2018,W,803920,740162,1544082
8281,04/23/2023,U,245927,174185,420112
8282,07/02/2007,W,955129,644079,1599208
8283,10/13/2002,U,407917,323103,731020
8284,04/08/2012,U,429398,289618,719016
8285,10/20/2009,W,1095869,709084,1804953
8286,04/12/2008,A,664161,302616,966777
8287,08/02/2024,W,540073,474521,1014594
8288,06/24/2002,W,884749,597643,1482392
8289,01/03/2013,W,857744,620104,1477848
8290,06/14/2011,W,1009778,739810,1749588
8291,02/05/2023,U,228506,147681,376187
8292,12/22/2006,W,906201,529373,1435574
8293,02/24/2012,W,989267,712507,1701774
8294,08/18/2022,W,447149,343155,790304
8295,06/22/2021,W,376511,256084,632595
8296,02/09/2008,A,627412,319751,947163
8297,09/06/2002,W,1082951,634809,1717760
8298,11/15/2005,W,1001890,644740,1646630
8299,03/09/2009,W,1073249,638209,1711458
8300,11/29/2015,U,365314,312990,678304
8301,05/21/2016,A,513934,460385,974319
8302,04/02/2016,A,492072,406616,898688
8303,05/14/2001,W,963027,581644,1544671
8304,04/11/2010,U,440552,289141,729693
8305,11/25/2018,U,285466,246992,532458
8306,09/22/2016,W,897609,814897,1712506
8307,11/01/2008,A,734026,385865,1119891
8308,10/18/2008,A,766941,425998,1192939
8309,10/19/2020,W,300842,158006,458848
8310,07/24/2013,W,928256,713067,1641323
8311,01/08/2013,W,975824,687261,1663085
8312,04/22/2019,W,767623,692515,1460138
8313,08/10/2022,W,455381,346182,801563
8314,10/01/2003,W,1051684,644239,1695923
8315,05/14/2016,A,497514,455838,953352
8316,09/09/2003,W,1030074,632686,1662760
8317,11/13/2002,W,1035982,635224,1671206
8318,08/09/2007,W,921233,610768,1532001
8319,08/15/2003,W,873580,602111,1475691
8320,12/20/2011,W,951363,656796,1608159
8321,04/24/2014,W,893970,794395,1688365
8322,05/09/2006,W,1004081,650430,1654511
8323,08/26/2023,A,361538,273589,635127
8324,06/07/2003,A,634650,354198,988848
8325,11/21/2007,W,933046,578739,1511785
8326,11/24/2015,W,898177,805812,1703989
8327,07/06/2021,W,378230,255296,633526
8328,02/11/2020,W,819275,717350,1536625
8329,03/31/2010,W,901476,645780,1547256
8330,06/01/2021,W,349451,221402,570853
8331,12/03/2010,W,985527,691211,1676738
8332,09/21/2017,W,859255,788217,1647472
8333,09/07/2018,W,814560,796057,1610617
8334,02/04/2024,U,274654,168339,442993
8335,09/25/2016,U,394810,380403,775213
8336,05/30/2006,W,945888,632333,1578221
8337,11/19/2023,U,278346,201431,479777
8338,10/31/2018,W,840619,776366,1616985
8339,08/14/2012,W,952867,719794,1672661
8340,04/15/2015,W,904861,796244,1701105
8341,06/29/2014,U,428350,534327,962677
8342,09/21/2022,W,537697,392818,930515
8343,05/10/2021,W,317899,175820,493719
8344,08/16/2011,W,945179,688071,1633250
8345,06/02/2004,W,995228,605193,1600421
8346,10/18/2003,A,633461,362376,995837
8347,04/21/2019,U,330270,276935,607205
8348,02/18/2017,A,512205,447059,959264
8349,07/14/2015,W,836909,760527,1597436
8350,07/04/2002,U,441126,279204,720330
8351,06/13/2009,A,619909,429667,1049576
8352,02/01/2006,W,1035412,641676,1677088
8353,06/24/2021,W,345186,240440,585626
8354,04/14/2020,W,196277,79616,275893
8355,08/25/2007,A,660678,362365,1023043
8356,07/09/2015,W,856253,834100,1690353
8357,12/08/2009,W,1031237,661097,1692334
8358,11/02/2024,A,410559,281277,691836
8359,08/18/2001,A,569201,296970,866171
8360,10/07/2017,A,484231,469808,954039
8361,02/14/2024,W,595347,397294,992641
8362,03/20/2005,U,416015,208726,624741
8363,03/10/2022,W,444721,310435,755156
8364,09/09/2024,W,618371,405350,1023721
8365,11/16/2016,W,884662,801320,1685982
8366,07/17/2011,U,487492,390269,877761
8367,06/23/2011,W,918605,692002,1610607
8368,10/18/2024,W,627426,413404,1040830
8369,11/17/2013,U,343928,316525,660453
8370,08/28/2014,W,867478,773821,1641299
8371,12/21/2016,W,770713,665402,1436115
8372,12/16/2013,W,856591,697993,1554584
8373,07/05/2019,W,593204,492198,1085402
8374,09/20/2016,W,895184,826518,1721702
8375,02/25/2011,W,1015416,691267,1706683
8376,05/14/2018,W,742924,686671,1429595
8377,05/16/2024,W,601542,434466,1036008
8378,11/07/2005,W,1060057,648893,1708950
8379,10/21/2013,W,972502,778456,1750958
8380,06/22/2010,W,916810,666558,1583368
8381,12/07/2013,A,523861,455354,979215
8382,07/28/2008,W,996509,622637,1619146
8383,10/28/2016,W,894311,918735,1813046
8384,07/08/2006,A,625575,423300,1048875
8385,02/09/2015,W,936475,750136,1686611
8386,12/23/2009,W,778855,498841,1277696
8387,08/15/2014,W,820884,749693,1570577
8388,07/13/2002,A,624850,324416,949266
8389,03/06/2012,W,1084176,744478,1828654
8390,01/10/2021,U,145412,71867,217279
8391,06/17/2016,W,832088,818467,1650555
8392,01/23/2022,U,149802,112997,262799
8393,07/08/2017,A,517165,518674,1035839
8394,12/15/2014,W,871449,725989,1597438
8395,09/27/2006,W,1035426,690413,1725839
8396,04/05/2001,W,973118,606535,1579653
8397,03/29/2010,W,852199,601592,1453791
8398,09/29/2024,U,312714,246922,559636
8399,09/25/2018,W,843206,813982,1657188
8400,07/24/2010,A,571189,416540,987729
8401,05/12/2011,W,1026861,739195,1766056
8402,09/23/2019,W,832762,766712,1599474
8403,07/02/2017,U,398108,364979,763087
8404,05/12/2016,W,849532,775198,1624730
8405,03/09/2005,W,996362,598004,1594366
8406,06/12/2003,W,969572,604883,1574455
8407,07/23/2006,U,446438,284632,731070
8408,12/20/2014,A,537820,436322,974142
8409,01/24/2015,A,538766,415123,953889
8410,07/07/2007,A,640418,398525,1038943
8411,01/26/2013,A,560544,393542,954086
8412,04/24/2009,W,1084984,679180,1764164
8413,02/18/2006,A,450578,265649,716227
8414,09/11/2005,U,460444,257201,717645
8415,09/17/2023,U,252015,219746,471761
8416,06/07/2018,W,821694,798516,1620210
8417,04/14/2013,U,450337,351742,802079
8418,06/26/2008,W,1052301,685526,1737827
8419,03/01/2006,W,1020267,627527,1647794
8420,02/01/2020,A,449112,325925,775037
8421,12/03/2006,U,375419,224761,600180
8422,08/15/2020,A,215071,107720,322791
8423,01/01/2013,U,338644,276167,614811
8424,04/06/2007,W,822387,508529,1330916
8425,03/21/2015,A,566447,447493,1013940
8426,07/15/2013,W,904464,683553,1588017
8427,03/08/2010,W,1013812,651269,1665081
8428,06/13/2016,W,827684,760210,1587894
8429,05/10/2016,W,827322,761469,1588791
8430,02/01/2001,W,1054608,615268,1669876
8431,11/02/2004,W,913103,577460,1490563
8432,01/19/2019,A,337080,312424,649504
8433,02/11/2024,U,277432,165836,443268
8434,07/21/2021,W,392548,274123,666671
8435,01/26/2003,U,335046,168783,503829
8436,11/25/2022,W,305747,216040,521787
8437,11/10/2022,W,534931,396488,931419
8438,08/01/2004,U,455048,251600,706648
8439,01/29/2009,W,1040926,648114,1689040
8440,05/28/2023,U,273385,247157,520542
8441,03/08/2016,W,902888,781301,1684189
8442,05/28/2012,U,463763,362808,826571
8443,04/20/2016,W,774694,745040,1519734
8444,12/04/2008,W,1063682,651130,1714812
8445,08/25/2019,U,395847,327749,723596
8446,12/24/2024,W,341225,181487,522712
8447,06/29/2006,W,899339,667597,1566936
8448,06/04/2014,W,879397,762035,1641432
8449,07/13/2008,U,553236,291565,844801
8450,03/08/2003,A,550093,274523,824616
8451,07/12/2021,W,363268,237710,600978
8452,06/18/2005,A,636265,346258,982523
8453,08/29/2005,W,921906,612444,1534350
8454,06/10/2017,A,525084,558726,1083810
8455,10/16/2002,W,1036205,645880,1682085
8456,04/23/2008,W,1055157,650232,1705389
8457,10/31/2022,W,454862,318942,773804
8458,01/06/2013,U,399770,264957,664727
8459,05/31/2019,W,817633,738322,1555955
8460,12/12/2015,A,541305,491199,1032504
8461,03/16/2002,A,615103,342098,957201
8462,04/07/2003,W,873605,565391,1438996
8463,07/27/2011,W,926794,697817,1624611
8464,11/24/2008,W,1060943,638066,1699009
8465,09/26/2020,A,239686,136388,376074
8466,11/05/2017,U,359176,312232,671408
8467,03/20/2024,W,584856,392077,976933
8468,08/25/2024,U,325668,239814,565482
8469,11/30/2022,W,471180,342095,813275
8470,01/05/2007,W,862748,569322,1432070
8471,10/13/2015,W,947941,873747,1821688
8472,03/02/2013,A,641791,407706,1049497
8473,03/09/2012,W,1037776,718371,1756147
8474,03/26/2015,W,925361,736687,1662048
8475,05/03/2011,W,1063059,708526,1771585
8476,10/30/2017,W,837676,753860,1591536
8477,03/24/2009,W,1023641,616038,1639679
8478,03/28/2010,U,413535,260956,674491
8479,12/02/2012,U,484623,350433,835056
8480,03/02/2006,W,986927,620235,1607162
8481,04/05/2015,U,393690,327292,720982
8482,12/17/2011,A,615724,436091,1051815
8483,10/11/2010,W,824834,627449,1452283
8484,06/18/2022,A,316980,307051,624031
8485,07/15/2015,W,859672,775047,1634719
8486,12/27/2017,W,466856,416016,882872
8487,08/02/2017,W,771256,811636,1582892
8488,12/25/2010,U,233266,128261,361527
8489,10/15/2022,A,325294,272080,597374
8490,03/20/2008,W,955273,600735,1556008
8491,12/13/2001,W,990166,610845,1601011
8492,02/02/2022,W,252363,189573,441936
8493,12/15/2008,W,899917,564467,1464384
8494,03/14/2019,W,777417,726502,1503919
8495,01/10/2012,W,1019667,698468,1718135
8496,02/03/2015,W,947457,806148,1753605
8497,07/08/2013,W,863581,664506,1528087
8498,12/13/2006,W,1020619,640224,1660843
8499,04/10/2016,U,345627,301954,647581
8500,09/21/2015,W,935471,837061,1772532
8501,02/22/2015,U,378733,299663,678396
8502,09/07/2010,W,1067665,723135,1790800
8503,08/20/2024,W,521241,361335,882576
8504,02/03/2002,U,401958,180019,581977
8505,10/08/2015,W,959798,851423,1811221
8506,04/30/2016,A,474138,416588,890726
8507,09/01/2015,W,909864,799606,1709470
8508,09/17/2007,W,1080112,675627,1755739
8509,04/14/2018,A,417189,374923,792112
8510,01/07/2004,W,851011,536299,1387310
8511,07/30/2022,A,304052,327388,631440
8512,06/11/2006,U,424510,267884,692394
8513,12/28/2021,W,267102,174336,441438
8514,07/03/2009,U,791721,711335,1503056
8515,02/02/2018,W,706351,657689,1364040
8516,02/26/2002,W,933204,587918,1521122
8517,05/12/2023,W,481927,328362,810289
8518,09/14/2019,A,498571,487396,985967
8519,06/24/2013,W,920436,699721,1620157
8520,05/22/2021,A,265066,188124,453190
8521,06/26/2017,W,738507,722154,1460661
8522,01/07/2009,W,991858,606481,1598339
8523,04/16/2007,W,1057373,622244,1679617
8524,07/27/2008,U,520244,291389,811633
8525,12/04/2014,W,939372,804113,1743485
8526,02/08/2022,W,431086,280312,711398
8527,06/02/2021,W,356620,222827,579447
8528,09/03/2003,W,1059974,650319,1710293
8529,09/02/2011,W,1001837,741985,1743822
8530,09/20/2023,W,599268,447165,1046433
8531,12/13/2012,W,999296,727540,1726836
8532,06/08/2004,W,985865,627174,1613039
8533,04/05/2022,W,482775,326164,808939
8534,02/01/2018,W,824632,724399,1549031
8535,09/05/2019,W,853186,800432,1653618
8536,08/16/2022,W,445900,335456,781356
8537,10/14/2024,W,486971,384342,871313
8538,04/25/2014,W,936028,797851,1733879
8539,09/18/2020,W,329339,179021,508360
8540,04/08/2003,W,947482,599769,1547251
8541,02/01/2005,W,1050914,598684,1649598
8542,12/22/2022,W,334740,211520,546260
8543,10/22/2017,U,344543,320608,665151
8544,04/19/2022,W,461501,324667,786168
8545,08/09/2018,W,725134,727089,1452223
8546,04/13/2011,W,1040300,721206,1761506
8547,02/06/2023,W,489061,304675,793736
8548,10/22/2006,U,389726,375938,765664
8549,05/16/2001,W,995884,627978,1623862
8550,11/16/2001,W,1046467,623566,1670033
8551,08/25/2020,W,306720,156020,462740
8552,02/17/2014,W,695931,594339,1290270
8553,07/10/2002,W,941513,591208,1532721
8554,03/26/2005,A,550378,266697,817075
8555,06/18/2021,W,362823,272803,635626
8556,06/20/2011,W,863375,666828,1530203
8557,04/10/2009,W,866040,562197,1428237
8558,11/28/2006,W,1030255,648239,1678494
8559,12/31/2009,W,750868,461311,1212179
8560,12/12/2024,W,481459,350852,832311
8561,06/10/2023,A,379556,320326,699882
8562,04/28/2005,W,945137,604452,1549589
8563,09/23/2012,U,494049,373413,867462
8564,12/09/2023,A,369433,283097,652530
8565,05/02/2011,W,1040468,694159,1734627
8566,09/20/2005,W,1091052,685957,1777009
8567,11/18/2023,A,348044,315864,663908
8568,04/04/2022,W,457452,291019,748471
8569,01/20/2002,U,374069,180903,554972
8570,12/13/2018,W,804783,738003,1542786
8571,08/19/2003,W,853603,577418,1431021
8572,03/12/2014,W,868232,746895,1615127
8573,06/25/2017,U,390267,513970,904237
8574,10/21/2002,W,1057968,632256,1690224
8575,06/03/2004,W,1037077,597741,1634818
8576,12/30/2003,W,725126,474545,1199671
8577,07/15/2001,U,420137,241827,661964
8578,07/16/2023,U,281420,234238,515658
8579,10/29/2012,W,1035050,759113,1794163
8580,04/24/2008,W,1021163,649514,1670677
8581,01/29/2016,W,863548,751090,1614638
8582,01/14/2017,A,429614,363554,793168
8583,09/24/2002,W,1055580,664958,1720538
8584,02/03/2019,U,322488,250724,573212
8585,01/20/2016,W,856911,758524,1615435
8586,11/01/2023,W,576336,410084,986420
8587,03/11/2017,A,459826,493451,953277
8588,03/27/2003,W,969195,593676,1562871
8589,07/26/2007,W,919288,624338,1543626
8590,01/07/2011,W,927173,622084,1549257
8591,12/25/2016,U,199220,131542,330762
8592,12/16/2010,W,919713,644539,1564252
8593,01/11/2007,W,967218,602194,1569412
8594,07/08/2001,U,439513,256208,695721
8595,10/04/2008,A,778642,387182,1165824
8596,04/02/2001,W,1023629,611098,1634727
8597,06/15/2003,U,421515,221822,643337
8598,01/04/2020,A,409243,306656,715899
8599,01/15/2011,A,567710,355580,923290
8600,02/15/2015,U,336299,276160,612459
8601,01/27/2023,W,435531,290048,725579
8602,05/23/2016,W,839566,748976,1588542
8603,04/21/2015,W,931681,779658,1711339
8604,09/22/2011,W,1076129,770485,1846614
8605,05/24/2016,W,854725,767439,1622164
8606,01/18/2013,W,995226,721526,1716752
8607,09/05/2012,W,1081742,778985,1860727
8608,01/09/2021,A,205370,101095,306465
8609,05/17/2015,U,415263,373832,789095
8610,01/11/2017,W,803730,714551,1518281
8611,06/10/2010,W,1019373,707755,1727128
8612,06/21/2017,W,758596,776244,1534840
8613,02/07/2010,U,417214,248644,665858
8614,05/19/2008,W,1076847,614865,1691712
8615,06/20/2002,W,975703,628191,1603894
8616,01/06/2020,W,750349,659521,1409870
8617,05/15/2013,W,995042,758657,1753699
8618,12/23/2012,U,486169,281962,768131
8619,01/21/2022,W,360918,227754,588672
8620,05/20/2003,W,966295,594508,1560803
8621,03/12/2005,A,581761,317998,899759
8622,01/08/2015,W,558275,579994,1138269
8623,10/04/2001,W,902598,649681,1552279
8624,03/13/2004,A,587662,342986,930648
8625,06/18/2001,W,909937,590688,1500625
8626,12/08/2017,W,805911,739840,1545751
8627,01/24/2004,A,521800,263571,785371
8628,01/21/2023,A,285487,196802,482289
8629,08/16/2017,W,739357,734845,1474202
8630,07/05/2018,W,652746,615715,1268461
8631,07/07/2001,A,599172,347374,946546
8632,09/27/2010,W,1030264,725559,1755823
8633,07/04/2021,U,214496,167760,382256
8634,02/18/2022,W,383850,268927,652777
8635,06/27/2012,W,957566,751428,1708994
8636,04/11/2002,W,1036014,629240,1665254
8637,11/01/2016,W,931276,815318,1746594
8638,08/02/2009,U,541877,324804,866681
8639,12/28/2022,W,321472,212073,533545
8640,07/28/2020,W,314899,153221,468120
8641,10/31/2002,W,1000155,635297,1635452
8642,01/14/2018,U,291206,245376,536582
8643,03/15/2009,U,484927,286972,771899
8644,12/04/2017,W,855387,739950,1595337
8645,09/20/2012,W,1087075,814328,1901403
8646,07/29/2012,U,488506,374441,862947
8647,01/31/2002,W,879895,602988,1482883
8648,02/27/2018,W,846696,743269,1589965
8649,05/27/2017,A,492255,462129,954384
8650,02/16/2024,W,533701,325332,859033
8651,07/27/2010,W,935330,670382,1605712
8652,08/29/2013,W,1048608,759088,1807696
8653,10/14/2007,U,452914,234730,687644
8654,05/03/2001,W,1065048,634792,1699840
8655,12/28/2020,W,259552,125317,384869
8656,08/28/2010,A,678949,458504,1137453
8657,06/21/2005,W,889907,606210,1496117
8658,02/23/2013,A,597852,403004,1000856
8659,01/02/2008,W,699149,471241,1170390
8660,03/04/2007,U,400292,214735,615027
8661,01/19/2014,U,372608,316288,688896
8662,01/28/2017,A,439479,382131,821610
8663,10/19/2009,W,1094468,697391,1791859
8664,01/28/2001,U,368819,174434,543253
8665,04/09/2022,A,283129,232566,515695
8666,11/20/2008,W,1085367,670667,1756034
8667,04/04/2017,W,873844,763221,1637065
8668,12/06/2023,W,572732,389802,962534
8669,05/21/2006,U,423940,258770,682710
8670,09/25/2012,W,1093445,787595,1881040
8671,09/12/2017,W,883298,813900,1697198
8672,09/09/2007,U,484803,266371,751174
8673,10/17/2001,W,1036702,641266,1677968
8674,12/13/2019,W,788504,704438,1492942
8675,02/20/2004,W,933678,580459,1514137
8676,08/16/2008,A,748347,414784,1163131
8677,10/13/2010,W,1024910,726372,1751282
8678,01/22/2015,W,903230,761705,1664935
8679,07/24/2008,W,1062708,695993,1758701
8680,01/02/2006,U,360273,215920,576193
8681,04/10/2017,W,695555,708408,1403963
8682,12/01/2004,W,1032681,614286,1646967
8683,04/28/2018,A,480130,426851,906981
8684,11/18/2008,W,1093821,666335,1760156
8685,05/18/2003,U,403043,207860,610903
8686,10/06/2024,U,336190,248486,584676
8687,12/17/2019,W,765207,678194,1443401
8688,03/18/2014,W,959483,782899,1742382
8689,02/20/2002,W,986615,601360,1587975
8690,07/27/2018,W,729506,741794,1471300
8691,07/06/2023,W,495284,375201,870485
8692,07/11/2010,U,441707,304804,746511
8693,01/22/2008,W,992432,615285,1607717
8694,03/31/2021,W,313521,168955,482476
8695,01/20/2023,W,457848,296350,754198
8696,10/23/2014,W,949675,829088,1778763
8697,12/12/2022,W,461205,309804,771009
8698,04/15/2016,W,881603,806015,1687618
8699,05/08/2005,U,441575,242829,684404
8700,10/15/2017,U,362392,335609,698001
8701,02/23/2002,A,629609,292764,922373
8702,11/07/2002,W,1065889,664817,1730706
8703,09/15/2021,W,472623,329295,801918
8704,03/19/2002,W,990801,590290,1581091
8705,08/07/2016,U,398288,355693,753981
8706,05/19/2024,U,329129,250996,580125
8707,10/27/2021,W,475784,327121,802905
8708,12/24/2002,W,621673,319916,941589
8709,02/17/2018,A,438472,383764,822236
8710,08/16/2020,U,172492,89599,262091
8711,07/18/2019,W,681127,699545,1380672
8712,11/27/2010,A,517892,340136,858028
8713,01/09/2002,W,985622,591671,1577293
8714,11/02/2010,W,1053066,711219,1764285
8715,05/10/2007,W,1065947,654856,1720803
8716,10/10/2010,U,453193,489078,942271
8717,06/06/2011,W,1026379,723353,1749732
8718,08/11/2005,W,859482,588881,1448363
8719,09/16/2003,W,1033950,663607,1697557
8720,09/29/2010,W,1044807,734953,1779760
8721,06/21/2010,W,868542,626192,1494734
8722,11/01/2011,W,1098741,762893,1861634
8723,05/22/2023,W,499608,333292,832900
8724,01/28/2016,W,877280,771161,1648441
8725,01/07/2022,W,246042,172216,418258
8726,07/20/2019,A,466646,419897,886543
8727,09/14/2020,W,314508,159479,473987
8728,04/24/2021,A,234939,149135,384074
8729,02/29/2016,W,862380,742972,1605352
8730,12/03/2009,W,1098849,686030,1784879
8731,03/25/2019,W,761448,666862,1428310
8732,04/19/2013,W,959757,718526,1678283
8733,02/05/2010,W,1047904,641303,1689207
8734,12/17/2020,W,273791,139375,413166
8735,07/04/2019,U,386135,354474,740609
8736,02/05/2017,U,351708,282731,634439
8737,10/27/2019,U,390090,314740,704830
8738,05/06/2015,W,951886,789988,1741874
8739,07/14/2017,W,748691,762728,1511419
8740,10/20/2022,W,507374,383470,890844
8741,02/21/2022,W,330376,219366,549742
8742,03/16/2021,W,300583,158171,458754
8743,05/03/2002,W,1075694,606513,1682207
8744,09/19/2024,W,652616,478448,1131064
8745,01/28/2010,W,1002952,647250,1650202
8746,11/08/2022,W,445547,343165,788712
8747,05/04/2017,W,836436,770199,1606635
8748,05/18/2014,U,434998,382342,817340
8749,08/06/2022,A,302707,280369,583076
8750,02/04/2022,W,391793,263572,655365
8751,08/17/2016,W,759254,747942,1507196
8752,01/19/2012,W,983178,711259,1694437
8753,03/30/2017,W,756598,718864,1475462
8754,08/09/2004,W,866609,543743,1410352
8755,12/06/2009,U,461240,276654,737894
8756,01/12/2009,W,1009651,629944,1639595
8757,06/09/2018,A,464236,475218,939454
8758,02/19/2005,A,619586,308419,928005
8759,04/29/2018,U,354456,327855,682311
8760,09/01/2007,A,697334,412998,1110332
8761,02/09/2006,W,984574,635409,1619983
8762,05/24/2006,W,951852,631510,1583362
8763,11/23/2013,A,535573,513370,1048943
8764,05/19/2023,W,486435,337006,823441
8765,02/09/2020,U,310705,223411,534116
8766,09/03/2021,W,460822,332962,793784
8767,01/01/2025,U,225009,190989,415998
8768,01/02/2025,W,422094,279791,701885
8769,01/03/2025,W,431350,283675,715025
8770,01/04/2025,A,313164,211604,524768
8771,01/05/2025,U,239450,153014,392464
8772,01/06/2025,W,480075,318068,798143
8773,01/07/2025,W,539070,371290,910360
8774,01/08/2025,W,544855,373118,917973
8775,01/09/2025,W,550177,368934,919111
8776,01/10/2025,W,494608,312132,806740
8777,01/11/2025,A,341087,226653,567740
8778,01/12/2025,U,247097,163835,410932
8779,01/13/2025,W,520841,342573,863414
8780,01/14/2025,W,535915,381845,917760
8781,01/15/2025,W,548773,379995,928768
8782,01/16/2025,W,580058,395025,975083
8783,01/17/2025,W,566655,350717,917372
8784,01/18/2025,A,352875,235950,588825
8785,01/19/2025,U,220064,146185,366249
8786,01/20/2025,W,255814,164914,420728
8787,01/21/2025,W,294363,209433,503796
8788,01/22/2025,W,502247,348428,850675
8789,01/23/2025,W,560708,380982,941690
8790,01/24/2025,W,517992,316577,834569
8791,01/25/2025,A,353449,229265,582714
8792,01/26/2025,U,263357,167555,430912
8793,01/27/2025,W,557840,346652,904492
8794,01/28/2025,W,600629,398829,999458
8795,01/29/2025,W,600988,399561,1000549
8796,01/30/2025,W,597148,395576,992724
8797,01/31/2025,W,504505,309032,813537
8798,02/01/2025,A,375592,231851,607443
8799,02/02/2025,U,276799,172094,448893
8800,02/03/2025,W,561089,344871,905960
8801,02/04/2025,W,601920,397482,999402
8802,02/05/2025,W,588472,392240,980712
8803,02/06/2025,W,565576,380737,946313
8804,02/07/2025,W,568753,334477,903230
8805,02/08/2025,A,354675,225361,580036
8806,02/09/2025,U,283740,178617,462357
8807,02/10/2025,W,566314,340368,906682
8808,02/11/2025,W,602680,394158,996838
8809,02/12/2025,W,495987,323871,819858
8810,02/13/2025,W,561666,377046,938712
8811,02/14/2025,W,530108,327173,857281
8812,02/15/2025,A,354572,234600,589172
8813,02/16/2025,U,276210,177108,453318
8814,02/17/2025,W,368849,239262,608111
8815,02/18/2025,W,492897,326560,819457
8816,02/19/2025,W,550895,364221,915116
8817,02/20/2025,W,574080,380904,954984
8818,02/21/2025,W,553951,328596,882547
8819,02/22/2025,A,370787,234375,605162
8820,02/23/2025,U,281484,174047,455531
8821,02/24/2025,W,578860,353291,932151
8822,02/25/2025,W,575346,396347,971693
8823,02/26/2025,W,609866,397146,1007012
8824,02/27/2025,W,613402,402457,1015859
8825,02/28/2025,W,590955,352148,943103
8826,03/01/2025,A,380591,240413,621004
8827,03/02/2025,U,291627,180050,471677
8828,03/03/2025,W,578006,345594,923600
8829,03/04/2025,W,580293,390147,970440
8830,03/05/2025,W,603951,397881,1001832
8831,03/06/2025,W,619806,404819,1024625
8832,03/07/2025,W,555241,335864,891105
8833,03/08/2025,A,398766,258254,657020
8834,03/09/2025,U,302103,192874,494977
8835,03/10/2025,W,593786,371554,965340
8836,03/11/2025,W,626067,418826,1044893
8837,03/12/2025,W,633486,421745,1055231
8838,03/13/2025,W,632710,433941,1066651
8839,03/14/2025,W,610031,416441,1026472
8840,03/15/2025,A,419140,569090,988230
8841,03/16/2025,U,273811,212415,486226
8842,03/17/2025,W,592276,388387,980663
8843,03/18/2025,W,631010,433816,1064826
8844,03/19/2025,W,586106,410146,996252
8845,03/20/2025,W,597866,410831,1008697
8846,03/21/2025,W,586769,365803,952572
8847,03/22/2025,A,392188,269950,662138
8848,03/23/2025,U,273302,209303,482605
8849,03/24/2025,W,491872,320551,812423
8850,03/25/2025,W,537207,371997,909204
8851,03/26/2025,W,545509,373308,918817
8852,03/27/2025,W,523815,375538,899353
8853,03/28/2025,W,512649,339773,852422
8854,03/29/2025,A,387569,265050,652619
8855,03/30/2025,U,285253,189181,474434
8856,03/31/2025,W,522245,355008,877253
8857,04/01/2025,W,600564,408193,1008757
8858,04/02/2025,W,524319,376485,900804
8859,04/03/2025,W,660304,438577,1098881
8860,04/04/2025,W,604237,399136,1003373
8861,04/05/2025,A,411217,329910,741127
8862,04/06/2025,U,320063,229137,549200
8863,04/07/2025,W,577558,376220,953778
8864,04/08/2025,W,612600,431129,1043729
8865,04/09/2025,W,613773,423298,1037071
8866,04/10/2025,W,621071,426285,1047356
8867,04/11/2025,W,607742,388639,996381
8868,04/12/2025,A,417636,295686,713322
8869,04/13/2025,U,322033,227473,549506
8870,04/14/2025,W,601239,382752,983991
8871,04/15/2025,W,628715,431442,1060157
8872,04/16/2025,W,647017,439567,1086584
8873,04/17/2025,W,618797,438225,1057022
8874,04/18/2025,W,530317,379633,909950
8875,04/19/2025,A,398189,291288,689477
8876,04/20/2025,U,276828,192934,469762
8877,04/21/2025,W,563978,361549,925527
8878,04/22/2025,W,635896,449995,1085891
8879,04/23/2025,W,620545,448723,1069268
8880,04/24/2025,W,653241,448572,1101813
8881,04/25/2025,W,580882,400327,981209
8882,04/26/2025,A,428587,317347,745934
8883,04/27/2025,U,329874,245932,575806
8884,04/28/2025,W,604201,393731,997932
8885,04/29/2025,W,638090,439903,1077993
8886,04/30/2025,W,632346,435347,1067693
8887,05/01/2025,W,614811,437225,1052036
8888,05/02/2025,W,607226,387749,994975
8889,05/03/2025,A,420608,290233,710841
8890,05/04/2025,U,303496,206686,510182
8891,05/05/2025,W,589882,399546,989428
8892,05/06/2025,W,643704,461004,1104708
8893,05/07/2025,W,637290,458714,1096004
8894,05/08/2025,W,624984,445646,1070630
8895,05/09/2025,W,604932,396963,1001895
8896,05/10/2025,A,420315,296008,716323
8897,05/11/2025,U,314094,218681,532775
8898,05/12/2025,W,573953,389496,963449
8899,05/13/2025,W,620509,449177,1069686
8900,05/14/2025,W,629950,458800,1088750
8901,05/15/2025,W,616122,445308,1061430
8902,05/16/2025,W,592484,436029,1028513
8903,05/17/2025,A,414456,343401,757857
8904,05/18/2025,U,335172,284891,620063
8905,05/19/2025,W,573428,390230,963658
8906,05/20/2025,W,553818,404774,958592
8907,05/21/2025,W,599362,425319,1024681
8908,05/22/2025,W,608486,447897,1056383
8909,05/23/2025,W,586037,396204,982241
8910,05/24/2025,A,410761,342808,753569
8911,05/25/2025,U,331906,272960,604866
8912,05/26/2025,U,320282,242292,562574
8913,05/27/2025,W,593862,422731,1016593
8914,05/28/2025,W,587320,433959,1021279
8915,05/29/2025,W,615721,440293,1056014
8916,05/30/2025,W,591406,415802,1007208
8917,05/31/2025,A,421327,334489,755816
8918,06/01/2025,U,322578,268696,591274
8919,06/02/2025,W,584625,397717,982342
8920,06/03/2025,W,630210,448413,1078623
8921,06/04/2025,W,567567,422523,990090
8922,06/05/2025,W,621275,456561,1077836
8923,06/06/2025,W,585906,427847,1013753
8924,06/07/2025,A,431202,347676,778878
8925,06/08/2025,U,330390,266245,596635
8926,06/09/2025,W,563488,394008,957496
8927,06/10/2025,W,598056,460364,1058420
8928,06/11/2025,W,615905,457654,1073559
8929,06/12/2025,W,597722,483910,1081632
8930,06/13/2025,W,524099,424996,949095
8931,06/14/2025,A,410694,435787,846481
8932,06/15/2025,U,328845,273439,602284
8933,06/16/2025,W,527665,378666,906331
8934,06/17/2025,W,570086,464308,1034394
8935,06/18/2025,W,517630,417493,935123
8936,06/19/2025,W,494295,389226,883521
8937,06/20/2025,W,538237,427618,965855
8938,06/21/2025,A,413637,354634,768271
8939,06/22/2025,U,313881,266745,580626
8940,06/23/2025,W,503644,371307,874951
8941,06/24/2025,W,551167,423488,974655
8942,06/25/2025,W,571409,444413,1015822
8943,06/26/2025,W,561301,471300,1032601
8944,06/27/2025,W,543140,416639,959779
8945,06/28/2025,A,427366,337560,764926
8946,06/29/2025,U,316118,323242,639360
8947,06/30/2025,W,534839,376363,911202
8948,07/01/2025,W,602025,451361,1053386
8949,07/02/2025,W,578603,438612,1017215
8950,07/03/2025,W,553468,425260,978728
8951,07/04/2025,U,316641,277046,593687
8952,07/05/2025,A,371741,332533,704274
8953,07/06/2025,U,294228,264632,558860
8954,07/07/2025,W,539247,392503,931750
8955,07/08/2025,W,564820,436204,1001024
8956,07/09/2025,W,577539,439416,1016955
8957,07/10/2025,W,583325,447221,1030546
8958,07/11/2025,W,526443,400995,927438
8959,07/12/2025,A,422226,330530,752756
8960,07/13/2025,U,334662,261931,596593
8961,07/14/2025,W,544793,384117,928910
8962,07/15/2025,W,579537,439047,1018584
8963,07/16/2025,W,562232,432866,995098
8964,07/17/2025,W,573201,460177,1033378
8965,07/18/2025,W,559448,460345,1019793
8966,07/19/2025,A,394966,354215,749181
8967,07/20/2025,U,328751,293401,622152
8968,07/21/2025,W,518203,421916,940119
8969,07/22/2025,W,581470,479560,1061030
8970,07/23/2025,W,569940,467479,1037419
8971,07/24/2025,W,527958,425053,953011
8972,07/25/2025,W,509522,409303,918825
8973,07/26/2025,A,397737,363680,761417
8974,07/27/2025,U,326681,279111,605792
8975,07/28/2025,W,506057,379574,885631
8976,07/29/2025,W,557055,446674,1003729
8977,07/30/2025,W,537534,466281,1003815
8978,07/31/2025,W,567414,542673,1110087
8979,08/01/2025,W,579918,531060,1110978
8980,08/02/2025,A,440679,454540,895219
8981,08/03/2025,U,347538,369850,717388
8982,08/04/2025,W,549549,435744,985293
8983,08/05/2025,W,585862,472919,1058781
8984,08/06/2025,W,585476,470977,1056453
8985,08/07/2025,W,580914,454251,1035165
8986,08/08/2025,W,548414,417744,966158
8987,08/09/2025,A,425825,341354,767179
8988,08/10/2025,U,338295,274110,612405
8989,08/11/2025,W,532546,388290,920836
8990,08/12/2025,W,526488,417628,944116
8991,08/13/2025,W,592948,445008,1037956
8992,08/14/2025,W,584878,442877,1027755
8993,08/15/2025,W,559089,451082,1010171
8994,08/16/2025,A,413454,376304,789758
8995,08/17/2025,U,344058,310718,654776
8996,08/18/2025,W,524954,401101,926055
8997,08/19/2025,W,610398,471272,1081670
8998,08/20/2025,W,630143,472073,1102216
8999,08/21/2025,W,628924,481244,1110168
9000,08/22/2025,W,596734,415337,1012071
9001,08/23/2025,A,427579,332193,759772
9002,08/24/2025,U,335939,264740,600679
9003,08/25/2025,W,609351,406937,1016288
9004,08/26/2025,W,645971,465834,1111805
9005,08/27/2025,W,653421,473422,1126843
9006,08/28/2025,W,642222,520735,1162957
9007,08/29/2025,W,630115,476265,1106380
9008,08/30/2025,A,432214,391010,823224
9009,08/31/2025,U,360093,343458,703551
9010,09/01/2025,U,344866,293766,638632
9011,09/02/2025,W,650054,470795,1120849
9012,09/03/2025,W,658938,472114,1131052
9013,09/04/2025,W,665448,474384,1139832
9014,09/05/2025,W,629854,458538,1088392
9015,09/06/2025,A,419986,375070,795056
9016,09/07/2025,U,333061,293278,626339
9017,09/08/2025,W,617419,429504,1046923
9018,09/09/2025,W,651576,473953,1125529
9019,09/10/2025,W,657858,484323,1142181
9020,09/11/2025,W,648548,489005,1137553
9021,09/12/2025,W,620797,451758,1072555
9022,09/13/2025,A,387975,325790,713765
9023,09/14/2025,U,331118,270547,601665
9024,09/15/2025,W,616320,435277,1051597
9025,09/16/2025,W,651990,484965,1136955
9026,09/17/2025,W,662489,489466,1151955
9027,09/18/2025,W,658272,500862,1159134
9028,09/19/2025,W,622912,473083,1095995
9029,09/20/2025,A,414969,354575,769544
9030,09/21/2025,U,331250,284243,615493
9031,09/22/2025,W,613704,432361,1046065
9032,09/23/2025,W,634442,487614,1122056
9033,09/24/2025,W,660516,501545,1162061
9034,09/25/2025,W,654827,519555,1174382
9035,09/26/2025,W,580438,452496,1032934
9036,09/27/2025,A,426711,359880,786591
9037,09/28/2025,U,328502,273175,601677
9038,09/29/2025,W,600769,423348,1024117
9039,09/30/2025,W,645289,497543,1142832
9040,11/01/2025,A,390311,320419,710730
9041,11/02/2025,U,307391,255086,562477
9042,11/03/2025,W,611374,409741,1021115
9043,11/04/2025,W,633899,454710,1088609
9044,11/05/2025,W,634148,456081,1090229
9045,11/06/2025,W,625599,460723,1086322
9046,11/07/2025,W,600327,420110,1020437
9047,11/08/2025,A,377571,298153,675724
9048,11/09/2025,U,275389,215220,490609
9049,11/10/2025,W,504454,368436,872890
9050,11/11/2025,W,490521,387713,878234
9051,11/12/2025,W,627176,463700,1090876
9052,11/13/2025,W,627045,466346,1093391
9053,11/14/2025,W,593553,416539,1010092
9054,11/15/2025,A,410263,347052,757315
9055,11/16/2025,U,305961,228440,534401
9056,11/17/2025,W,585326,406383,991709
9057,11/18/2025,W,602876,454166,1057042
9058,11/19/2025,W,634281,458463,1092744
9059,11/20/2025,W,628172,457368,1085540
9060,11/21/2025,W,592327,457006,1049333
9061,11/22/2025,A,380023,356463,736486
9062,11/23/2025,U,311954,241793,553747
9063,11/24/2025,W,522561,373147,895708
9064,11/25/2025,W,527126,378692,905818
9065,11/26/2025,W,438551,301379,739930
9066,11/27/2025,U,181164,128476,309640
9067,11/28/2025,W,347522,242928,590450
9068,11/29/2025,A,249450,206685,456135
9069,11/30/2025,U,247697,185249,432946
9070,10/01/2025,W,673048,503729,1176777
9071,10/02/2025,W,647059,493521,1140580
9072,10/03/2025,W,628219,428582,1056801
9073,10/04/2025,A,426695,330780,757475
9074,10/05/2025,U,330030,256462,586492
9075,10/06/2025,W,599924,413206,1013130
9076,10/07/2025,W,620211,459544,1079755
9077,10/08/2025,W,659843,508974,1168817
9078,10/09/2025,W,656173,529239,1185412
9079,10/10/2025,W,619786,477092,1096878
9080,10/11/2025,A,422782,403058,825840
9081,10/12/2025,U,283480,542446,825926
9082,10/13/2025,W,487268,405396,892664
9083,10/14/2025,W,650249,487076,1137325
9084,10/15/2025,W,628961,476877,1105838
9085,10/16/2025,W,649973,492753,1142726
9086,10/17/2025,W,604836,439123,1043959
9087,10/18/2025,A,381265,446627,827892
9088,10/19/2025,U,307844,247440,555284
9089,10/20/2025,W,601831,422565,1024396
9090,10/21/2025,W,615975,466037,1082012
9091,10/22/2025,W,618604,463852,1082456
9092,10/23/2025,W,623695,474742,1098437
9093,10/24/2025,W,586550,415854,1002404
9094,10/25/2025,A,399015,284862,683877
9095,10/26/2025,U,322688,217607,540295
9096,10/27/2025,W,550654,396777,947431
9097,10/28/2025,W,638531,464085,1102616
9098,10/29/2025,W,645197,467094,1112291
9099,10/30/2025,W,645207,476146,1121353
9100,10/31/2025,W,601396,432500,1033896
